registry,country,report_year,data_period,table_key,table_id,procedure,pdf_file,pdf_page,source,verification,row_type,stratum_label,design_group,design_subgroup,implant_class,fixation,compartment,constraint,bearing,sex,age_group,age_group_raw,procedure_period,period_start,period_end,diagnosis,n_total,n_revised,time_yr,estimate,lcl,ucl,n_at_risk,value_status,low_at_risk,metric_type,metric_method,ci_level,population,row_flags
AOANJRR,Australia,2025,1999-09-01 to 2024-12-31,uka_casemix_sex_age,KP22,UKA,AOANJRR Full Report 2025.pdf,434,pdf_text,not_needed,subtotal,Male,,,,,,,,Male,,,,,,,28369,2509,1,1.8,1.7,2.0,,ok,False,cumulative_percent_revision,"Kaplan-Meier (1-KM), percent",0.95,"Primary UKA, primary diagnosis OA, modern prostheses",
AOANJRR,Australia,2025,1999-09-01 to 2024-12-31,uka_casemix_sex_age,KP22,UKA,AOANJRR Full Report 2025.pdf,434,pdf_text,not_needed,subtotal,Male,,,,,,,,Male,,,,,,,28369,2509,3,4.1,3.9,4.4,,ok,False,cumulative_percent_revision,"Kaplan-Meier (1-KM), percent",0.95,"Primary UKA, primary diagnosis OA, modern prostheses",
AOANJRR,Australia,2025,1999-09-01 to 2024-12-31,uka_casemix_sex_age,KP22,UKA,AOANJRR Full Report 2025.pdf,434,pdf_text,not_needed,subtotal,Male,,,,,,,,Male,,,,,,,28369,2509,5,5.6,5.3,5.9,,ok,False,cumulative_percent_revision,"Kaplan-Meier (1-KM), percent",0.95,"Primary UKA, primary diagnosis OA, modern prostheses",
AOANJRR,Australia,2025,1999-09-01 to 2024-12-31,uka_casemix_sex_age,KP22,UKA,AOANJRR Full Report 2025.pdf,434,pdf_text,not_needed,subtotal,Male,,,,,,,,Male,,,,,,,28369,2509,10,10.2,9.7,10.7,,ok,False,cumulative_percent_revision,"Kaplan-Meier (1-KM), percent",0.95,"Primary UKA, primary diagnosis OA, modern prostheses",
AOANJRR,Australia,2025,1999-09-01 to 2024-12-31,uka_casemix_sex_age,KP22,UKA,AOANJRR Full Report 2025.pdf,434,pdf_text,not_needed,subtotal,Male,,,,,,,,Male,,,,,,,28369,2509,15,16.5,15.7,17.3,,ok,False,cumulative_percent_revision,"Kaplan-Meier (1-KM), percent",0.95,"Primary UKA, primary diagnosis OA, modern prostheses",
AOANJRR,Australia,2025,1999-09-01 to 2024-12-31,uka_casemix_sex_age,KP22,UKA,AOANJRR Full Report 2025.pdf,434,pdf_text,not_needed,subtotal,Male,,,,,,,,Male,,,,,,,28369,2509,20,25.7,24.3,27.3,,ok,False,cumulative_percent_revision,"Kaplan-Meier (1-KM), percent",0.95,"Primary UKA, primary diagnosis OA, modern prostheses",
AOANJRR,Australia,2025,1999-09-01 to 2024-12-31,uka_casemix_sex_age,KP22,UKA,AOANJRR Full Report 2025.pdf,434,pdf_text,not_needed,stratum,Male,,,,,,,,Male,<55,<55,,,,,3186,488,1,2.7,2.2,3.3,,ok,False,cumulative_percent_revision,"Kaplan-Meier (1-KM), percent",0.95,"Primary UKA, primary diagnosis OA, modern prostheses",sex_filled_down
AOANJRR,Australia,2025,1999-09-01 to 2024-12-31,uka_casemix_sex_age,KP22,UKA,AOANJRR Full Report 2025.pdf,434,pdf_text,not_needed,stratum,Male,,,,,,,,Male,<55,<55,,,,,3186,488,3,6.3,5.5,7.3,,ok,False,cumulative_percent_revision,"Kaplan-Meier (1-KM), percent",0.95,"Primary UKA, primary diagnosis OA, modern prostheses",sex_filled_down
AOANJRR,Australia,2025,1999-09-01 to 2024-12-31,uka_casemix_sex_age,KP22,UKA,AOANJRR Full Report 2025.pdf,434,pdf_text,not_needed,stratum,Male,,,,,,,,Male,<55,<55,,,,,3186,488,5,8.5,7.5,9.7,,ok,False,cumulative_percent_revision,"Kaplan-Meier (1-KM), percent",0.95,"Primary UKA, primary diagnosis OA, modern prostheses",sex_filled_down
AOANJRR,Australia,2025,1999-09-01 to 2024-12-31,uka_casemix_sex_age,KP22,UKA,AOANJRR Full Report 2025.pdf,434,pdf_text,not_needed,stratum,Male,,,,,,,,Male,<55,<55,,,,,3186,488,10,16.5,14.8,18.3,,ok,False,cumulative_percent_revision,"Kaplan-Meier (1-KM), percent",0.95,"Primary UKA, primary diagnosis OA, modern prostheses",sex_filled_down
AOANJRR,Australia,2025,1999-09-01 to 2024-12-31,uka_casemix_sex_age,KP22,UKA,AOANJRR Full Report 2025.pdf,434,pdf_text,not_needed,stratum,Male,,,,,,,,Male,<55,<55,,,,,3186,488,15,26.5,24.0,29.3,,ok,False,cumulative_percent_revision,"Kaplan-Meier (1-KM), percent",0.95,"Primary UKA, primary diagnosis OA, modern prostheses",sex_filled_down
AOANJRR,Australia,2025,1999-09-01 to 2024-12-31,uka_casemix_sex_age,KP22,UKA,AOANJRR Full Report 2025.pdf,434,pdf_text,not_needed,stratum,Male,,,,,,,,Male,<55,<55,,,,,3186,488,20,40.7,36.5,45.2,,ok,False,cumulative_percent_revision,"Kaplan-Meier (1-KM), percent",0.95,"Primary UKA, primary diagnosis OA, modern prostheses",sex_filled_down
AOANJRR,Australia,2025,1999-09-01 to 2024-12-31,uka_casemix_sex_age,KP22,UKA,AOANJRR Full Report 2025.pdf,434,pdf_text,not_needed,stratum,Male,,,,,,,,Male,55-64,55-64,,,,,9346,1031,1,1.9,1.6,2.2,,ok,False,cumulative_percent_revision,"Kaplan-Meier (1-KM), percent",0.95,"Primary UKA, primary diagnosis OA, modern prostheses",sex_filled_down
AOANJRR,Australia,2025,1999-09-01 to 2024-12-31,uka_casemix_sex_age,KP22,UKA,AOANJRR Full Report 2025.pdf,434,pdf_text,not_needed,stratum,Male,,,,,,,,Male,55-64,55-64,,,,,9346,1031,3,4.4,3.9,4.8,,ok,False,cumulative_percent_revision,"Kaplan-Meier (1-KM), percent",0.95,"Primary UKA, primary diagnosis OA, modern prostheses",sex_filled_down
AOANJRR,Australia,2025,1999-09-01 to 2024-12-31,uka_casemix_sex_age,KP22,UKA,AOANJRR Full Report 2025.pdf,434,pdf_text,not_needed,stratum,Male,,,,,,,,Male,55-64,55-64,,,,,9346,1031,5,6.1,5.6,6.7,,ok,False,cumulative_percent_revision,"Kaplan-Meier (1-KM), percent",0.95,"Primary UKA, primary diagnosis OA, modern prostheses",sex_filled_down
AOANJRR,Australia,2025,1999-09-01 to 2024-12-31,uka_casemix_sex_age,KP22,UKA,AOANJRR Full Report 2025.pdf,434,pdf_text,not_needed,stratum,Male,,,,,,,,Male,55-64,55-64,,,,,9346,1031,10,11.2,10.5,12.1,,ok,False,cumulative_percent_revision,"Kaplan-Meier (1-KM), percent",0.95,"Primary UKA, primary diagnosis OA, modern prostheses",sex_filled_down
AOANJRR,Australia,2025,1999-09-01 to 2024-12-31,uka_casemix_sex_age,KP22,UKA,AOANJRR Full Report 2025.pdf,434,pdf_text,not_needed,stratum,Male,,,,,,,,Male,55-64,55-64,,,,,9346,1031,15,18.8,17.5,20.1,,ok,False,cumulative_percent_revision,"Kaplan-Meier (1-KM), percent",0.95,"Primary UKA, primary diagnosis OA, modern prostheses",sex_filled_down
AOANJRR,Australia,2025,1999-09-01 to 2024-12-31,uka_casemix_sex_age,KP22,UKA,AOANJRR Full Report 2025.pdf,434,pdf_text,not_needed,stratum,Male,,,,,,,,Male,55-64,55-64,,,,,9346,1031,20,29.5,27.3,31.9,,ok,False,cumulative_percent_revision,"Kaplan-Meier (1-KM), percent",0.95,"Primary UKA, primary diagnosis OA, modern prostheses",sex_filled_down
AOANJRR,Australia,2025,1999-09-01 to 2024-12-31,uka_casemix_sex_age,KP22,UKA,AOANJRR Full Report 2025.pdf,434,pdf_text,not_needed,stratum,Male,,,,,,,,Male,65-74,65-74,,,,,10281,747,1,1.6,1.3,1.8,,ok,False,cumulative_percent_revision,"Kaplan-Meier (1-KM), percent",0.95,"Primary UKA, primary diagnosis OA, modern prostheses",sex_filled_down
AOANJRR,Australia,2025,1999-09-01 to 2024-12-31,uka_casemix_sex_age,KP22,UKA,AOANJRR Full Report 2025.pdf,434,pdf_text,not_needed,stratum,Male,,,,,,,,Male,65-74,65-74,,,,,10281,747,3,3.6,3.2,4.0,,ok,False,cumulative_percent_revision,"Kaplan-Meier (1-KM), percent",0.95,"Primary UKA, primary diagnosis OA, modern prostheses",sex_filled_down
AOANJRR,Australia,2025,1999-09-01 to 2024-12-31,uka_casemix_sex_age,KP22,UKA,AOANJRR Full Report 2025.pdf,434,pdf_text,not_needed,stratum,Male,,,,,,,,Male,65-74,65-74,,,,,10281,747,5,4.9,4.4,5.4,,ok,False,cumulative_percent_revision,"Kaplan-Meier (1-KM), percent",0.95,"Primary UKA, primary diagnosis OA, modern prostheses",sex_filled_down
AOANJRR,Australia,2025,1999-09-01 to 2024-12-31,uka_casemix_sex_age,KP22,UKA,AOANJRR Full Report 2025.pdf,434,pdf_text,not_needed,stratum,Male,,,,,,,,Male,65-74,65-74,,,,,10281,747,10,8.9,8.2,9.7,,ok,False,cumulative_percent_revision,"Kaplan-Meier (1-KM), percent",0.95,"Primary UKA, primary diagnosis OA, modern prostheses",sex_filled_down
AOANJRR,Australia,2025,1999-09-01 to 2024-12-31,uka_casemix_sex_age,KP22,UKA,AOANJRR Full Report 2025.pdf,434,pdf_text,not_needed,stratum,Male,,,,,,,,Male,65-74,65-74,,,,,10281,747,15,13.7,12.6,14.9,,ok,False,cumulative_percent_revision,"Kaplan-Meier (1-KM), percent",0.95,"Primary UKA, primary diagnosis OA, modern prostheses",sex_filled_down
AOANJRR,Australia,2025,1999-09-01 to 2024-12-31,uka_casemix_sex_age,KP22,UKA,AOANJRR Full Report 2025.pdf,434,pdf_text,not_needed,stratum,Male,,,,,,,,Male,65-74,65-74,,,,,10281,747,20,18.9,16.9,21.1,,ok,False,cumulative_percent_revision,"Kaplan-Meier (1-KM), percent",0.95,"Primary UKA, primary diagnosis OA, modern prostheses",sex_filled_down
AOANJRR,Australia,2025,1999-09-01 to 2024-12-31,uka_casemix_sex_age,KP22,UKA,AOANJRR Full Report 2025.pdf,434,pdf_text,not_needed,stratum,Male,,,,,,,,Male,>=75,≥75,,,,,5556,243,1,1.7,1.4,2.1,,ok,False,cumulative_percent_revision,"Kaplan-Meier (1-KM), percent",0.95,"Primary UKA, primary diagnosis OA, modern prostheses",sex_filled_down
AOANJRR,Australia,2025,1999-09-01 to 2024-12-31,uka_casemix_sex_age,KP22,UKA,AOANJRR Full Report 2025.pdf,434,pdf_text,not_needed,stratum,Male,,,,,,,,Male,>=75,≥75,,,,,5556,243,3,3.3,2.8,3.8,,ok,False,cumulative_percent_revision,"Kaplan-Meier (1-KM), percent",0.95,"Primary UKA, primary diagnosis OA, modern prostheses",sex_filled_down
AOANJRR,Australia,2025,1999-09-01 to 2024-12-31,uka_casemix_sex_age,KP22,UKA,AOANJRR Full Report 2025.pdf,434,pdf_text,not_needed,stratum,Male,,,,,,,,Male,>=75,≥75,,,,,5556,243,5,4.1,3.5,4.7,,ok,False,cumulative_percent_revision,"Kaplan-Meier (1-KM), percent",0.95,"Primary UKA, primary diagnosis OA, modern prostheses",sex_filled_down
AOANJRR,Australia,2025,1999-09-01 to 2024-12-31,uka_casemix_sex_age,KP22,UKA,AOANJRR Full Report 2025.pdf,434,pdf_text,not_needed,stratum,Male,,,,,,,,Male,>=75,≥75,,,,,5556,243,10,6.4,5.6,7.3,,ok,False,cumulative_percent_revision,"Kaplan-Meier (1-KM), percent",0.95,"Primary UKA, primary diagnosis OA, modern prostheses",sex_filled_down
AOANJRR,Australia,2025,1999-09-01 to 2024-12-31,uka_casemix_sex_age,KP22,UKA,AOANJRR Full Report 2025.pdf,434,pdf_text,not_needed,stratum,Male,,,,,,,,Male,>=75,≥75,,,,,5556,243,15,7.6,6.4,8.9,,ok,False,cumulative_percent_revision,"Kaplan-Meier (1-KM), percent",0.95,"Primary UKA, primary diagnosis OA, modern prostheses",sex_filled_down
AOANJRR,Australia,2025,1999-09-01 to 2024-12-31,uka_casemix_sex_age,KP22,UKA,AOANJRR Full Report 2025.pdf,434,pdf_text,not_needed,stratum,Male,,,,,,,,Male,>=75,≥75,,,,,5556,243,20,,,,,blank,False,cumulative_percent_revision,"Kaplan-Meier (1-KM), percent",0.95,"Primary UKA, primary diagnosis OA, modern prostheses",sex_filled_down
AOANJRR,Australia,2025,1999-09-01 to 2024-12-31,uka_casemix_sex_age,KP22,UKA,AOANJRR Full Report 2025.pdf,434,pdf_text,not_needed,subtotal,Female,,,,,,,,Female,,,,,,,22112,2697,1,2.0,1.8,2.1,,ok,False,cumulative_percent_revision,"Kaplan-Meier (1-KM), percent",0.95,"Primary UKA, primary diagnosis OA, modern prostheses",
AOANJRR,Australia,2025,1999-09-01 to 2024-12-31,uka_casemix_sex_age,KP22,UKA,AOANJRR Full Report 2025.pdf,434,pdf_text,not_needed,subtotal,Female,,,,,,,,Female,,,,,,,22112,2697,3,4.8,4.5,5.1,,ok,False,cumulative_percent_revision,"Kaplan-Meier (1-KM), percent",0.95,"Primary UKA, primary diagnosis OA, modern prostheses",
AOANJRR,Australia,2025,1999-09-01 to 2024-12-31,uka_casemix_sex_age,KP22,UKA,AOANJRR Full Report 2025.pdf,434,pdf_text,not_needed,subtotal,Female,,,,,,,,Female,,,,,,,22112,2697,5,6.8,6.4,7.1,,ok,False,cumulative_percent_revision,"Kaplan-Meier (1-KM), percent",0.95,"Primary UKA, primary diagnosis OA, modern prostheses",
AOANJRR,Australia,2025,1999-09-01 to 2024-12-31,uka_casemix_sex_age,KP22,UKA,AOANJRR Full Report 2025.pdf,434,pdf_text,not_needed,subtotal,Female,,,,,,,,Female,,,,,,,22112,2697,10,12.5,12.0,13.1,,ok,False,cumulative_percent_revision,"Kaplan-Meier (1-KM), percent",0.95,"Primary UKA, primary diagnosis OA, modern prostheses",
AOANJRR,Australia,2025,1999-09-01 to 2024-12-31,uka_casemix_sex_age,KP22,UKA,AOANJRR Full Report 2025.pdf,434,pdf_text,not_needed,subtotal,Female,,,,,,,,Female,,,,,,,22112,2697,15,20.0,19.2,20.9,,ok,False,cumulative_percent_revision,"Kaplan-Meier (1-KM), percent",0.95,"Primary UKA, primary diagnosis OA, modern prostheses",
AOANJRR,Australia,2025,1999-09-01 to 2024-12-31,uka_casemix_sex_age,KP22,UKA,AOANJRR Full Report 2025.pdf,434,pdf_text,not_needed,subtotal,Female,,,,,,,,Female,,,,,,,22112,2697,20,27.8,26.5,29.1,,ok,False,cumulative_percent_revision,"Kaplan-Meier (1-KM), percent",0.95,"Primary UKA, primary diagnosis OA, modern prostheses",
AOANJRR,Australia,2025,1999-09-01 to 2024-12-31,uka_casemix_sex_age,KP22,UKA,AOANJRR Full Report 2025.pdf,434,pdf_text,not_needed,stratum,Female,,,,,,,,Female,<55,<55,,,,,3396,631,1,2.6,2.1,3.2,,ok,False,cumulative_percent_revision,"Kaplan-Meier (1-KM), percent",0.95,"Primary UKA, primary diagnosis OA, modern prostheses",sex_filled_down
AOANJRR,Australia,2025,1999-09-01 to 2024-12-31,uka_casemix_sex_age,KP22,UKA,AOANJRR Full Report 2025.pdf,434,pdf_text,not_needed,stratum,Female,,,,,,,,Female,<55,<55,,,,,3396,631,3,7.1,6.3,8.1,,ok,False,cumulative_percent_revision,"Kaplan-Meier (1-KM), percent",0.95,"Primary UKA, primary diagnosis OA, modern prostheses",sex_filled_down
AOANJRR,Australia,2025,1999-09-01 to 2024-12-31,uka_casemix_sex_age,KP22,UKA,AOANJRR Full Report 2025.pdf,434,pdf_text,not_needed,stratum,Female,,,,,,,,Female,<55,<55,,,,,3396,631,5,10.0,8.9,11.1,,ok,False,cumulative_percent_revision,"Kaplan-Meier (1-KM), percent",0.95,"Primary UKA, primary diagnosis OA, modern prostheses",sex_filled_down
AOANJRR,Australia,2025,1999-09-01 to 2024-12-31,uka_casemix_sex_age,KP22,UKA,AOANJRR Full Report 2025.pdf,434,pdf_text,not_needed,stratum,Female,,,,,,,,Female,<55,<55,,,,,3396,631,10,17.2,15.7,18.8,,ok,False,cumulative_percent_revision,"Kaplan-Meier (1-KM), percent",0.95,"Primary UKA, primary diagnosis OA, modern prostheses",sex_filled_down
AOANJRR,Australia,2025,1999-09-01 to 2024-12-31,uka_casemix_sex_age,KP22,UKA,AOANJRR Full Report 2025.pdf,434,pdf_text,not_needed,stratum,Female,,,,,,,,Female,<55,<55,,,,,3396,631,15,27.0,24.9,29.2,,ok,False,cumulative_percent_revision,"Kaplan-Meier (1-KM), percent",0.95,"Primary UKA, primary diagnosis OA, modern prostheses",sex_filled_down
AOANJRR,Australia,2025,1999-09-01 to 2024-12-31,uka_casemix_sex_age,KP22,UKA,AOANJRR Full Report 2025.pdf,434,pdf_text,not_needed,stratum,Female,,,,,,,,Female,<55,<55,,,,,3396,631,20,38.3,35.2,41.6,,ok,False,cumulative_percent_revision,"Kaplan-Meier (1-KM), percent",0.95,"Primary UKA, primary diagnosis OA, modern prostheses",sex_filled_down
AOANJRR,Australia,2025,1999-09-01 to 2024-12-31,uka_casemix_sex_age,KP22,UKA,AOANJRR Full Report 2025.pdf,434,pdf_text,not_needed,stratum,Female,,,,,,,,Female,55-64,55-64,,,,,7148,1024,1,1.9,1.6,2.2,,ok,False,cumulative_percent_revision,"Kaplan-Meier (1-KM), percent",0.95,"Primary UKA, primary diagnosis OA, modern prostheses",sex_filled_down
AOANJRR,Australia,2025,1999-09-01 to 2024-12-31,uka_casemix_sex_age,KP22,UKA,AOANJRR Full Report 2025.pdf,434,pdf_text,not_needed,stratum,Female,,,,,,,,Female,55-64,55-64,,,,,7148,1024,3,4.9,4.4,5.5,,ok,False,cumulative_percent_revision,"Kaplan-Meier (1-KM), percent",0.95,"Primary UKA, primary diagnosis OA, modern prostheses",sex_filled_down
AOANJRR,Australia,2025,1999-09-01 to 2024-12-31,uka_casemix_sex_age,KP22,UKA,AOANJRR Full Report 2025.pdf,434,pdf_text,not_needed,stratum,Female,,,,,,,,Female,55-64,55-64,,,,,7148,1024,5,7.2,6.6,7.9,,ok,False,cumulative_percent_revision,"Kaplan-Meier (1-KM), percent",0.95,"Primary UKA, primary diagnosis OA, modern prostheses",sex_filled_down
AOANJRR,Australia,2025,1999-09-01 to 2024-12-31,uka_casemix_sex_age,KP22,UKA,AOANJRR Full Report 2025.pdf,434,pdf_text,not_needed,stratum,Female,,,,,,,,Female,55-64,55-64,,,,,7148,1024,10,12.6,11.7,13.6,,ok,False,cumulative_percent_revision,"Kaplan-Meier (1-KM), percent",0.95,"Primary UKA, primary diagnosis OA, modern prostheses",sex_filled_down
AOANJRR,Australia,2025,1999-09-01 to 2024-12-31,uka_casemix_sex_age,KP22,UKA,AOANJRR Full Report 2025.pdf,434,pdf_text,not_needed,stratum,Female,,,,,,,,Female,55-64,55-64,,,,,7148,1024,15,21.9,20.5,23.3,,ok,False,cumulative_percent_revision,"Kaplan-Meier (1-KM), percent",0.95,"Primary UKA, primary diagnosis OA, modern prostheses",sex_filled_down
AOANJRR,Australia,2025,1999-09-01 to 2024-12-31,uka_casemix_sex_age,KP22,UKA,AOANJRR Full Report 2025.pdf,434,pdf_text,not_needed,stratum,Female,,,,,,,,Female,55-64,55-64,,,,,7148,1024,20,31.2,29.1,33.4,,ok,False,cumulative_percent_revision,"Kaplan-Meier (1-KM), percent",0.95,"Primary UKA, primary diagnosis OA, modern prostheses",sex_filled_down
AOANJRR,Australia,2025,1999-09-01 to 2024-12-31,uka_casemix_sex_age,KP22,UKA,AOANJRR Full Report 2025.pdf,434,pdf_text,not_needed,stratum,Female,,,,,,,,Female,65-74,65-74,,,,,7370,785,1,1.8,1.5,2.1,,ok,False,cumulative_percent_revision,"Kaplan-Meier (1-KM), percent",0.95,"Primary UKA, primary diagnosis OA, modern prostheses",sex_filled_down
AOANJRR,Australia,2025,1999-09-01 to 2024-12-31,uka_casemix_sex_age,KP22,UKA,AOANJRR Full Report 2025.pdf,434,pdf_text,not_needed,stratum,Female,,,,,,,,Female,65-74,65-74,,,,,7370,785,3,4.1,3.7,4.6,,ok,False,cumulative_percent_revision,"Kaplan-Meier (1-KM), percent",0.95,"Primary UKA, primary diagnosis OA, modern prostheses",sex_filled_down
AOANJRR,Australia,2025,1999-09-01 to 2024-12-31,uka_casemix_sex_age,KP22,UKA,AOANJRR Full Report 2025.pdf,434,pdf_text,not_needed,stratum,Female,,,,,,,,Female,65-74,65-74,,,,,7370,785,5,5.9,5.3,6.5,,ok,False,cumulative_percent_revision,"Kaplan-Meier (1-KM), percent",0.95,"Primary UKA, primary diagnosis OA, modern prostheses",sex_filled_down
AOANJRR,Australia,2025,1999-09-01 to 2024-12-31,uka_casemix_sex_age,KP22,UKA,AOANJRR Full Report 2025.pdf,434,pdf_text,not_needed,stratum,Female,,,,,,,,Female,65-74,65-74,,,,,7370,785,10,12.3,11.3,13.3,,ok,False,cumulative_percent_revision,"Kaplan-Meier (1-KM), percent",0.95,"Primary UKA, primary diagnosis OA, modern prostheses",sex_filled_down
AOANJRR,Australia,2025,1999-09-01 to 2024-12-31,uka_casemix_sex_age,KP22,UKA,AOANJRR Full Report 2025.pdf,434,pdf_text,not_needed,stratum,Female,,,,,,,,Female,65-74,65-74,,,,,7370,785,15,18.5,17.2,19.9,,ok,False,cumulative_percent_revision,"Kaplan-Meier (1-KM), percent",0.95,"Primary UKA, primary diagnosis OA, modern prostheses",sex_filled_down
AOANJRR,Australia,2025,1999-09-01 to 2024-12-31,uka_casemix_sex_age,KP22,UKA,AOANJRR Full Report 2025.pdf,434,pdf_text,not_needed,stratum,Female,,,,,,,,Female,65-74,65-74,,,,,7370,785,20,22.9,21.0,24.9,,ok,False,cumulative_percent_revision,"Kaplan-Meier (1-KM), percent",0.95,"Primary UKA, primary diagnosis OA, modern prostheses",sex_filled_down
AOANJRR,Australia,2025,1999-09-01 to 2024-12-31,uka_casemix_sex_age,KP22,UKA,AOANJRR Full Report 2025.pdf,434,pdf_text,not_needed,stratum,Female,,,,,,,,Female,>=75,≥75,,,,,4198,257,1,1.9,1.5,2.3,,ok,False,cumulative_percent_revision,"Kaplan-Meier (1-KM), percent",0.95,"Primary UKA, primary diagnosis OA, modern prostheses",sex_filled_down
AOANJRR,Australia,2025,1999-09-01 to 2024-12-31,uka_casemix_sex_age,KP22,UKA,AOANJRR Full Report 2025.pdf,434,pdf_text,not_needed,stratum,Female,,,,,,,,Female,>=75,≥75,,,,,4198,257,3,3.6,3.1,4.3,,ok,False,cumulative_percent_revision,"Kaplan-Meier (1-KM), percent",0.95,"Primary UKA, primary diagnosis OA, modern prostheses",sex_filled_down
AOANJRR,Australia,2025,1999-09-01 to 2024-12-31,uka_casemix_sex_age,KP22,UKA,AOANJRR Full Report 2025.pdf,434,pdf_text,not_needed,stratum,Female,,,,,,,,Female,>=75,≥75,,,,,4198,257,5,4.9,4.2,5.7,,ok,False,cumulative_percent_revision,"Kaplan-Meier (1-KM), percent",0.95,"Primary UKA, primary diagnosis OA, modern prostheses",sex_filled_down
AOANJRR,Australia,2025,1999-09-01 to 2024-12-31,uka_casemix_sex_age,KP22,UKA,AOANJRR Full Report 2025.pdf,434,pdf_text,not_needed,stratum,Female,,,,,,,,Female,>=75,≥75,,,,,4198,257,10,8.6,7.5,9.8,,ok,False,cumulative_percent_revision,"Kaplan-Meier (1-KM), percent",0.95,"Primary UKA, primary diagnosis OA, modern prostheses",sex_filled_down
AOANJRR,Australia,2025,1999-09-01 to 2024-12-31,uka_casemix_sex_age,KP22,UKA,AOANJRR Full Report 2025.pdf,434,pdf_text,not_needed,stratum,Female,,,,,,,,Female,>=75,≥75,,,,,4198,257,15,9.8,8.5,11.2,,ok,False,cumulative_percent_revision,"Kaplan-Meier (1-KM), percent",0.95,"Primary UKA, primary diagnosis OA, modern prostheses",sex_filled_down
AOANJRR,Australia,2025,1999-09-01 to 2024-12-31,uka_casemix_sex_age,KP22,UKA,AOANJRR Full Report 2025.pdf,434,pdf_text,not_needed,stratum,Female,,,,,,,,Female,>=75,≥75,,,,,4198,257,20,11.2,9.2,13.6,,ok,False,cumulative_percent_revision,"Kaplan-Meier (1-KM), percent",0.95,"Primary UKA, primary diagnosis OA, modern prostheses",sex_filled_down
AOANJRR,Australia,2025,1999-09-01 to 2024-12-31,uka_casemix_sex_age,KP22,UKA,AOANJRR Full Report 2025.pdf,434,pdf_text,not_needed,total,TOTAL,,,,,,,,,,,,,,,50481,5206,1,,,,,blank,False,cumulative_percent_revision,"Kaplan-Meier (1-KM), percent",0.95,"Primary UKA, primary diagnosis OA, modern prostheses",
AOANJRR,Australia,2025,1999-09-01 to 2024-12-31,uka_casemix_sex_age,KP22,UKA,AOANJRR Full Report 2025.pdf,434,pdf_text,not_needed,total,TOTAL,,,,,,,,,,,,,,,50481,5206,3,,,,,blank,False,cumulative_percent_revision,"Kaplan-Meier (1-KM), percent",0.95,"Primary UKA, primary diagnosis OA, modern prostheses",
AOANJRR,Australia,2025,1999-09-01 to 2024-12-31,uka_casemix_sex_age,KP22,UKA,AOANJRR Full Report 2025.pdf,434,pdf_text,not_needed,total,TOTAL,,,,,,,,,,,,,,,50481,5206,5,,,,,blank,False,cumulative_percent_revision,"Kaplan-Meier (1-KM), percent",0.95,"Primary UKA, primary diagnosis OA, modern prostheses",
AOANJRR,Australia,2025,1999-09-01 to 2024-12-31,uka_casemix_sex_age,KP22,UKA,AOANJRR Full Report 2025.pdf,434,pdf_text,not_needed,total,TOTAL,,,,,,,,,,,,,,,50481,5206,10,,,,,blank,False,cumulative_percent_revision,"Kaplan-Meier (1-KM), percent",0.95,"Primary UKA, primary diagnosis OA, modern prostheses",
AOANJRR,Australia,2025,1999-09-01 to 2024-12-31,uka_casemix_sex_age,KP22,UKA,AOANJRR Full Report 2025.pdf,434,pdf_text,not_needed,total,TOTAL,,,,,,,,,,,,,,,50481,5206,15,,,,,blank,False,cumulative_percent_revision,"Kaplan-Meier (1-KM), percent",0.95,"Primary UKA, primary diagnosis OA, modern prostheses",
AOANJRR,Australia,2025,1999-09-01 to 2024-12-31,uka_casemix_sex_age,KP22,UKA,AOANJRR Full Report 2025.pdf,434,pdf_text,not_needed,total,TOTAL,,,,,,,,,,,,,,,50481,5206,20,,,,,blank,False,cumulative_percent_revision,"Kaplan-Meier (1-KM), percent",0.95,"Primary UKA, primary diagnosis OA, modern prostheses",
LROI,Netherlands,2025,2007 to 2024-12-31,uka_procedure_period,K052B,UKA,pdf-lroi-report-2025-3.pdf,111,manual,unverified,stratum,2009-2010,,,,,,,,,,,2009-2010,2009,2010,,3153,,1,1.81,1.35,2.28,,ok,False,cumulative_major_revision_percentage,"Kaplan-Meier cumulative MAJOR revision percentage (first revision of femur or tibia), percent",0.95,"All primary UKA for osteoarthritis in the Netherlands, by 2-year procedure period, 2009-2022",
LROI,Netherlands,2025,2007 to 2024-12-31,uka_procedure_period,K052B,UKA,pdf-lroi-report-2025-3.pdf,111,manual,unverified,stratum,2009-2010,,,,,,,,,,,2009-2010,2009,2010,,3153,,3,6.77,5.89,7.65,,ok,False,cumulative_major_revision_percentage,"Kaplan-Meier cumulative MAJOR revision percentage (first revision of femur or tibia), percent",0.95,"All primary UKA for osteoarthritis in the Netherlands, by 2-year procedure period, 2009-2022",
LROI,Netherlands,2025,2007 to 2024-12-31,uka_procedure_period,K052B,UKA,pdf-lroi-report-2025-3.pdf,111,manual,unverified,stratum,2009-2010,,,,,,,,,,,2009-2010,2009,2010,,3153,,5,9.68,8.64,10.72,,ok,False,cumulative_major_revision_percentage,"Kaplan-Meier cumulative MAJOR revision percentage (first revision of femur or tibia), percent",0.95,"All primary UKA for osteoarthritis in the Netherlands, by 2-year procedure period, 2009-2022",
LROI,Netherlands,2025,2007 to 2024-12-31,uka_procedure_period,K052B,UKA,pdf-lroi-report-2025-3.pdf,111,manual,unverified,stratum,2009-2010,,,,,,,,,,,2009-2010,2009,2010,,3153,,7,11.66,10.53,12.79,,ok,False,cumulative_major_revision_percentage,"Kaplan-Meier cumulative MAJOR revision percentage (first revision of femur or tibia), percent",0.95,"All primary UKA for osteoarthritis in the Netherlands, by 2-year procedure period, 2009-2022",
LROI,Netherlands,2025,2007 to 2024-12-31,uka_procedure_period,K052B,UKA,pdf-lroi-report-2025-3.pdf,111,manual,unverified,stratum,2009-2010,,,,,,,,,,,2009-2010,2009,2010,,3153,,10,14.9,13.63,16.16,,ok,False,cumulative_major_revision_percentage,"Kaplan-Meier cumulative MAJOR revision percentage (first revision of femur or tibia), percent",0.95,"All primary UKA for osteoarthritis in the Netherlands, by 2-year procedure period, 2009-2022",
LROI,Netherlands,2025,2007 to 2024-12-31,uka_procedure_period,K052B,UKA,pdf-lroi-report-2025-3.pdf,111,manual,unverified,stratum,2009-2010,,,,,,,,,,,2009-2010,2009,2010,,3153,,15,19.65,18.21,21.1,,ok,False,cumulative_major_revision_percentage,"Kaplan-Meier cumulative MAJOR revision percentage (first revision of femur or tibia), percent",0.95,"All primary UKA for osteoarthritis in the Netherlands, by 2-year procedure period, 2009-2022",
LROI,Netherlands,2025,2007 to 2024-12-31,uka_procedure_period,K052B,UKA,pdf-lroi-report-2025-3.pdf,111,manual,unverified,stratum,2011-2012,,,,,,,,,,,2011-2012,2011,2012,,3075,,1,1.79,1.32,2.26,,ok,False,cumulative_major_revision_percentage,"Kaplan-Meier cumulative MAJOR revision percentage (first revision of femur or tibia), percent",0.95,"All primary UKA for osteoarthritis in the Netherlands, by 2-year procedure period, 2009-2022",
LROI,Netherlands,2025,2007 to 2024-12-31,uka_procedure_period,K052B,UKA,pdf-lroi-report-2025-3.pdf,111,manual,unverified,stratum,2011-2012,,,,,,,,,,,2011-2012,2011,2012,,3075,,3,6.71,5.82,7.59,,ok,False,cumulative_major_revision_percentage,"Kaplan-Meier cumulative MAJOR revision percentage (first revision of femur or tibia), percent",0.95,"All primary UKA for osteoarthritis in the Netherlands, by 2-year procedure period, 2009-2022",
LROI,Netherlands,2025,2007 to 2024-12-31,uka_procedure_period,K052B,UKA,pdf-lroi-report-2025-3.pdf,111,manual,unverified,stratum,2011-2012,,,,,,,,,,,2011-2012,2011,2012,,3075,,5,8.93,7.92,9.94,,ok,False,cumulative_major_revision_percentage,"Kaplan-Meier cumulative MAJOR revision percentage (first revision of femur or tibia), percent",0.95,"All primary UKA for osteoarthritis in the Netherlands, by 2-year procedure period, 2009-2022",
LROI,Netherlands,2025,2007 to 2024-12-31,uka_procedure_period,K052B,UKA,pdf-lroi-report-2025-3.pdf,111,manual,unverified,stratum,2011-2012,,,,,,,,,,,2011-2012,2011,2012,,3075,,7,10.96,9.85,12.08,,ok,False,cumulative_major_revision_percentage,"Kaplan-Meier cumulative MAJOR revision percentage (first revision of femur or tibia), percent",0.95,"All primary UKA for osteoarthritis in the Netherlands, by 2-year procedure period, 2009-2022",
LROI,Netherlands,2025,2007 to 2024-12-31,uka_procedure_period,K052B,UKA,pdf-lroi-report-2025-3.pdf,111,manual,unverified,stratum,2011-2012,,,,,,,,,,,2011-2012,2011,2012,,3075,,10,13.2,11.98,14.41,,ok,False,cumulative_major_revision_percentage,"Kaplan-Meier cumulative MAJOR revision percentage (first revision of femur or tibia), percent",0.95,"All primary UKA for osteoarthritis in the Netherlands, by 2-year procedure period, 2009-2022",
LROI,Netherlands,2025,2007 to 2024-12-31,uka_procedure_period,K052B,UKA,pdf-lroi-report-2025-3.pdf,111,manual,unverified,stratum,2011-2012,,,,,,,,,,,2011-2012,2011,2012,,3075,,15,,,,,not_reported,False,cumulative_major_revision_percentage,"Kaplan-Meier cumulative MAJOR revision percentage (first revision of femur or tibia), percent",0.95,"All primary UKA for osteoarthritis in the Netherlands, by 2-year procedure period, 2009-2022",
LROI,Netherlands,2025,2007 to 2024-12-31,uka_procedure_period,K052B,UKA,pdf-lroi-report-2025-3.pdf,111,manual,unverified,stratum,2013-2014,,,,,,,,,,,2013-2014,2013,2014,,4039,,1,1.34,0.99,1.7,,ok,False,cumulative_major_revision_percentage,"Kaplan-Meier cumulative MAJOR revision percentage (first revision of femur or tibia), percent",0.95,"All primary UKA for osteoarthritis in the Netherlands, by 2-year procedure period, 2009-2022",
LROI,Netherlands,2025,2007 to 2024-12-31,uka_procedure_period,K052B,UKA,pdf-lroi-report-2025-3.pdf,111,manual,unverified,stratum,2013-2014,,,,,,,,,,,2013-2014,2013,2014,,4039,,3,5.63,4.92,6.35,,ok,False,cumulative_major_revision_percentage,"Kaplan-Meier cumulative MAJOR revision percentage (first revision of femur or tibia), percent",0.95,"All primary UKA for osteoarthritis in the Netherlands, by 2-year procedure period, 2009-2022",
LROI,Netherlands,2025,2007 to 2024-12-31,uka_procedure_period,K052B,UKA,pdf-lroi-report-2025-3.pdf,111,manual,unverified,stratum,2013-2014,,,,,,,,,,,2013-2014,2013,2014,,4039,,5,7.55,6.73,8.37,,ok,False,cumulative_major_revision_percentage,"Kaplan-Meier cumulative MAJOR revision percentage (first revision of femur or tibia), percent",0.95,"All primary UKA for osteoarthritis in the Netherlands, by 2-year procedure period, 2009-2022",
LROI,Netherlands,2025,2007 to 2024-12-31,uka_procedure_period,K052B,UKA,pdf-lroi-report-2025-3.pdf,111,manual,unverified,stratum,2013-2014,,,,,,,,,,,2013-2014,2013,2014,,4039,,7,9.2,8.3,10.1,,ok,False,cumulative_major_revision_percentage,"Kaplan-Meier cumulative MAJOR revision percentage (first revision of femur or tibia), percent",0.95,"All primary UKA for osteoarthritis in the Netherlands, by 2-year procedure period, 2009-2022",
LROI,Netherlands,2025,2007 to 2024-12-31,uka_procedure_period,K052B,UKA,pdf-lroi-report-2025-3.pdf,111,manual,unverified,stratum,2013-2014,,,,,,,,,,,2013-2014,2013,2014,,4039,,10,11.74,10.73,12.75,,ok,False,cumulative_major_revision_percentage,"Kaplan-Meier cumulative MAJOR revision percentage (first revision of femur or tibia), percent",0.95,"All primary UKA for osteoarthritis in the Netherlands, by 2-year procedure period, 2009-2022",
LROI,Netherlands,2025,2007 to 2024-12-31,uka_procedure_period,K052B,UKA,pdf-lroi-report-2025-3.pdf,111,manual,unverified,stratum,2013-2014,,,,,,,,,,,2013-2014,2013,2014,,4039,,15,,,,,not_reported,False,cumulative_major_revision_percentage,"Kaplan-Meier cumulative MAJOR revision percentage (first revision of femur or tibia), percent",0.95,"All primary UKA for osteoarthritis in the Netherlands, by 2-year procedure period, 2009-2022",
LROI,Netherlands,2025,2007 to 2024-12-31,uka_procedure_period,K052B,UKA,pdf-lroi-report-2025-3.pdf,111,manual,unverified,stratum,2015-2016,,,,,,,,,,,2015-2016,2015,2016,,5517,,1,1.22,0.93,1.51,,ok,False,cumulative_major_revision_percentage,"Kaplan-Meier cumulative MAJOR revision percentage (first revision of femur or tibia), percent",0.95,"All primary UKA for osteoarthritis in the Netherlands, by 2-year procedure period, 2009-2022",
LROI,Netherlands,2025,2007 to 2024-12-31,uka_procedure_period,K052B,UKA,pdf-lroi-report-2025-3.pdf,111,manual,unverified,stratum,2015-2016,,,,,,,,,,,2015-2016,2015,2016,,5517,,3,3.85,3.34,4.36,,ok,False,cumulative_major_revision_percentage,"Kaplan-Meier cumulative MAJOR revision percentage (first revision of femur or tibia), percent",0.95,"All primary UKA for osteoarthritis in the Netherlands, by 2-year procedure period, 2009-2022",
LROI,Netherlands,2025,2007 to 2024-12-31,uka_procedure_period,K052B,UKA,pdf-lroi-report-2025-3.pdf,111,manual,unverified,stratum,2015-2016,,,,,,,,,,,2015-2016,2015,2016,,5517,,5,5.0,4.43,5.58,,ok,False,cumulative_major_revision_percentage,"Kaplan-Meier cumulative MAJOR revision percentage (first revision of femur or tibia), percent",0.95,"All primary UKA for osteoarthritis in the Netherlands, by 2-year procedure period, 2009-2022",
LROI,Netherlands,2025,2007 to 2024-12-31,uka_procedure_period,K052B,UKA,pdf-lroi-report-2025-3.pdf,111,manual,unverified,stratum,2015-2016,,,,,,,,,,,2015-2016,2015,2016,,5517,,7,6.38,5.72,7.03,,ok,False,cumulative_major_revision_percentage,"Kaplan-Meier cumulative MAJOR revision percentage (first revision of femur or tibia), percent",0.95,"All primary UKA for osteoarthritis in the Netherlands, by 2-year procedure period, 2009-2022",
LROI,Netherlands,2025,2007 to 2024-12-31,uka_procedure_period,K052B,UKA,pdf-lroi-report-2025-3.pdf,111,manual,unverified,stratum,2015-2016,,,,,,,,,,,2015-2016,2015,2016,,5517,,10,9.62,8.51,10.72,,ok,False,cumulative_major_revision_percentage,"Kaplan-Meier cumulative MAJOR revision percentage (first revision of femur or tibia), percent",0.95,"All primary UKA for osteoarthritis in the Netherlands, by 2-year procedure period, 2009-2022",
LROI,Netherlands,2025,2007 to 2024-12-31,uka_procedure_period,K052B,UKA,pdf-lroi-report-2025-3.pdf,111,manual,unverified,stratum,2015-2016,,,,,,,,,,,2015-2016,2015,2016,,5517,,15,,,,,not_reported,False,cumulative_major_revision_percentage,"Kaplan-Meier cumulative MAJOR revision percentage (first revision of femur or tibia), percent",0.95,"All primary UKA for osteoarthritis in the Netherlands, by 2-year procedure period, 2009-2022",
LROI,Netherlands,2025,2007 to 2024-12-31,uka_procedure_period,K052B,UKA,pdf-lroi-report-2025-3.pdf,111,manual,unverified,stratum,2017-2018,,,,,,,,,,,2017-2018,2017,2018,,7588,,1,0.86,0.65,1.07,,ok,False,cumulative_major_revision_percentage,"Kaplan-Meier cumulative MAJOR revision percentage (first revision of femur or tibia), percent",0.95,"All primary UKA for osteoarthritis in the Netherlands, by 2-year procedure period, 2009-2022",
LROI,Netherlands,2025,2007 to 2024-12-31,uka_procedure_period,K052B,UKA,pdf-lroi-report-2025-3.pdf,111,manual,unverified,stratum,2017-2018,,,,,,,,,,,2017-2018,2017,2018,,7588,,3,2.88,2.5,3.26,,ok,False,cumulative_major_revision_percentage,"Kaplan-Meier cumulative MAJOR revision percentage (first revision of femur or tibia), percent",0.95,"All primary UKA for osteoarthritis in the Netherlands, by 2-year procedure period, 2009-2022",
LROI,Netherlands,2025,2007 to 2024-12-31,uka_procedure_period,K052B,UKA,pdf-lroi-report-2025-3.pdf,111,manual,unverified,stratum,2017-2018,,,,,,,,,,,2017-2018,2017,2018,,7588,,5,3.96,3.52,4.41,,ok,False,cumulative_major_revision_percentage,"Kaplan-Meier cumulative MAJOR revision percentage (first revision of femur or tibia), percent",0.95,"All primary UKA for osteoarthritis in the Netherlands, by 2-year procedure period, 2009-2022",
LROI,Netherlands,2025,2007 to 2024-12-31,uka_procedure_period,K052B,UKA,pdf-lroi-report-2025-3.pdf,111,manual,unverified,stratum,2017-2018,,,,,,,,,,,2017-2018,2017,2018,,7588,,7,5.22,4.7,5.74,,ok,False,cumulative_major_revision_percentage,"Kaplan-Meier cumulative MAJOR revision percentage (first revision of femur or tibia), percent",0.95,"All primary UKA for osteoarthritis in the Netherlands, by 2-year procedure period, 2009-2022",
LROI,Netherlands,2025,2007 to 2024-12-31,uka_procedure_period,K052B,UKA,pdf-lroi-report-2025-3.pdf,111,manual,unverified,stratum,2017-2018,,,,,,,,,,,2017-2018,2017,2018,,7588,,10,,,,,not_reported,False,cumulative_major_revision_percentage,"Kaplan-Meier cumulative MAJOR revision percentage (first revision of femur or tibia), percent",0.95,"All primary UKA for osteoarthritis in the Netherlands, by 2-year procedure period, 2009-2022",
LROI,Netherlands,2025,2007 to 2024-12-31,uka_procedure_period,K052B,UKA,pdf-lroi-report-2025-3.pdf,111,manual,unverified,stratum,2017-2018,,,,,,,,,,,2017-2018,2017,2018,,7588,,15,,,,,not_reported,False,cumulative_major_revision_percentage,"Kaplan-Meier cumulative MAJOR revision percentage (first revision of femur or tibia), percent",0.95,"All primary UKA for osteoarthritis in the Netherlands, by 2-year procedure period, 2009-2022",
LROI,Netherlands,2025,2007 to 2024-12-31,uka_procedure_period,K052B,UKA,pdf-lroi-report-2025-3.pdf,111,manual,unverified,stratum,2019-2020,,,,,,,,,,,2019-2020,2019,2020,,9385,,1,0.78,0.6,0.96,,ok,False,cumulative_major_revision_percentage,"Kaplan-Meier cumulative MAJOR revision percentage (first revision of femur or tibia), percent",0.95,"All primary UKA for osteoarthritis in the Netherlands, by 2-year procedure period, 2009-2022",
LROI,Netherlands,2025,2007 to 2024-12-31,uka_procedure_period,K052B,UKA,pdf-lroi-report-2025-3.pdf,111,manual,unverified,stratum,2019-2020,,,,,,,,,,,2019-2020,2019,2020,,9385,,3,2.7,2.37,3.02,,ok,False,cumulative_major_revision_percentage,"Kaplan-Meier cumulative MAJOR revision percentage (first revision of femur or tibia), percent",0.95,"All primary UKA for osteoarthritis in the Netherlands, by 2-year procedure period, 2009-2022",
LROI,Netherlands,2025,2007 to 2024-12-31,uka_procedure_period,K052B,UKA,pdf-lroi-report-2025-3.pdf,111,manual,unverified,stratum,2019-2020,,,,,,,,,,,2019-2020,2019,2020,,9385,,5,3.89,3.48,4.29,,ok,False,cumulative_major_revision_percentage,"Kaplan-Meier cumulative MAJOR revision percentage (first revision of femur or tibia), percent",0.95,"All primary UKA for osteoarthritis in the Netherlands, by 2-year procedure period, 2009-2022",
LROI,Netherlands,2025,2007 to 2024-12-31,uka_procedure_period,K052B,UKA,pdf-lroi-report-2025-3.pdf,111,manual,unverified,stratum,2019-2020,,,,,,,,,,,2019-2020,2019,2020,,9385,,7,,,,,not_reported,False,cumulative_major_revision_percentage,"Kaplan-Meier cumulative MAJOR revision percentage (first revision of femur or tibia), percent",0.95,"All primary UKA for osteoarthritis in the Netherlands, by 2-year procedure period, 2009-2022",
LROI,Netherlands,2025,2007 to 2024-12-31,uka_procedure_period,K052B,UKA,pdf-lroi-report-2025-3.pdf,111,manual,unverified,stratum,2019-2020,,,,,,,,,,,2019-2020,2019,2020,,9385,,10,,,,,not_reported,False,cumulative_major_revision_percentage,"Kaplan-Meier cumulative MAJOR revision percentage (first revision of femur or tibia), percent",0.95,"All primary UKA for osteoarthritis in the Netherlands, by 2-year procedure period, 2009-2022",
LROI,Netherlands,2025,2007 to 2024-12-31,uka_procedure_period,K052B,UKA,pdf-lroi-report-2025-3.pdf,111,manual,unverified,stratum,2019-2020,,,,,,,,,,,2019-2020,2019,2020,,9385,,15,,,,,not_reported,False,cumulative_major_revision_percentage,"Kaplan-Meier cumulative MAJOR revision percentage (first revision of femur or tibia), percent",0.95,"All primary UKA for osteoarthritis in the Netherlands, by 2-year procedure period, 2009-2022",
LROI,Netherlands,2025,2007 to 2024-12-31,uka_procedure_period,K052B,UKA,pdf-lroi-report-2025-3.pdf,111,manual,unverified,stratum,2021-2022,,,,,,,,,,,2021-2022,2021,2022,,12405,,1,0.76,0.61,0.91,,ok,False,cumulative_major_revision_percentage,"Kaplan-Meier cumulative MAJOR revision percentage (first revision of femur or tibia), percent",0.95,"All primary UKA for osteoarthritis in the Netherlands, by 2-year procedure period, 2009-2022",
LROI,Netherlands,2025,2007 to 2024-12-31,uka_procedure_period,K052B,UKA,pdf-lroi-report-2025-3.pdf,111,manual,unverified,stratum,2021-2022,,,,,,,,,,,2021-2022,2021,2022,,12405,,3,2.54,2.25,2.83,,ok,False,cumulative_major_revision_percentage,"Kaplan-Meier cumulative MAJOR revision percentage (first revision of femur or tibia), percent",0.95,"All primary UKA for osteoarthritis in the Netherlands, by 2-year procedure period, 2009-2022",
LROI,Netherlands,2025,2007 to 2024-12-31,uka_procedure_period,K052B,UKA,pdf-lroi-report-2025-3.pdf,111,manual,unverified,stratum,2021-2022,,,,,,,,,,,2021-2022,2021,2022,,12405,,5,,,,,not_reported,False,cumulative_major_revision_percentage,"Kaplan-Meier cumulative MAJOR revision percentage (first revision of femur or tibia), percent",0.95,"All primary UKA for osteoarthritis in the Netherlands, by 2-year procedure period, 2009-2022",
LROI,Netherlands,2025,2007 to 2024-12-31,uka_procedure_period,K052B,UKA,pdf-lroi-report-2025-3.pdf,111,manual,unverified,stratum,2021-2022,,,,,,,,,,,2021-2022,2021,2022,,12405,,7,,,,,not_reported,False,cumulative_major_revision_percentage,"Kaplan-Meier cumulative MAJOR revision percentage (first revision of femur or tibia), percent",0.95,"All primary UKA for osteoarthritis in the Netherlands, by 2-year procedure period, 2009-2022",
LROI,Netherlands,2025,2007 to 2024-12-31,uka_procedure_period,K052B,UKA,pdf-lroi-report-2025-3.pdf,111,manual,unverified,stratum,2021-2022,,,,,,,,,,,2021-2022,2021,2022,,12405,,10,,,,,not_reported,False,cumulative_major_revision_percentage,"Kaplan-Meier cumulative MAJOR revision percentage (first revision of femur or tibia), percent",0.95,"All primary UKA for osteoarthritis in the Netherlands, by 2-year procedure period, 2009-2022",
LROI,Netherlands,2025,2007 to 2024-12-31,uka_procedure_period,K052B,UKA,pdf-lroi-report-2025-3.pdf,111,manual,unverified,stratum,2021-2022,,,,,,,,,,,2021-2022,2021,2022,,12405,,15,,,,,not_reported,False,cumulative_major_revision_percentage,"Kaplan-Meier cumulative MAJOR revision percentage (first revision of femur or tibia), percent",0.95,"All primary UKA for osteoarthritis in the Netherlands, by 2-year procedure period, 2009-2022",
NJR,"England, Wales, Northern Ireland, Isle of Man, Guernsey",2025,to 2024-12-31,knee_casemix_sex_age_design,3.K6,UKA,NJR 22nd Annual Report 2025_Knees.pdf,53,pdf_text,not_needed,group,"All unicondylar, cemented","All unicondylar, cemented",,unicondylar,cemented,,,,Male,<55,<55,,,,,10618,,1,1.22,1.03,1.46,,ok,False,cumulative_revision_km,"Kaplan-Meier (1-KM), percent",0.95,"All primary knee replacements, by sex, age group, fixation, constraint and bearing",
NJR,"England, Wales, Northern Ireland, Isle of Man, Guernsey",2025,to 2024-12-31,knee_casemix_sex_age_design,3.K6,UKA,NJR 22nd Annual Report 2025_Knees.pdf,53,pdf_text,not_needed,group,"All unicondylar, cemented","All unicondylar, cemented",,unicondylar,cemented,,,,Male,<55,<55,,,,,10618,,3,4.85,4.44,5.3,,ok,False,cumulative_revision_km,"Kaplan-Meier (1-KM), percent",0.95,"All primary knee replacements, by sex, age group, fixation, constraint and bearing",
NJR,"England, Wales, Northern Ireland, Isle of Man, Guernsey",2025,to 2024-12-31,knee_casemix_sex_age_design,3.K6,UKA,NJR 22nd Annual Report 2025_Knees.pdf,53,pdf_text,not_needed,group,"All unicondylar, cemented","All unicondylar, cemented",,unicondylar,cemented,,,,Male,<55,<55,,,,,10618,,5,7.12,6.61,7.67,,ok,False,cumulative_revision_km,"Kaplan-Meier (1-KM), percent",0.95,"All primary knee replacements, by sex, age group, fixation, constraint and bearing",
NJR,"England, Wales, Northern Ireland, Isle of Man, Guernsey",2025,to 2024-12-31,knee_casemix_sex_age_design,3.K6,UKA,NJR 22nd Annual Report 2025_Knees.pdf,53,pdf_text,not_needed,group,"All unicondylar, cemented","All unicondylar, cemented",,unicondylar,cemented,,,,Male,<55,<55,,,,,10618,,10,13.49,12.72,14.31,,ok,False,cumulative_revision_km,"Kaplan-Meier (1-KM), percent",0.95,"All primary knee replacements, by sex, age group, fixation, constraint and bearing",
NJR,"England, Wales, Northern Ireland, Isle of Man, Guernsey",2025,to 2024-12-31,knee_casemix_sex_age_design,3.K6,UKA,NJR 22nd Annual Report 2025_Knees.pdf,53,pdf_text,not_needed,group,"All unicondylar, cemented","All unicondylar, cemented",,unicondylar,cemented,,,,Male,<55,<55,,,,,10618,,15,20.93,19.77,22.16,,ok,False,cumulative_revision_km,"Kaplan-Meier (1-KM), percent",0.95,"All primary knee replacements, by sex, age group, fixation, constraint and bearing",
NJR,"England, Wales, Northern Ireland, Isle of Man, Guernsey",2025,to 2024-12-31,knee_casemix_sex_age_design,3.K6,UKA,NJR 22nd Annual Report 2025_Knees.pdf,53,pdf_text,not_needed,group,"All unicondylar, cemented","All unicondylar, cemented",,unicondylar,cemented,,,,Male,<55,<55,,,,,10618,,20,28.92,26.27,31.78,,ok,True,cumulative_revision_km,"Kaplan-Meier (1-KM), percent",0.95,"All primary knee replacements, by sex, age group, fixation, constraint and bearing",
NJR,"England, Wales, Northern Ireland, Isle of Man, Guernsey",2025,to 2024-12-31,knee_casemix_sex_age_design,3.K6,UKA,NJR 22nd Annual Report 2025_Knees.pdf,53,pdf_text,not_needed,group,"All unicondylar, cemented","All unicondylar, cemented",,unicondylar,cemented,,,,Female,<55,<55,,,,,11862,,1,1.1,0.93,1.31,,ok,False,cumulative_revision_km,"Kaplan-Meier (1-KM), percent",0.95,"All primary knee replacements, by sex, age group, fixation, constraint and bearing",
NJR,"England, Wales, Northern Ireland, Isle of Man, Guernsey",2025,to 2024-12-31,knee_casemix_sex_age_design,3.K6,UKA,NJR 22nd Annual Report 2025_Knees.pdf,53,pdf_text,not_needed,group,"All unicondylar, cemented","All unicondylar, cemented",,unicondylar,cemented,,,,Female,<55,<55,,,,,11862,,3,4.89,4.5,5.32,,ok,False,cumulative_revision_km,"Kaplan-Meier (1-KM), percent",0.95,"All primary knee replacements, by sex, age group, fixation, constraint and bearing",
NJR,"England, Wales, Northern Ireland, Isle of Man, Guernsey",2025,to 2024-12-31,knee_casemix_sex_age_design,3.K6,UKA,NJR 22nd Annual Report 2025_Knees.pdf,53,pdf_text,not_needed,group,"All unicondylar, cemented","All unicondylar, cemented",,unicondylar,cemented,,,,Female,<55,<55,,,,,11862,,5,7.75,7.24,8.3,,ok,False,cumulative_revision_km,"Kaplan-Meier (1-KM), percent",0.95,"All primary knee replacements, by sex, age group, fixation, constraint and bearing",
NJR,"England, Wales, Northern Ireland, Isle of Man, Guernsey",2025,to 2024-12-31,knee_casemix_sex_age_design,3.K6,UKA,NJR 22nd Annual Report 2025_Knees.pdf,53,pdf_text,not_needed,group,"All unicondylar, cemented","All unicondylar, cemented",,unicondylar,cemented,,,,Female,<55,<55,,,,,11862,,10,14.25,13.5,15.02,,ok,False,cumulative_revision_km,"Kaplan-Meier (1-KM), percent",0.95,"All primary knee replacements, by sex, age group, fixation, constraint and bearing",
NJR,"England, Wales, Northern Ireland, Isle of Man, Guernsey",2025,to 2024-12-31,knee_casemix_sex_age_design,3.K6,UKA,NJR 22nd Annual Report 2025_Knees.pdf,53,pdf_text,not_needed,group,"All unicondylar, cemented","All unicondylar, cemented",,unicondylar,cemented,,,,Female,<55,<55,,,,,11862,,15,21.7,20.6,22.85,,ok,False,cumulative_revision_km,"Kaplan-Meier (1-KM), percent",0.95,"All primary knee replacements, by sex, age group, fixation, constraint and bearing",
NJR,"England, Wales, Northern Ireland, Isle of Man, Guernsey",2025,to 2024-12-31,knee_casemix_sex_age_design,3.K6,UKA,NJR 22nd Annual Report 2025_Knees.pdf,53,pdf_text,not_needed,group,"All unicondylar, cemented","All unicondylar, cemented",,unicondylar,cemented,,,,Female,<55,<55,,,,,11862,,20,29.91,27.52,32.44,,ok,True,cumulative_revision_km,"Kaplan-Meier (1-KM), percent",0.95,"All primary knee replacements, by sex, age group, fixation, constraint and bearing",
NJR,"England, Wales, Northern Ireland, Isle of Man, Guernsey",2025,to 2024-12-31,knee_casemix_sex_age_design,3.K6,UKA,NJR 22nd Annual Report 2025_Knees.pdf,53,pdf_text,not_needed,stratum,"All unicondylar, cemented | medial, fixed","All unicondylar, cemented","medial, fixed",unicondylar,cemented,medial,,fixed,Male,<55,<55,,,,,5859,,1,0.82,0.61,1.09,,ok,False,cumulative_revision_km,"Kaplan-Meier (1-KM), percent",0.95,"All primary knee replacements, by sex, age group, fixation, constraint and bearing",
NJR,"England, Wales, Northern Ireland, Isle of Man, Guernsey",2025,to 2024-12-31,knee_casemix_sex_age_design,3.K6,UKA,NJR 22nd Annual Report 2025_Knees.pdf,53,pdf_text,not_needed,stratum,"All unicondylar, cemented | medial, fixed","All unicondylar, cemented","medial, fixed",unicondylar,cemented,medial,,fixed,Male,<55,<55,,,,,5859,,3,3.33,2.86,3.88,,ok,False,cumulative_revision_km,"Kaplan-Meier (1-KM), percent",0.95,"All primary knee replacements, by sex, age group, fixation, constraint and bearing",
NJR,"England, Wales, Northern Ireland, Isle of Man, Guernsey",2025,to 2024-12-31,knee_casemix_sex_age_design,3.K6,UKA,NJR 22nd Annual Report 2025_Knees.pdf,53,pdf_text,not_needed,stratum,"All unicondylar, cemented | medial, fixed","All unicondylar, cemented","medial, fixed",unicondylar,cemented,medial,,fixed,Male,<55,<55,,,,,5859,,5,4.87,4.27,5.55,,ok,False,cumulative_revision_km,"Kaplan-Meier (1-KM), percent",0.95,"All primary knee replacements, by sex, age group, fixation, constraint and bearing",
NJR,"England, Wales, Northern Ireland, Isle of Man, Guernsey",2025,to 2024-12-31,knee_casemix_sex_age_design,3.K6,UKA,NJR 22nd Annual Report 2025_Knees.pdf,53,pdf_text,not_needed,stratum,"All unicondylar, cemented | medial, fixed","All unicondylar, cemented","medial, fixed",unicondylar,cemented,medial,,fixed,Male,<55,<55,,,,,5859,,10,9.0,8.02,10.08,,ok,False,cumulative_revision_km,"Kaplan-Meier (1-KM), percent",0.95,"All primary knee replacements, by sex, age group, fixation, constraint and bearing",
NJR,"England, Wales, Northern Ireland, Isle of Man, Guernsey",2025,to 2024-12-31,knee_casemix_sex_age_design,3.K6,UKA,NJR 22nd Annual Report 2025_Knees.pdf,53,pdf_text,not_needed,stratum,"All unicondylar, cemented | medial, fixed","All unicondylar, cemented","medial, fixed",unicondylar,cemented,medial,,fixed,Male,<55,<55,,,,,5859,,15,14.73,12.83,16.9,,ok,True,cumulative_revision_km,"Kaplan-Meier (1-KM), percent",0.95,"All primary knee replacements, by sex, age group, fixation, constraint and bearing",
NJR,"England, Wales, Northern Ireland, Isle of Man, Guernsey",2025,to 2024-12-31,knee_casemix_sex_age_design,3.K6,UKA,NJR 22nd Annual Report 2025_Knees.pdf,53,pdf_text,not_needed,stratum,"All unicondylar, cemented | medial, fixed","All unicondylar, cemented","medial, fixed",unicondylar,cemented,medial,,fixed,Male,<55,<55,,,,,5859,,20,19.22,15.38,23.88,,ok,True,cumulative_revision_km,"Kaplan-Meier (1-KM), percent",0.95,"All primary knee replacements, by sex, age group, fixation, constraint and bearing",
NJR,"England, Wales, Northern Ireland, Isle of Man, Guernsey",2025,to 2024-12-31,knee_casemix_sex_age_design,3.K6,UKA,NJR 22nd Annual Report 2025_Knees.pdf,53,pdf_text,not_needed,stratum,"All unicondylar, cemented | medial, fixed","All unicondylar, cemented","medial, fixed",unicondylar,cemented,medial,,fixed,Female,<55,<55,,,,,6092,,1,0.48,0.33,0.7,,ok,False,cumulative_revision_km,"Kaplan-Meier (1-KM), percent",0.95,"All primary knee replacements, by sex, age group, fixation, constraint and bearing",
NJR,"England, Wales, Northern Ireland, Isle of Man, Guernsey",2025,to 2024-12-31,knee_casemix_sex_age_design,3.K6,UKA,NJR 22nd Annual Report 2025_Knees.pdf,53,pdf_text,not_needed,stratum,"All unicondylar, cemented | medial, fixed","All unicondylar, cemented","medial, fixed",unicondylar,cemented,medial,,fixed,Female,<55,<55,,,,,6092,,3,3.2,2.74,3.74,,ok,False,cumulative_revision_km,"Kaplan-Meier (1-KM), percent",0.95,"All primary knee replacements, by sex, age group, fixation, constraint and bearing",
NJR,"England, Wales, Northern Ireland, Isle of Man, Guernsey",2025,to 2024-12-31,knee_casemix_sex_age_design,3.K6,UKA,NJR 22nd Annual Report 2025_Knees.pdf,53,pdf_text,not_needed,stratum,"All unicondylar, cemented | medial, fixed","All unicondylar, cemented","medial, fixed",unicondylar,cemented,medial,,fixed,Female,<55,<55,,,,,6092,,5,5.12,4.51,5.82,,ok,False,cumulative_revision_km,"Kaplan-Meier (1-KM), percent",0.95,"All primary knee replacements, by sex, age group, fixation, constraint and bearing",
NJR,"England, Wales, Northern Ireland, Isle of Man, Guernsey",2025,to 2024-12-31,knee_casemix_sex_age_design,3.K6,UKA,NJR 22nd Annual Report 2025_Knees.pdf,53,pdf_text,not_needed,stratum,"All unicondylar, cemented | medial, fixed","All unicondylar, cemented","medial, fixed",unicondylar,cemented,medial,,fixed,Female,<55,<55,,,,,6092,,10,10.07,9.03,11.23,,ok,False,cumulative_revision_km,"Kaplan-Meier (1-KM), percent",0.95,"All primary knee replacements, by sex, age group, fixation, constraint and bearing",
NJR,"England, Wales, Northern Ireland, Isle of Man, Guernsey",2025,to 2024-12-31,knee_casemix_sex_age_design,3.K6,UKA,NJR 22nd Annual Report 2025_Knees.pdf,53,pdf_text,not_needed,stratum,"All unicondylar, cemented | medial, fixed","All unicondylar, cemented","medial, fixed",unicondylar,cemented,medial,,fixed,Female,<55,<55,,,,,6092,,15,17.29,15.15,19.69,,ok,False,cumulative_revision_km,"Kaplan-Meier (1-KM), percent",0.95,"All primary knee replacements, by sex, age group, fixation, constraint and bearing",
NJR,"England, Wales, Northern Ireland, Isle of Man, Guernsey",2025,to 2024-12-31,knee_casemix_sex_age_design,3.K6,UKA,NJR 22nd Annual Report 2025_Knees.pdf,53,pdf_text,not_needed,stratum,"All unicondylar, cemented | medial, fixed","All unicondylar, cemented","medial, fixed",unicondylar,cemented,medial,,fixed,Female,<55,<55,,,,,6092,,20,30.9,21.19,43.65,,ok,True,cumulative_revision_km,"Kaplan-Meier (1-KM), percent",0.95,"All primary knee replacements, by sex, age group, fixation, constraint and bearing",
NJR,"England, Wales, Northern Ireland, Isle of Man, Guernsey",2025,to 2024-12-31,knee_casemix_sex_age_design,3.K6,UKA,NJR 22nd Annual Report 2025_Knees.pdf,53,pdf_text,not_needed,stratum,"All unicondylar, cemented | medial, mobile","All unicondylar, cemented","medial, mobile",unicondylar,cemented,medial,,mobile,Male,<55,<55,,,,,3521,,1,1.74,1.36,2.23,,ok,False,cumulative_revision_km,"Kaplan-Meier (1-KM), percent",0.95,"All primary knee replacements, by sex, age group, fixation, constraint and bearing",
NJR,"England, Wales, Northern Ireland, Isle of Man, Guernsey",2025,to 2024-12-31,knee_casemix_sex_age_design,3.K6,UKA,NJR 22nd Annual Report 2025_Knees.pdf,53,pdf_text,not_needed,stratum,"All unicondylar, cemented | medial, mobile","All unicondylar, cemented","medial, mobile",unicondylar,cemented,medial,,mobile,Male,<55,<55,,,,,3521,,3,6.87,6.07,7.76,,ok,False,cumulative_revision_km,"Kaplan-Meier (1-KM), percent",0.95,"All primary knee replacements, by sex, age group, fixation, constraint and bearing",
NJR,"England, Wales, Northern Ireland, Isle of Man, Guernsey",2025,to 2024-12-31,knee_casemix_sex_age_design,3.K6,UKA,NJR 22nd Annual Report 2025_Knees.pdf,53,pdf_text,not_needed,stratum,"All unicondylar, cemented | medial, mobile","All unicondylar, cemented","medial, mobile",unicondylar,cemented,medial,,mobile,Male,<55,<55,,,,,3521,,5,9.66,8.72,10.69,,ok,False,cumulative_revision_km,"Kaplan-Meier (1-KM), percent",0.95,"All primary knee replacements, by sex, age group, fixation, constraint and bearing",
NJR,"England, Wales, Northern Ireland, Isle of Man, Guernsey",2025,to 2024-12-31,knee_casemix_sex_age_design,3.K6,UKA,NJR 22nd Annual Report 2025_Knees.pdf,53,pdf_text,not_needed,stratum,"All unicondylar, cemented | medial, mobile","All unicondylar, cemented","medial, mobile",unicondylar,cemented,medial,,mobile,Male,<55,<55,,,,,3521,,10,17.06,15.81,18.41,,ok,False,cumulative_revision_km,"Kaplan-Meier (1-KM), percent",0.95,"All primary knee replacements, by sex, age group, fixation, constraint and bearing",
NJR,"England, Wales, Northern Ireland, Isle of Man, Guernsey",2025,to 2024-12-31,knee_casemix_sex_age_design,3.K6,UKA,NJR 22nd Annual Report 2025_Knees.pdf,53,pdf_text,not_needed,stratum,"All unicondylar, cemented | medial, mobile","All unicondylar, cemented","medial, mobile",unicondylar,cemented,medial,,mobile,Male,<55,<55,,,,,3521,,15,25.0,23.36,26.73,,ok,False,cumulative_revision_km,"Kaplan-Meier (1-KM), percent",0.95,"All primary knee replacements, by sex, age group, fixation, constraint and bearing",
NJR,"England, Wales, Northern Ireland, Isle of Man, Guernsey",2025,to 2024-12-31,knee_casemix_sex_age_design,3.K6,UKA,NJR 22nd Annual Report 2025_Knees.pdf,53,pdf_text,not_needed,stratum,"All unicondylar, cemented | medial, mobile","All unicondylar, cemented","medial, mobile",unicondylar,cemented,medial,,mobile,Male,<55,<55,,,,,3521,,20,34.04,30.76,37.57,,ok,True,cumulative_revision_km,"Kaplan-Meier (1-KM), percent",0.95,"All primary knee replacements, by sex, age group, fixation, constraint and bearing",
NJR,"England, Wales, Northern Ireland, Isle of Man, Guernsey",2025,to 2024-12-31,knee_casemix_sex_age_design,3.K6,UKA,NJR 22nd Annual Report 2025_Knees.pdf,53,pdf_text,not_needed,stratum,"All unicondylar, cemented | medial, mobile","All unicondylar, cemented","medial, mobile",unicondylar,cemented,medial,,mobile,Female,<55,<55,,,,,4477,,1,1.7,1.36,2.13,,ok,False,cumulative_revision_km,"Kaplan-Meier (1-KM), percent",0.95,"All primary knee replacements, by sex, age group, fixation, constraint and bearing",
NJR,"England, Wales, Northern Ireland, Isle of Man, Guernsey",2025,to 2024-12-31,knee_casemix_sex_age_design,3.K6,UKA,NJR 22nd Annual Report 2025_Knees.pdf,53,pdf_text,not_needed,stratum,"All unicondylar, cemented | medial, mobile","All unicondylar, cemented","medial, mobile",unicondylar,cemented,medial,,mobile,Female,<55,<55,,,,,4477,,3,6.45,5.76,7.22,,ok,False,cumulative_revision_km,"Kaplan-Meier (1-KM), percent",0.95,"All primary knee replacements, by sex, age group, fixation, constraint and bearing",
NJR,"England, Wales, Northern Ireland, Isle of Man, Guernsey",2025,to 2024-12-31,knee_casemix_sex_age_design,3.K6,UKA,NJR 22nd Annual Report 2025_Knees.pdf,53,pdf_text,not_needed,stratum,"All unicondylar, cemented | medial, mobile","All unicondylar, cemented","medial, mobile",unicondylar,cemented,medial,,mobile,Female,<55,<55,,,,,4477,,5,10.06,9.21,10.99,,ok,False,cumulative_revision_km,"Kaplan-Meier (1-KM), percent",0.95,"All primary knee replacements, by sex, age group, fixation, constraint and bearing",
NJR,"England, Wales, Northern Ireland, Isle of Man, Guernsey",2025,to 2024-12-31,knee_casemix_sex_age_design,3.K6,UKA,NJR 22nd Annual Report 2025_Knees.pdf,53,pdf_text,not_needed,stratum,"All unicondylar, cemented | medial, mobile","All unicondylar, cemented","medial, mobile",unicondylar,cemented,medial,,mobile,Female,<55,<55,,,,,4477,,10,17.53,16.4,18.74,,ok,False,cumulative_revision_km,"Kaplan-Meier (1-KM), percent",0.95,"All primary knee replacements, by sex, age group, fixation, constraint and bearing",
NJR,"England, Wales, Northern Ireland, Isle of Man, Guernsey",2025,to 2024-12-31,knee_casemix_sex_age_design,3.K6,UKA,NJR 22nd Annual Report 2025_Knees.pdf,53,pdf_text,not_needed,stratum,"All unicondylar, cemented | medial, mobile","All unicondylar, cemented","medial, mobile",unicondylar,cemented,medial,,mobile,Female,<55,<55,,,,,4477,,15,24.81,23.35,26.35,,ok,False,cumulative_revision_km,"Kaplan-Meier (1-KM), percent",0.95,"All primary knee replacements, by sex, age group, fixation, constraint and bearing",
NJR,"England, Wales, Northern Ireland, Isle of Man, Guernsey",2025,to 2024-12-31,knee_casemix_sex_age_design,3.K6,UKA,NJR 22nd Annual Report 2025_Knees.pdf,53,pdf_text,not_needed,stratum,"All unicondylar, cemented | medial, mobile","All unicondylar, cemented","medial, mobile",unicondylar,cemented,medial,,mobile,Female,<55,<55,,,,,4477,,20,31.97,29.42,34.68,,ok,True,cumulative_revision_km,"Kaplan-Meier (1-KM), percent",0.95,"All primary knee replacements, by sex, age group, fixation, constraint and bearing",
NJR,"England, Wales, Northern Ireland, Isle of Man, Guernsey",2025,to 2024-12-31,knee_casemix_sex_age_design,3.K6,UKA,NJR 22nd Annual Report 2025_Knees.pdf,53,pdf_text,not_needed,stratum,"All unicondylar, cemented | medial, MBT","All unicondylar, cemented","medial, MBT",unicondylar,cemented,medial,,MBT,Male,<55,<55,,,,,521,,1,1.73,0.91,3.3,,ok,False,cumulative_revision_km,"Kaplan-Meier (1-KM), percent",0.95,"All primary knee replacements, by sex, age group, fixation, constraint and bearing",
NJR,"England, Wales, Northern Ireland, Isle of Man, Guernsey",2025,to 2024-12-31,knee_casemix_sex_age_design,3.K6,UKA,NJR 22nd Annual Report 2025_Knees.pdf,53,pdf_text,not_needed,stratum,"All unicondylar, cemented | medial, MBT","All unicondylar, cemented","medial, MBT",unicondylar,cemented,medial,,MBT,Male,<55,<55,,,,,521,,3,6.75,4.87,9.33,,ok,False,cumulative_revision_km,"Kaplan-Meier (1-KM), percent",0.95,"All primary knee replacements, by sex, age group, fixation, constraint and bearing",
NJR,"England, Wales, Northern Ireland, Isle of Man, Guernsey",2025,to 2024-12-31,knee_casemix_sex_age_design,3.K6,UKA,NJR 22nd Annual Report 2025_Knees.pdf,53,pdf_text,not_needed,stratum,"All unicondylar, cemented | medial, MBT","All unicondylar, cemented","medial, MBT",unicondylar,cemented,medial,,MBT,Male,<55,<55,,,,,521,,5,10.78,8.34,13.88,,ok,False,cumulative_revision_km,"Kaplan-Meier (1-KM), percent",0.95,"All primary knee replacements, by sex, age group, fixation, constraint and bearing",
NJR,"England, Wales, Northern Ireland, Isle of Man, Guernsey",2025,to 2024-12-31,knee_casemix_sex_age_design,3.K6,UKA,NJR 22nd Annual Report 2025_Knees.pdf,53,pdf_text,not_needed,stratum,"All unicondylar, cemented | medial, MBT","All unicondylar, cemented","medial, MBT",unicondylar,cemented,medial,,MBT,Male,<55,<55,,,,,521,,10,19.35,15.91,23.42,,ok,False,cumulative_revision_km,"Kaplan-Meier (1-KM), percent",0.95,"All primary knee replacements, by sex, age group, fixation, constraint and bearing",
NJR,"England, Wales, Northern Ireland, Isle of Man, Guernsey",2025,to 2024-12-31,knee_casemix_sex_age_design,3.K6,UKA,NJR 22nd Annual Report 2025_Knees.pdf,53,pdf_text,not_needed,stratum,"All unicondylar, cemented | medial, MBT","All unicondylar, cemented","medial, MBT",unicondylar,cemented,medial,,MBT,Male,<55,<55,,,,,521,,15,24.32,20.18,29.15,,ok,True,cumulative_revision_km,"Kaplan-Meier (1-KM), percent",0.95,"All primary knee replacements, by sex, age group, fixation, constraint and bearing",
NJR,"England, Wales, Northern Ireland, Isle of Man, Guernsey",2025,to 2024-12-31,knee_casemix_sex_age_design,3.K6,UKA,NJR 22nd Annual Report 2025_Knees.pdf,53,pdf_text,not_needed,stratum,"All unicondylar, cemented | medial, MBT","All unicondylar, cemented","medial, MBT",unicondylar,cemented,medial,,MBT,Male,<55,<55,,,,,521,,20,25.8,21.32,31.01,,ok,True,cumulative_revision_km,"Kaplan-Meier (1-KM), percent",0.95,"All primary knee replacements, by sex, age group, fixation, constraint and bearing",
NJR,"England, Wales, Northern Ireland, Isle of Man, Guernsey",2025,to 2024-12-31,knee_casemix_sex_age_design,3.K6,UKA,NJR 22nd Annual Report 2025_Knees.pdf,53,pdf_text,not_needed,stratum,"All unicondylar, cemented | medial, MBT","All unicondylar, cemented","medial, MBT",unicondylar,cemented,medial,,MBT,Female,<55,<55,,,,,539,,1,1.31,0.62,2.72,,ok,False,cumulative_revision_km,"Kaplan-Meier (1-KM), percent",0.95,"All primary knee replacements, by sex, age group, fixation, constraint and bearing",
NJR,"England, Wales, Northern Ireland, Isle of Man, Guernsey",2025,to 2024-12-31,knee_casemix_sex_age_design,3.K6,UKA,NJR 22nd Annual Report 2025_Knees.pdf,53,pdf_text,not_needed,stratum,"All unicondylar, cemented | medial, MBT","All unicondylar, cemented","medial, MBT",unicondylar,cemented,medial,,MBT,Female,<55,<55,,,,,539,,3,7.88,5.86,10.55,,ok,False,cumulative_revision_km,"Kaplan-Meier (1-KM), percent",0.95,"All primary knee replacements, by sex, age group, fixation, constraint and bearing",
NJR,"England, Wales, Northern Ireland, Isle of Man, Guernsey",2025,to 2024-12-31,knee_casemix_sex_age_design,3.K6,UKA,NJR 22nd Annual Report 2025_Knees.pdf,53,pdf_text,not_needed,stratum,"All unicondylar, cemented | medial, MBT","All unicondylar, cemented","medial, MBT",unicondylar,cemented,medial,,MBT,Female,<55,<55,,,,,539,,5,11.11,8.68,14.17,,ok,False,cumulative_revision_km,"Kaplan-Meier (1-KM), percent",0.95,"All primary knee replacements, by sex, age group, fixation, constraint and bearing",
NJR,"England, Wales, Northern Ireland, Isle of Man, Guernsey",2025,to 2024-12-31,knee_casemix_sex_age_design,3.K6,UKA,NJR 22nd Annual Report 2025_Knees.pdf,53,pdf_text,not_needed,stratum,"All unicondylar, cemented | medial, MBT","All unicondylar, cemented","medial, MBT",unicondylar,cemented,medial,,MBT,Female,<55,<55,,,,,539,,10,17.13,14.02,20.83,,ok,False,cumulative_revision_km,"Kaplan-Meier (1-KM), percent",0.95,"All primary knee replacements, by sex, age group, fixation, constraint and bearing",
NJR,"England, Wales, Northern Ireland, Isle of Man, Guernsey",2025,to 2024-12-31,knee_casemix_sex_age_design,3.K6,UKA,NJR 22nd Annual Report 2025_Knees.pdf,53,pdf_text,not_needed,stratum,"All unicondylar, cemented | medial, MBT","All unicondylar, cemented","medial, MBT",unicondylar,cemented,medial,,MBT,Female,<55,<55,,,,,539,,15,23.89,19.87,28.59,,ok,True,cumulative_revision_km,"Kaplan-Meier (1-KM), percent",0.95,"All primary knee replacements, by sex, age group, fixation, constraint and bearing",
NJR,"England, Wales, Northern Ireland, Isle of Man, Guernsey",2025,to 2024-12-31,knee_casemix_sex_age_design,3.K6,UKA,NJR 22nd Annual Report 2025_Knees.pdf,53,pdf_text,not_needed,stratum,"All unicondylar, cemented | medial, MBT","All unicondylar, cemented","medial, MBT",unicondylar,cemented,medial,,MBT,Female,<55,<55,,,,,539,,20,30.8,25.11,37.43,,ok,True,cumulative_revision_km,"Kaplan-Meier (1-KM), percent",0.95,"All primary knee replacements, by sex, age group, fixation, constraint and bearing",
NJR,"England, Wales, Northern Ireland, Isle of Man, Guernsey",2025,to 2024-12-31,knee_casemix_sex_age_design,3.K6,UKA,NJR 22nd Annual Report 2025_Knees.pdf,53,pdf_text,not_needed,stratum,"All unicondylar, cemented | lateral, fixed","All unicondylar, cemented","lateral, fixed",unicondylar,cemented,lateral,,fixed,Male,<55,<55,,,,,503,,1,1.27,0.57,2.82,,ok,False,cumulative_revision_km,"Kaplan-Meier (1-KM), percent",0.95,"All primary knee replacements, by sex, age group, fixation, constraint and bearing",
NJR,"England, Wales, Northern Ireland, Isle of Man, Guernsey",2025,to 2024-12-31,knee_casemix_sex_age_design,3.K6,UKA,NJR 22nd Annual Report 2025_Knees.pdf,53,pdf_text,not_needed,stratum,"All unicondylar, cemented | lateral, fixed","All unicondylar, cemented","lateral, fixed",unicondylar,cemented,lateral,,fixed,Male,<55,<55,,,,,503,,3,3.53,2.14,5.8,,ok,False,cumulative_revision_km,"Kaplan-Meier (1-KM), percent",0.95,"All primary knee replacements, by sex, age group, fixation, constraint and bearing",
NJR,"England, Wales, Northern Ireland, Isle of Man, Guernsey",2025,to 2024-12-31,knee_casemix_sex_age_design,3.K6,UKA,NJR 22nd Annual Report 2025_Knees.pdf,53,pdf_text,not_needed,stratum,"All unicondylar, cemented | lateral, fixed","All unicondylar, cemented","lateral, fixed",unicondylar,cemented,lateral,,fixed,Male,<55,<55,,,,,503,,5,5.84,3.9,8.68,,ok,False,cumulative_revision_km,"Kaplan-Meier (1-KM), percent",0.95,"All primary knee replacements, by sex, age group, fixation, constraint and bearing",
NJR,"England, Wales, Northern Ireland, Isle of Man, Guernsey",2025,to 2024-12-31,knee_casemix_sex_age_design,3.K6,UKA,NJR 22nd Annual Report 2025_Knees.pdf,53,pdf_text,not_needed,stratum,"All unicondylar, cemented | lateral, fixed","All unicondylar, cemented","lateral, fixed",unicondylar,cemented,lateral,,fixed,Male,<55,<55,,,,,503,,10,11.06,7.96,15.25,,ok,True,cumulative_revision_km,"Kaplan-Meier (1-KM), percent",0.95,"All primary knee replacements, by sex, age group, fixation, constraint and bearing",
NJR,"England, Wales, Northern Ireland, Isle of Man, Guernsey",2025,to 2024-12-31,knee_casemix_sex_age_design,3.K6,UKA,NJR 22nd Annual Report 2025_Knees.pdf,53,pdf_text,not_needed,stratum,"All unicondylar, cemented | lateral, fixed","All unicondylar, cemented","lateral, fixed",unicondylar,cemented,lateral,,fixed,Male,<55,<55,,,,,503,,15,20.06,13.29,29.63,,ok,True,cumulative_revision_km,"Kaplan-Meier (1-KM), percent",0.95,"All primary knee replacements, by sex, age group, fixation, constraint and bearing",
NJR,"England, Wales, Northern Ireland, Isle of Man, Guernsey",2025,to 2024-12-31,knee_casemix_sex_age_design,3.K6,UKA,NJR 22nd Annual Report 2025_Knees.pdf,53,pdf_text,not_needed,stratum,"All unicondylar, cemented | lateral, fixed","All unicondylar, cemented","lateral, fixed",unicondylar,cemented,lateral,,fixed,Male,<55,<55,,,,,503,,20,,,,,blank,False,cumulative_revision_km,"Kaplan-Meier (1-KM), percent",0.95,"All primary knee replacements, by sex, age group, fixation, constraint and bearing",
NJR,"England, Wales, Northern Ireland, Isle of Man, Guernsey",2025,to 2024-12-31,knee_casemix_sex_age_design,3.K6,UKA,NJR 22nd Annual Report 2025_Knees.pdf,53,pdf_text,not_needed,stratum,"All unicondylar, cemented | lateral, fixed","All unicondylar, cemented","lateral, fixed",unicondylar,cemented,lateral,,fixed,Female,<55,<55,,,,,518,,1,1.64,0.82,3.25,,ok,False,cumulative_revision_km,"Kaplan-Meier (1-KM), percent",0.95,"All primary knee replacements, by sex, age group, fixation, constraint and bearing",
NJR,"England, Wales, Northern Ireland, Isle of Man, Guernsey",2025,to 2024-12-31,knee_casemix_sex_age_design,3.K6,UKA,NJR 22nd Annual Report 2025_Knees.pdf,53,pdf_text,not_needed,stratum,"All unicondylar, cemented | lateral, fixed","All unicondylar, cemented","lateral, fixed",unicondylar,cemented,lateral,,fixed,Female,<55,<55,,,,,518,,3,3.42,2.1,5.52,,ok,False,cumulative_revision_km,"Kaplan-Meier (1-KM), percent",0.95,"All primary knee replacements, by sex, age group, fixation, constraint and bearing",
NJR,"England, Wales, Northern Ireland, Isle of Man, Guernsey",2025,to 2024-12-31,knee_casemix_sex_age_design,3.K6,UKA,NJR 22nd Annual Report 2025_Knees.pdf,53,pdf_text,not_needed,stratum,"All unicondylar, cemented | lateral, fixed","All unicondylar, cemented","lateral, fixed",unicondylar,cemented,lateral,,fixed,Female,<55,<55,,,,,518,,5,5.81,3.95,8.51,,ok,False,cumulative_revision_km,"Kaplan-Meier (1-KM), percent",0.95,"All primary knee replacements, by sex, age group, fixation, constraint and bearing",
NJR,"England, Wales, Northern Ireland, Isle of Man, Guernsey",2025,to 2024-12-31,knee_casemix_sex_age_design,3.K6,UKA,NJR 22nd Annual Report 2025_Knees.pdf,53,pdf_text,not_needed,stratum,"All unicondylar, cemented | lateral, fixed","All unicondylar, cemented","lateral, fixed",unicondylar,cemented,lateral,,fixed,Female,<55,<55,,,,,518,,10,12.52,9.24,16.85,,ok,True,cumulative_revision_km,"Kaplan-Meier (1-KM), percent",0.95,"All primary knee replacements, by sex, age group, fixation, constraint and bearing",
NJR,"England, Wales, Northern Ireland, Isle of Man, Guernsey",2025,to 2024-12-31,knee_casemix_sex_age_design,3.K6,UKA,NJR 22nd Annual Report 2025_Knees.pdf,53,pdf_text,not_needed,stratum,"All unicondylar, cemented | lateral, fixed","All unicondylar, cemented","lateral, fixed",unicondylar,cemented,lateral,,fixed,Female,<55,<55,,,,,518,,15,19.18,14.28,25.48,,ok,True,cumulative_revision_km,"Kaplan-Meier (1-KM), percent",0.95,"All primary knee replacements, by sex, age group, fixation, constraint and bearing",
NJR,"England, Wales, Northern Ireland, Isle of Man, Guernsey",2025,to 2024-12-31,knee_casemix_sex_age_design,3.K6,UKA,NJR 22nd Annual Report 2025_Knees.pdf,53,pdf_text,not_needed,stratum,"All unicondylar, cemented | lateral, fixed","All unicondylar, cemented","lateral, fixed",unicondylar,cemented,lateral,,fixed,Female,<55,<55,,,,,518,,20,,,,,blank,False,cumulative_revision_km,"Kaplan-Meier (1-KM), percent",0.95,"All primary knee replacements, by sex, age group, fixation, constraint and bearing",
NJR,"England, Wales, Northern Ireland, Isle of Man, Guernsey",2025,to 2024-12-31,knee_casemix_sex_age_design,3.K6,UKA,NJR 22nd Annual Report 2025_Knees.pdf,53,pdf_text,not_needed,stratum,"All unicondylar, cemented | lateral, mobile","All unicondylar, cemented","lateral, mobile",unicondylar,cemented,lateral,,mobile,Male,<55,<55,,,,,137,,1,1.47,0.37,5.75,,ok,True,cumulative_revision_km,"Kaplan-Meier (1-KM), percent",0.95,"All primary knee replacements, by sex, age group, fixation, constraint and bearing",
NJR,"England, Wales, Northern Ireland, Isle of Man, Guernsey",2025,to 2024-12-31,knee_casemix_sex_age_design,3.K6,UKA,NJR 22nd Annual Report 2025_Knees.pdf,53,pdf_text,not_needed,stratum,"All unicondylar, cemented | lateral, mobile","All unicondylar, cemented","lateral, mobile",unicondylar,cemented,lateral,,mobile,Male,<55,<55,,,,,137,,3,4.41,2.01,9.56,,ok,True,cumulative_revision_km,"Kaplan-Meier (1-KM), percent",0.95,"All primary knee replacements, by sex, age group, fixation, constraint and bearing",
NJR,"England, Wales, Northern Ireland, Isle of Man, Guernsey",2025,to 2024-12-31,knee_casemix_sex_age_design,3.K6,UKA,NJR 22nd Annual Report 2025_Knees.pdf,53,pdf_text,not_needed,stratum,"All unicondylar, cemented | lateral, mobile","All unicondylar, cemented","lateral, mobile",unicondylar,cemented,lateral,,mobile,Male,<55,<55,,,,,137,,5,8.09,4.57,14.14,,ok,True,cumulative_revision_km,"Kaplan-Meier (1-KM), percent",0.95,"All primary knee replacements, by sex, age group, fixation, constraint and bearing",
NJR,"England, Wales, Northern Ireland, Isle of Man, Guernsey",2025,to 2024-12-31,knee_casemix_sex_age_design,3.K6,UKA,NJR 22nd Annual Report 2025_Knees.pdf,53,pdf_text,not_needed,stratum,"All unicondylar, cemented | lateral, mobile","All unicondylar, cemented","lateral, mobile",unicondylar,cemented,lateral,,mobile,Male,<55,<55,,,,,137,,10,19.09,13.31,26.97,,ok,True,cumulative_revision_km,"Kaplan-Meier (1-KM), percent",0.95,"All primary knee replacements, by sex, age group, fixation, constraint and bearing",
NJR,"England, Wales, Northern Ireland, Isle of Man, Guernsey",2025,to 2024-12-31,knee_casemix_sex_age_design,3.K6,UKA,NJR 22nd Annual Report 2025_Knees.pdf,53,pdf_text,not_needed,stratum,"All unicondylar, cemented | lateral, mobile","All unicondylar, cemented","lateral, mobile",unicondylar,cemented,lateral,,mobile,Male,<55,<55,,,,,137,,15,26.44,19.33,35.52,,ok,True,cumulative_revision_km,"Kaplan-Meier (1-KM), percent",0.95,"All primary knee replacements, by sex, age group, fixation, constraint and bearing",
NJR,"England, Wales, Northern Ireland, Isle of Man, Guernsey",2025,to 2024-12-31,knee_casemix_sex_age_design,3.K6,UKA,NJR 22nd Annual Report 2025_Knees.pdf,53,pdf_text,not_needed,stratum,"All unicondylar, cemented | lateral, mobile","All unicondylar, cemented","lateral, mobile",unicondylar,cemented,lateral,,mobile,Male,<55,<55,,,,,137,,20,,,,,blank,False,cumulative_revision_km,"Kaplan-Meier (1-KM), percent",0.95,"All primary knee replacements, by sex, age group, fixation, constraint and bearing",
NJR,"England, Wales, Northern Ireland, Isle of Man, Guernsey",2025,to 2024-12-31,knee_casemix_sex_age_design,3.K6,UKA,NJR 22nd Annual Report 2025_Knees.pdf,53,pdf_text,not_needed,stratum,"All unicondylar, cemented | lateral, mobile","All unicondylar, cemented","lateral, mobile",unicondylar,cemented,lateral,,mobile,Female,<55,<55,,,,,158,,1,4.43,2.14,9.07,,ok,True,cumulative_revision_km,"Kaplan-Meier (1-KM), percent",0.95,"All primary knee replacements, by sex, age group, fixation, constraint and bearing",
NJR,"England, Wales, Northern Ireland, Isle of Man, Guernsey",2025,to 2024-12-31,knee_casemix_sex_age_design,3.K6,UKA,NJR 22nd Annual Report 2025_Knees.pdf,53,pdf_text,not_needed,stratum,"All unicondylar, cemented | lateral, mobile","All unicondylar, cemented","lateral, mobile",unicondylar,cemented,lateral,,mobile,Female,<55,<55,,,,,158,,3,8.86,5.35,14.5,,ok,True,cumulative_revision_km,"Kaplan-Meier (1-KM), percent",0.95,"All primary knee replacements, by sex, age group, fixation, constraint and bearing",
NJR,"England, Wales, Northern Ireland, Isle of Man, Guernsey",2025,to 2024-12-31,knee_casemix_sex_age_design,3.K6,UKA,NJR 22nd Annual Report 2025_Knees.pdf,53,pdf_text,not_needed,stratum,"All unicondylar, cemented | lateral, mobile","All unicondylar, cemented","lateral, mobile",unicondylar,cemented,lateral,,mobile,Female,<55,<55,,,,,158,,5,13.29,8.88,19.65,,ok,True,cumulative_revision_km,"Kaplan-Meier (1-KM), percent",0.95,"All primary knee replacements, by sex, age group, fixation, constraint and bearing",
NJR,"England, Wales, Northern Ireland, Isle of Man, Guernsey",2025,to 2024-12-31,knee_casemix_sex_age_design,3.K6,UKA,NJR 22nd Annual Report 2025_Knees.pdf,53,pdf_text,not_needed,stratum,"All unicondylar, cemented | lateral, mobile","All unicondylar, cemented","lateral, mobile",unicondylar,cemented,lateral,,mobile,Female,<55,<55,,,,,158,,10,17.78,12.64,24.71,,ok,True,cumulative_revision_km,"Kaplan-Meier (1-KM), percent",0.95,"All primary knee replacements, by sex, age group, fixation, constraint and bearing",
NJR,"England, Wales, Northern Ireland, Isle of Man, Guernsey",2025,to 2024-12-31,knee_casemix_sex_age_design,3.K6,UKA,NJR 22nd Annual Report 2025_Knees.pdf,53,pdf_text,not_needed,stratum,"All unicondylar, cemented | lateral, mobile","All unicondylar, cemented","lateral, mobile",unicondylar,cemented,lateral,,mobile,Female,<55,<55,,,,,158,,15,24.71,18.51,32.54,,ok,True,cumulative_revision_km,"Kaplan-Meier (1-KM), percent",0.95,"All primary knee replacements, by sex, age group, fixation, constraint and bearing",
NJR,"England, Wales, Northern Ireland, Isle of Man, Guernsey",2025,to 2024-12-31,knee_casemix_sex_age_design,3.K6,UKA,NJR 22nd Annual Report 2025_Knees.pdf,53,pdf_text,not_needed,stratum,"All unicondylar, cemented | lateral, mobile","All unicondylar, cemented","lateral, mobile",unicondylar,cemented,lateral,,mobile,Female,<55,<55,,,,,158,,20,,,,,blank,False,cumulative_revision_km,"Kaplan-Meier (1-KM), percent",0.95,"All primary knee replacements, by sex, age group, fixation, constraint and bearing",
NJR,"England, Wales, Northern Ireland, Isle of Man, Guernsey",2025,to 2024-12-31,knee_casemix_sex_age_design,3.K6,UKA,NJR 22nd Annual Report 2025_Knees.pdf,53,pdf_text,not_needed,stratum,"All unicondylar, cemented | lateral, MBT","All unicondylar, cemented","lateral, MBT",unicondylar,cemented,lateral,,MBT,Male,<55,<55,,,,,77,,1,2.63,0.66,10.11,,ok,True,cumulative_revision_km,"Kaplan-Meier (1-KM), percent",0.95,"All primary knee replacements, by sex, age group, fixation, constraint and bearing",
NJR,"England, Wales, Northern Ireland, Isle of Man, Guernsey",2025,to 2024-12-31,knee_casemix_sex_age_design,3.K6,UKA,NJR 22nd Annual Report 2025_Knees.pdf,53,pdf_text,not_needed,stratum,"All unicondylar, cemented | lateral, MBT","All unicondylar, cemented","lateral, MBT",unicondylar,cemented,lateral,,MBT,Male,<55,<55,,,,,77,,3,6.58,2.79,15.09,,ok,True,cumulative_revision_km,"Kaplan-Meier (1-KM), percent",0.95,"All primary knee replacements, by sex, age group, fixation, constraint and bearing",
NJR,"England, Wales, Northern Ireland, Isle of Man, Guernsey",2025,to 2024-12-31,knee_casemix_sex_age_design,3.K6,UKA,NJR 22nd Annual Report 2025_Knees.pdf,53,pdf_text,not_needed,stratum,"All unicondylar, cemented | lateral, MBT","All unicondylar, cemented","lateral, MBT",unicondylar,cemented,lateral,,MBT,Male,<55,<55,,,,,77,,5,7.93,3.64,16.81,,ok,True,cumulative_revision_km,"Kaplan-Meier (1-KM), percent",0.95,"All primary knee replacements, by sex, age group, fixation, constraint and bearing",
NJR,"England, Wales, Northern Ireland, Isle of Man, Guernsey",2025,to 2024-12-31,knee_casemix_sex_age_design,3.K6,UKA,NJR 22nd Annual Report 2025_Knees.pdf,53,pdf_text,not_needed,stratum,"All unicondylar, cemented | lateral, MBT","All unicondylar, cemented","lateral, MBT",unicondylar,cemented,lateral,,MBT,Male,<55,<55,,,,,77,,10,19.95,12.29,31.45,,ok,True,cumulative_revision_km,"Kaplan-Meier (1-KM), percent",0.95,"All primary knee replacements, by sex, age group, fixation, constraint and bearing",
NJR,"England, Wales, Northern Ireland, Isle of Man, Guernsey",2025,to 2024-12-31,knee_casemix_sex_age_design,3.K6,UKA,NJR 22nd Annual Report 2025_Knees.pdf,53,pdf_text,not_needed,stratum,"All unicondylar, cemented | lateral, MBT","All unicondylar, cemented","lateral, MBT",unicondylar,cemented,lateral,,MBT,Male,<55,<55,,,,,77,,15,29.06,19.44,42.02,,ok,True,cumulative_revision_km,"Kaplan-Meier (1-KM), percent",0.95,"All primary knee replacements, by sex, age group, fixation, constraint and bearing",
NJR,"England, Wales, Northern Ireland, Isle of Man, Guernsey",2025,to 2024-12-31,knee_casemix_sex_age_design,3.K6,UKA,NJR 22nd Annual Report 2025_Knees.pdf,53,pdf_text,not_needed,stratum,"All unicondylar, cemented | lateral, MBT","All unicondylar, cemented","lateral, MBT",unicondylar,cemented,lateral,,MBT,Male,<55,<55,,,,,77,,20,,,,,blank,False,cumulative_revision_km,"Kaplan-Meier (1-KM), percent",0.95,"All primary knee replacements, by sex, age group, fixation, constraint and bearing",
NJR,"England, Wales, Northern Ireland, Isle of Man, Guernsey",2025,to 2024-12-31,knee_casemix_sex_age_design,3.K6,UKA,NJR 22nd Annual Report 2025_Knees.pdf,53,pdf_text,not_needed,stratum,"All unicondylar, cemented | lateral, MBT","All unicondylar, cemented","lateral, MBT",unicondylar,cemented,lateral,,MBT,Female,<55,<55,,,,,78,,1,0.0,,,,ci_not_estimable,True,cumulative_revision_km,"Kaplan-Meier (1-KM), percent",0.95,"All primary knee replacements, by sex, age group, fixation, constraint and bearing",
NJR,"England, Wales, Northern Ireland, Isle of Man, Guernsey",2025,to 2024-12-31,knee_casemix_sex_age_design,3.K6,UKA,NJR 22nd Annual Report 2025_Knees.pdf,53,pdf_text,not_needed,stratum,"All unicondylar, cemented | lateral, MBT","All unicondylar, cemented","lateral, MBT",unicondylar,cemented,lateral,,MBT,Female,<55,<55,,,,,78,,3,5.3,2.02,13.51,,ok,True,cumulative_revision_km,"Kaplan-Meier (1-KM), percent",0.95,"All primary knee replacements, by sex, age group, fixation, constraint and bearing",
NJR,"England, Wales, Northern Ireland, Isle of Man, Guernsey",2025,to 2024-12-31,knee_casemix_sex_age_design,3.K6,UKA,NJR 22nd Annual Report 2025_Knees.pdf,53,pdf_text,not_needed,stratum,"All unicondylar, cemented | lateral, MBT","All unicondylar, cemented","lateral, MBT",unicondylar,cemented,lateral,,MBT,Female,<55,<55,,,,,78,,5,9.38,4.58,18.68,,ok,True,cumulative_revision_km,"Kaplan-Meier (1-KM), percent",0.95,"All primary knee replacements, by sex, age group, fixation, constraint and bearing",
NJR,"England, Wales, Northern Ireland, Isle of Man, Guernsey",2025,to 2024-12-31,knee_casemix_sex_age_design,3.K6,UKA,NJR 22nd Annual Report 2025_Knees.pdf,53,pdf_text,not_needed,stratum,"All unicondylar, cemented | lateral, MBT","All unicondylar, cemented","lateral, MBT",unicondylar,cemented,lateral,,MBT,Female,<55,<55,,,,,78,,10,12.89,6.85,23.53,,ok,True,cumulative_revision_km,"Kaplan-Meier (1-KM), percent",0.95,"All primary knee replacements, by sex, age group, fixation, constraint and bearing",
NJR,"England, Wales, Northern Ireland, Isle of Man, Guernsey",2025,to 2024-12-31,knee_casemix_sex_age_design,3.K6,UKA,NJR 22nd Annual Report 2025_Knees.pdf,53,pdf_text,not_needed,stratum,"All unicondylar, cemented | lateral, MBT","All unicondylar, cemented","lateral, MBT",unicondylar,cemented,lateral,,MBT,Female,<55,<55,,,,,78,,15,25.99,15.01,42.72,,ok,True,cumulative_revision_km,"Kaplan-Meier (1-KM), percent",0.95,"All primary knee replacements, by sex, age group, fixation, constraint and bearing",
NJR,"England, Wales, Northern Ireland, Isle of Man, Guernsey",2025,to 2024-12-31,knee_casemix_sex_age_design,3.K6,UKA,NJR 22nd Annual Report 2025_Knees.pdf,53,pdf_text,not_needed,stratum,"All unicondylar, cemented | lateral, MBT","All unicondylar, cemented","lateral, MBT",unicondylar,cemented,lateral,,MBT,Female,<55,<55,,,,,78,,20,,,,,blank,False,cumulative_revision_km,"Kaplan-Meier (1-KM), percent",0.95,"All primary knee replacements, by sex, age group, fixation, constraint and bearing",
NJR,"England, Wales, Northern Ireland, Isle of Man, Guernsey",2025,to 2024-12-31,knee_casemix_sex_age_design,3.K6,UKA,NJR 22nd Annual Report 2025_Knees.pdf,53,pdf_text,not_needed,group,"All unicondylar, uncemented/hybrid","All unicondylar, uncemented/hybrid",,unicondylar,uncemented/hybrid,,,,Male,<55,<55,,,,,3175,,1,1.47,1.1,1.97,,ok,False,cumulative_revision_km,"Kaplan-Meier (1-KM), percent",0.95,"All primary knee replacements, by sex, age group, fixation, constraint and bearing",
NJR,"England, Wales, Northern Ireland, Isle of Man, Guernsey",2025,to 2024-12-31,knee_casemix_sex_age_design,3.K6,UKA,NJR 22nd Annual Report 2025_Knees.pdf,53,pdf_text,not_needed,group,"All unicondylar, uncemented/hybrid","All unicondylar, uncemented/hybrid",,unicondylar,uncemented/hybrid,,,,Male,<55,<55,,,,,3175,,3,2.89,2.33,3.57,,ok,False,cumulative_revision_km,"Kaplan-Meier (1-KM), percent",0.95,"All primary knee replacements, by sex, age group, fixation, constraint and bearing",
NJR,"England, Wales, Northern Ireland, Isle of Man, Guernsey",2025,to 2024-12-31,knee_casemix_sex_age_design,3.K6,UKA,NJR 22nd Annual Report 2025_Knees.pdf,53,pdf_text,not_needed,group,"All unicondylar, uncemented/hybrid","All unicondylar, uncemented/hybrid",,unicondylar,uncemented/hybrid,,,,Male,<55,<55,,,,,3175,,5,3.75,3.09,4.55,,ok,False,cumulative_revision_km,"Kaplan-Meier (1-KM), percent",0.95,"All primary knee replacements, by sex, age group, fixation, constraint and bearing",
NJR,"England, Wales, Northern Ireland, Isle of Man, Guernsey",2025,to 2024-12-31,knee_casemix_sex_age_design,3.K6,UKA,NJR 22nd Annual Report 2025_Knees.pdf,53,pdf_text,not_needed,group,"All unicondylar, uncemented/hybrid","All unicondylar, uncemented/hybrid",,unicondylar,uncemented/hybrid,,,,Male,<55,<55,,,,,3175,,10,8.55,7.21,10.13,,ok,False,cumulative_revision_km,"Kaplan-Meier (1-KM), percent",0.95,"All primary knee replacements, by sex, age group, fixation, constraint and bearing",
NJR,"England, Wales, Northern Ireland, Isle of Man, Guernsey",2025,to 2024-12-31,knee_casemix_sex_age_design,3.K6,UKA,NJR 22nd Annual Report 2025_Knees.pdf,53,pdf_text,not_needed,group,"All unicondylar, uncemented/hybrid","All unicondylar, uncemented/hybrid",,unicondylar,uncemented/hybrid,,,,Male,<55,<55,,,,,3175,,15,18.91,14.72,24.12,,ok,True,cumulative_revision_km,"Kaplan-Meier (1-KM), percent",0.95,"All primary knee replacements, by sex, age group, fixation, constraint and bearing",
NJR,"England, Wales, Northern Ireland, Isle of Man, Guernsey",2025,to 2024-12-31,knee_casemix_sex_age_design,3.K6,UKA,NJR 22nd Annual Report 2025_Knees.pdf,53,pdf_text,not_needed,group,"All unicondylar, uncemented/hybrid","All unicondylar, uncemented/hybrid",,unicondylar,uncemented/hybrid,,,,Male,<55,<55,,,,,3175,,20,,,,,blank,False,cumulative_revision_km,"Kaplan-Meier (1-KM), percent",0.95,"All primary knee replacements, by sex, age group, fixation, constraint and bearing",
NJR,"England, Wales, Northern Ireland, Isle of Man, Guernsey",2025,to 2024-12-31,knee_casemix_sex_age_design,3.K6,UKA,NJR 22nd Annual Report 2025_Knees.pdf,53,pdf_text,not_needed,group,"All unicondylar, uncemented/hybrid","All unicondylar, uncemented/hybrid",,unicondylar,uncemented/hybrid,,,,Female,<55,<55,,,,,3605,,1,1.21,0.89,1.63,,ok,False,cumulative_revision_km,"Kaplan-Meier (1-KM), percent",0.95,"All primary knee replacements, by sex, age group, fixation, constraint and bearing",
NJR,"England, Wales, Northern Ireland, Isle of Man, Guernsey",2025,to 2024-12-31,knee_casemix_sex_age_design,3.K6,UKA,NJR 22nd Annual Report 2025_Knees.pdf,53,pdf_text,not_needed,group,"All unicondylar, uncemented/hybrid","All unicondylar, uncemented/hybrid",,unicondylar,uncemented/hybrid,,,,Female,<55,<55,,,,,3605,,3,3.26,2.7,3.95,,ok,False,cumulative_revision_km,"Kaplan-Meier (1-KM), percent",0.95,"All primary knee replacements, by sex, age group, fixation, constraint and bearing",
NJR,"England, Wales, Northern Ireland, Isle of Man, Guernsey",2025,to 2024-12-31,knee_casemix_sex_age_design,3.K6,UKA,NJR 22nd Annual Report 2025_Knees.pdf,53,pdf_text,not_needed,group,"All unicondylar, uncemented/hybrid","All unicondylar, uncemented/hybrid",,unicondylar,uncemented/hybrid,,,,Female,<55,<55,,,,,3605,,5,5.19,4.42,6.08,,ok,False,cumulative_revision_km,"Kaplan-Meier (1-KM), percent",0.95,"All primary knee replacements, by sex, age group, fixation, constraint and bearing",
NJR,"England, Wales, Northern Ireland, Isle of Man, Guernsey",2025,to 2024-12-31,knee_casemix_sex_age_design,3.K6,UKA,NJR 22nd Annual Report 2025_Knees.pdf,53,pdf_text,not_needed,group,"All unicondylar, uncemented/hybrid","All unicondylar, uncemented/hybrid",,unicondylar,uncemented/hybrid,,,,Female,<55,<55,,,,,3605,,10,9.24,7.96,10.72,,ok,False,cumulative_revision_km,"Kaplan-Meier (1-KM), percent",0.95,"All primary knee replacements, by sex, age group, fixation, constraint and bearing",
NJR,"England, Wales, Northern Ireland, Isle of Man, Guernsey",2025,to 2024-12-31,knee_casemix_sex_age_design,3.K6,UKA,NJR 22nd Annual Report 2025_Knees.pdf,53,pdf_text,not_needed,group,"All unicondylar, uncemented/hybrid","All unicondylar, uncemented/hybrid",,unicondylar,uncemented/hybrid,,,,Female,<55,<55,,,,,3605,,15,18.6,14.13,24.28,,ok,True,cumulative_revision_km,"Kaplan-Meier (1-KM), percent",0.95,"All primary knee replacements, by sex, age group, fixation, constraint and bearing",
NJR,"England, Wales, Northern Ireland, Isle of Man, Guernsey",2025,to 2024-12-31,knee_casemix_sex_age_design,3.K6,UKA,NJR 22nd Annual Report 2025_Knees.pdf,53,pdf_text,not_needed,group,"All unicondylar, uncemented/hybrid","All unicondylar, uncemented/hybrid",,unicondylar,uncemented/hybrid,,,,Female,<55,<55,,,,,3605,,20,,,,,blank,False,cumulative_revision_km,"Kaplan-Meier (1-KM), percent",0.95,"All primary knee replacements, by sex, age group, fixation, constraint and bearing",
NJR,"England, Wales, Northern Ireland, Isle of Man, Guernsey",2025,to 2024-12-31,knee_casemix_sex_age_design,3.K6,UKA,NJR 22nd Annual Report 2025_Knees.pdf,53,pdf_text,not_needed,stratum,"All unicondylar, uncemented/hybrid | medial, fixed","All unicondylar, uncemented/hybrid","medial, fixed",unicondylar,uncemented/hybrid,medial,,fixed,Male,<55,<55,,,,,7,,1,,,,,blank,False,cumulative_revision_km,"Kaplan-Meier (1-KM), percent",0.95,"All primary knee replacements, by sex, age group, fixation, constraint and bearing",
NJR,"England, Wales, Northern Ireland, Isle of Man, Guernsey",2025,to 2024-12-31,knee_casemix_sex_age_design,3.K6,UKA,NJR 22nd Annual Report 2025_Knees.pdf,53,pdf_text,not_needed,stratum,"All unicondylar, uncemented/hybrid | medial, fixed","All unicondylar, uncemented/hybrid","medial, fixed",unicondylar,uncemented/hybrid,medial,,fixed,Male,<55,<55,,,,,7,,3,,,,,blank,False,cumulative_revision_km,"Kaplan-Meier (1-KM), percent",0.95,"All primary knee replacements, by sex, age group, fixation, constraint and bearing",
NJR,"England, Wales, Northern Ireland, Isle of Man, Guernsey",2025,to 2024-12-31,knee_casemix_sex_age_design,3.K6,UKA,NJR 22nd Annual Report 2025_Knees.pdf,53,pdf_text,not_needed,stratum,"All unicondylar, uncemented/hybrid | medial, fixed","All unicondylar, uncemented/hybrid","medial, fixed",unicondylar,uncemented/hybrid,medial,,fixed,Male,<55,<55,,,,,7,,5,,,,,blank,False,cumulative_revision_km,"Kaplan-Meier (1-KM), percent",0.95,"All primary knee replacements, by sex, age group, fixation, constraint and bearing",
NJR,"England, Wales, Northern Ireland, Isle of Man, Guernsey",2025,to 2024-12-31,knee_casemix_sex_age_design,3.K6,UKA,NJR 22nd Annual Report 2025_Knees.pdf,53,pdf_text,not_needed,stratum,"All unicondylar, uncemented/hybrid | medial, fixed","All unicondylar, uncemented/hybrid","medial, fixed",unicondylar,uncemented/hybrid,medial,,fixed,Male,<55,<55,,,,,7,,10,,,,,blank,False,cumulative_revision_km,"Kaplan-Meier (1-KM), percent",0.95,"All primary knee replacements, by sex, age group, fixation, constraint and bearing",
NJR,"England, Wales, Northern Ireland, Isle of Man, Guernsey",2025,to 2024-12-31,knee_casemix_sex_age_design,3.K6,UKA,NJR 22nd Annual Report 2025_Knees.pdf,53,pdf_text,not_needed,stratum,"All unicondylar, uncemented/hybrid | medial, fixed","All unicondylar, uncemented/hybrid","medial, fixed",unicondylar,uncemented/hybrid,medial,,fixed,Male,<55,<55,,,,,7,,15,,,,,blank,False,cumulative_revision_km,"Kaplan-Meier (1-KM), percent",0.95,"All primary knee replacements, by sex, age group, fixation, constraint and bearing",
NJR,"England, Wales, Northern Ireland, Isle of Man, Guernsey",2025,to 2024-12-31,knee_casemix_sex_age_design,3.K6,UKA,NJR 22nd Annual Report 2025_Knees.pdf,53,pdf_text,not_needed,stratum,"All unicondylar, uncemented/hybrid | medial, fixed","All unicondylar, uncemented/hybrid","medial, fixed",unicondylar,uncemented/hybrid,medial,,fixed,Male,<55,<55,,,,,7,,20,,,,,blank,False,cumulative_revision_km,"Kaplan-Meier (1-KM), percent",0.95,"All primary knee replacements, by sex, age group, fixation, constraint and bearing",
NJR,"England, Wales, Northern Ireland, Isle of Man, Guernsey",2025,to 2024-12-31,knee_casemix_sex_age_design,3.K6,UKA,NJR 22nd Annual Report 2025_Knees.pdf,53,pdf_text,not_needed,stratum,"All unicondylar, uncemented/hybrid | medial, fixed","All unicondylar, uncemented/hybrid","medial, fixed",unicondylar,uncemented/hybrid,medial,,fixed,Female,<55,<55,,,,,13,,1,,,,,blank,False,cumulative_revision_km,"Kaplan-Meier (1-KM), percent",0.95,"All primary knee replacements, by sex, age group, fixation, constraint and bearing",
NJR,"England, Wales, Northern Ireland, Isle of Man, Guernsey",2025,to 2024-12-31,knee_casemix_sex_age_design,3.K6,UKA,NJR 22nd Annual Report 2025_Knees.pdf,53,pdf_text,not_needed,stratum,"All unicondylar, uncemented/hybrid | medial, fixed","All unicondylar, uncemented/hybrid","medial, fixed",unicondylar,uncemented/hybrid,medial,,fixed,Female,<55,<55,,,,,13,,3,15.38,4.09,48.78,,ok,True,cumulative_revision_km,"Kaplan-Meier (1-KM), percent",0.95,"All primary knee replacements, by sex, age group, fixation, constraint and bearing",
NJR,"England, Wales, Northern Ireland, Isle of Man, Guernsey",2025,to 2024-12-31,knee_casemix_sex_age_design,3.K6,UKA,NJR 22nd Annual Report 2025_Knees.pdf,53,pdf_text,not_needed,stratum,"All unicondylar, uncemented/hybrid | medial, fixed","All unicondylar, uncemented/hybrid","medial, fixed",unicondylar,uncemented/hybrid,medial,,fixed,Female,<55,<55,,,,,13,,5,15.38,4.09,48.78,,ok,True,cumulative_revision_km,"Kaplan-Meier (1-KM), percent",0.95,"All primary knee replacements, by sex, age group, fixation, constraint and bearing",
NJR,"England, Wales, Northern Ireland, Isle of Man, Guernsey",2025,to 2024-12-31,knee_casemix_sex_age_design,3.K6,UKA,NJR 22nd Annual Report 2025_Knees.pdf,53,pdf_text,not_needed,stratum,"All unicondylar, uncemented/hybrid | medial, fixed","All unicondylar, uncemented/hybrid","medial, fixed",unicondylar,uncemented/hybrid,medial,,fixed,Female,<55,<55,,,,,13,,10,,,,,blank,False,cumulative_revision_km,"Kaplan-Meier (1-KM), percent",0.95,"All primary knee replacements, by sex, age group, fixation, constraint and bearing",
NJR,"England, Wales, Northern Ireland, Isle of Man, Guernsey",2025,to 2024-12-31,knee_casemix_sex_age_design,3.K6,UKA,NJR 22nd Annual Report 2025_Knees.pdf,53,pdf_text,not_needed,stratum,"All unicondylar, uncemented/hybrid | medial, fixed","All unicondylar, uncemented/hybrid","medial, fixed",unicondylar,uncemented/hybrid,medial,,fixed,Female,<55,<55,,,,,13,,15,,,,,blank,False,cumulative_revision_km,"Kaplan-Meier (1-KM), percent",0.95,"All primary knee replacements, by sex, age group, fixation, constraint and bearing",
NJR,"England, Wales, Northern Ireland, Isle of Man, Guernsey",2025,to 2024-12-31,knee_casemix_sex_age_design,3.K6,UKA,NJR 22nd Annual Report 2025_Knees.pdf,53,pdf_text,not_needed,stratum,"All unicondylar, uncemented/hybrid | medial, fixed","All unicondylar, uncemented/hybrid","medial, fixed",unicondylar,uncemented/hybrid,medial,,fixed,Female,<55,<55,,,,,13,,20,,,,,blank,False,cumulative_revision_km,"Kaplan-Meier (1-KM), percent",0.95,"All primary knee replacements, by sex, age group, fixation, constraint and bearing",
NJR,"England, Wales, Northern Ireland, Isle of Man, Guernsey",2025,to 2024-12-31,knee_casemix_sex_age_design,3.K6,UKA,NJR 22nd Annual Report 2025_Knees.pdf,53,pdf_text,not_needed,stratum,"All unicondylar, uncemented/hybrid | medial, mobile","All unicondylar, uncemented/hybrid","medial, mobile",unicondylar,uncemented/hybrid,medial,,mobile,Male,<55,<55,,,,,3008,,1,1.45,1.07,1.96,,ok,False,cumulative_revision_km,"Kaplan-Meier (1-KM), percent",0.95,"All primary knee replacements, by sex, age group, fixation, constraint and bearing",
NJR,"England, Wales, Northern Ireland, Isle of Man, Guernsey",2025,to 2024-12-31,knee_casemix_sex_age_design,3.K6,UKA,NJR 22nd Annual Report 2025_Knees.pdf,53,pdf_text,not_needed,stratum,"All unicondylar, uncemented/hybrid | medial, mobile","All unicondylar, uncemented/hybrid","medial, mobile",unicondylar,uncemented/hybrid,medial,,mobile,Male,<55,<55,,,,,3008,,3,2.79,2.23,3.48,,ok,False,cumulative_revision_km,"Kaplan-Meier (1-KM), percent",0.95,"All primary knee replacements, by sex, age group, fixation, constraint and bearing",
NJR,"England, Wales, Northern Ireland, Isle of Man, Guernsey",2025,to 2024-12-31,knee_casemix_sex_age_design,3.K6,UKA,NJR 22nd Annual Report 2025_Knees.pdf,53,pdf_text,not_needed,stratum,"All unicondylar, uncemented/hybrid | medial, mobile","All unicondylar, uncemented/hybrid","medial, mobile",unicondylar,uncemented/hybrid,medial,,mobile,Male,<55,<55,,,,,3008,,5,3.65,2.98,4.47,,ok,False,cumulative_revision_km,"Kaplan-Meier (1-KM), percent",0.95,"All primary knee replacements, by sex, age group, fixation, constraint and bearing",
NJR,"England, Wales, Northern Ireland, Isle of Man, Guernsey",2025,to 2024-12-31,knee_casemix_sex_age_design,3.K6,UKA,NJR 22nd Annual Report 2025_Knees.pdf,53,pdf_text,not_needed,stratum,"All unicondylar, uncemented/hybrid | medial, mobile","All unicondylar, uncemented/hybrid","medial, mobile",unicondylar,uncemented/hybrid,medial,,mobile,Male,<55,<55,,,,,3008,,10,8.23,6.88,9.84,,ok,False,cumulative_revision_km,"Kaplan-Meier (1-KM), percent",0.95,"All primary knee replacements, by sex, age group, fixation, constraint and bearing",
NJR,"England, Wales, Northern Ireland, Isle of Man, Guernsey",2025,to 2024-12-31,knee_casemix_sex_age_design,3.K6,UKA,NJR 22nd Annual Report 2025_Knees.pdf,53,pdf_text,not_needed,stratum,"All unicondylar, uncemented/hybrid | medial, mobile","All unicondylar, uncemented/hybrid","medial, mobile",unicondylar,uncemented/hybrid,medial,,mobile,Male,<55,<55,,,,,3008,,15,18.89,14.47,24.46,,ok,True,cumulative_revision_km,"Kaplan-Meier (1-KM), percent",0.95,"All primary knee replacements, by sex, age group, fixation, constraint and bearing",
NJR,"England, Wales, Northern Ireland, Isle of Man, Guernsey",2025,to 2024-12-31,knee_casemix_sex_age_design,3.K6,UKA,NJR 22nd Annual Report 2025_Knees.pdf,53,pdf_text,not_needed,stratum,"All unicondylar, uncemented/hybrid | medial, mobile","All unicondylar, uncemented/hybrid","medial, mobile",unicondylar,uncemented/hybrid,medial,,mobile,Male,<55,<55,,,,,3008,,20,,,,,blank,False,cumulative_revision_km,"Kaplan-Meier (1-KM), percent",0.95,"All primary knee replacements, by sex, age group, fixation, constraint and bearing",
NJR,"England, Wales, Northern Ireland, Isle of Man, Guernsey",2025,to 2024-12-31,knee_casemix_sex_age_design,3.K6,UKA,NJR 22nd Annual Report 2025_Knees.pdf,53,pdf_text,not_needed,stratum,"All unicondylar, uncemented/hybrid | medial, mobile","All unicondylar, uncemented/hybrid","medial, mobile",unicondylar,uncemented/hybrid,medial,,mobile,Female,<55,<55,,,,,3425,,1,1.21,0.89,1.65,,ok,False,cumulative_revision_km,"Kaplan-Meier (1-KM), percent",0.95,"All primary knee replacements, by sex, age group, fixation, constraint and bearing",
NJR,"England, Wales, Northern Ireland, Isle of Man, Guernsey",2025,to 2024-12-31,knee_casemix_sex_age_design,3.K6,UKA,NJR 22nd Annual Report 2025_Knees.pdf,53,pdf_text,not_needed,stratum,"All unicondylar, uncemented/hybrid | medial, mobile","All unicondylar, uncemented/hybrid","medial, mobile",unicondylar,uncemented/hybrid,medial,,mobile,Female,<55,<55,,,,,3425,,3,3.14,2.57,3.83,,ok,False,cumulative_revision_km,"Kaplan-Meier (1-KM), percent",0.95,"All primary knee replacements, by sex, age group, fixation, constraint and bearing",
NJR,"England, Wales, Northern Ireland, Isle of Man, Guernsey",2025,to 2024-12-31,knee_casemix_sex_age_design,3.K6,UKA,NJR 22nd Annual Report 2025_Knees.pdf,53,pdf_text,not_needed,stratum,"All unicondylar, uncemented/hybrid | medial, mobile","All unicondylar, uncemented/hybrid","medial, mobile",unicondylar,uncemented/hybrid,medial,,mobile,Female,<55,<55,,,,,3425,,5,5.05,4.27,5.96,,ok,False,cumulative_revision_km,"Kaplan-Meier (1-KM), percent",0.95,"All primary knee replacements, by sex, age group, fixation, constraint and bearing",
NJR,"England, Wales, Northern Ireland, Isle of Man, Guernsey",2025,to 2024-12-31,knee_casemix_sex_age_design,3.K6,UKA,NJR 22nd Annual Report 2025_Knees.pdf,53,pdf_text,not_needed,stratum,"All unicondylar, uncemented/hybrid | medial, mobile","All unicondylar, uncemented/hybrid","medial, mobile",unicondylar,uncemented/hybrid,medial,,mobile,Female,<55,<55,,,,,3425,,10,8.8,7.52,10.29,,ok,False,cumulative_revision_km,"Kaplan-Meier (1-KM), percent",0.95,"All primary knee replacements, by sex, age group, fixation, constraint and bearing",
NJR,"England, Wales, Northern Ireland, Isle of Man, Guernsey",2025,to 2024-12-31,knee_casemix_sex_age_design,3.K6,UKA,NJR 22nd Annual Report 2025_Knees.pdf,53,pdf_text,not_needed,stratum,"All unicondylar, uncemented/hybrid | medial, mobile","All unicondylar, uncemented/hybrid","medial, mobile",unicondylar,uncemented/hybrid,medial,,mobile,Female,<55,<55,,,,,3425,,15,17.32,13.03,22.83,,ok,True,cumulative_revision_km,"Kaplan-Meier (1-KM), percent",0.95,"All primary knee replacements, by sex, age group, fixation, constraint and bearing",
NJR,"England, Wales, Northern Ireland, Isle of Man, Guernsey",2025,to 2024-12-31,knee_casemix_sex_age_design,3.K6,UKA,NJR 22nd Annual Report 2025_Knees.pdf,53,pdf_text,not_needed,stratum,"All unicondylar, uncemented/hybrid | medial, mobile","All unicondylar, uncemented/hybrid","medial, mobile",unicondylar,uncemented/hybrid,medial,,mobile,Female,<55,<55,,,,,3425,,20,,,,,blank,False,cumulative_revision_km,"Kaplan-Meier (1-KM), percent",0.95,"All primary knee replacements, by sex, age group, fixation, constraint and bearing",
NJR,"England, Wales, Northern Ireland, Isle of Man, Guernsey",2025,to 2024-12-31,knee_casemix_sex_age_design,3.K6,UKA,NJR 22nd Annual Report 2025_Knees.pdf,54,pdf_text,not_needed,stratum,"All unicondylar, uncemented/hybrid | medial, MBT","All unicondylar, uncemented/hybrid","medial, MBT",unicondylar,uncemented/hybrid,medial,,MBT,Male,<55,<55,,,,,15,,1,,,,,blank,False,cumulative_revision_km,"Kaplan-Meier (1-KM), percent",0.95,"All primary knee replacements, by sex, age group, fixation, constraint and bearing",
NJR,"England, Wales, Northern Ireland, Isle of Man, Guernsey",2025,to 2024-12-31,knee_casemix_sex_age_design,3.K6,UKA,NJR 22nd Annual Report 2025_Knees.pdf,54,pdf_text,not_needed,stratum,"All unicondylar, uncemented/hybrid | medial, MBT","All unicondylar, uncemented/hybrid","medial, MBT",unicondylar,uncemented/hybrid,medial,,MBT,Male,<55,<55,,,,,15,,3,6.67,0.97,38.74,,ok,True,cumulative_revision_km,"Kaplan-Meier (1-KM), percent",0.95,"All primary knee replacements, by sex, age group, fixation, constraint and bearing",
NJR,"England, Wales, Northern Ireland, Isle of Man, Guernsey",2025,to 2024-12-31,knee_casemix_sex_age_design,3.K6,UKA,NJR 22nd Annual Report 2025_Knees.pdf,54,pdf_text,not_needed,stratum,"All unicondylar, uncemented/hybrid | medial, MBT","All unicondylar, uncemented/hybrid","medial, MBT",unicondylar,uncemented/hybrid,medial,,MBT,Male,<55,<55,,,,,15,,5,6.67,0.97,38.74,,ok,True,cumulative_revision_km,"Kaplan-Meier (1-KM), percent",0.95,"All primary knee replacements, by sex, age group, fixation, constraint and bearing",
NJR,"England, Wales, Northern Ireland, Isle of Man, Guernsey",2025,to 2024-12-31,knee_casemix_sex_age_design,3.K6,UKA,NJR 22nd Annual Report 2025_Knees.pdf,54,pdf_text,not_needed,stratum,"All unicondylar, uncemented/hybrid | medial, MBT","All unicondylar, uncemented/hybrid","medial, MBT",unicondylar,uncemented/hybrid,medial,,MBT,Male,<55,<55,,,,,15,,10,,,,,blank,False,cumulative_revision_km,"Kaplan-Meier (1-KM), percent",0.95,"All primary knee replacements, by sex, age group, fixation, constraint and bearing",
NJR,"England, Wales, Northern Ireland, Isle of Man, Guernsey",2025,to 2024-12-31,knee_casemix_sex_age_design,3.K6,UKA,NJR 22nd Annual Report 2025_Knees.pdf,54,pdf_text,not_needed,stratum,"All unicondylar, uncemented/hybrid | medial, MBT","All unicondylar, uncemented/hybrid","medial, MBT",unicondylar,uncemented/hybrid,medial,,MBT,Male,<55,<55,,,,,15,,15,,,,,blank,False,cumulative_revision_km,"Kaplan-Meier (1-KM), percent",0.95,"All primary knee replacements, by sex, age group, fixation, constraint and bearing",
NJR,"England, Wales, Northern Ireland, Isle of Man, Guernsey",2025,to 2024-12-31,knee_casemix_sex_age_design,3.K6,UKA,NJR 22nd Annual Report 2025_Knees.pdf,54,pdf_text,not_needed,stratum,"All unicondylar, uncemented/hybrid | medial, MBT","All unicondylar, uncemented/hybrid","medial, MBT",unicondylar,uncemented/hybrid,medial,,MBT,Male,<55,<55,,,,,15,,20,,,,,blank,False,cumulative_revision_km,"Kaplan-Meier (1-KM), percent",0.95,"All primary knee replacements, by sex, age group, fixation, constraint and bearing",
NJR,"England, Wales, Northern Ireland, Isle of Man, Guernsey",2025,to 2024-12-31,knee_casemix_sex_age_design,3.K6,UKA,NJR 22nd Annual Report 2025_Knees.pdf,54,pdf_text,not_needed,stratum,"All unicondylar, uncemented/hybrid | medial, MBT","All unicondylar, uncemented/hybrid","medial, MBT",unicondylar,uncemented/hybrid,medial,,MBT,Female,<55,<55,,,,,16,,1,,,,,blank,False,cumulative_revision_km,"Kaplan-Meier (1-KM), percent",0.95,"All primary knee replacements, by sex, age group, fixation, constraint and bearing",
NJR,"England, Wales, Northern Ireland, Isle of Man, Guernsey",2025,to 2024-12-31,knee_casemix_sex_age_design,3.K6,UKA,NJR 22nd Annual Report 2025_Knees.pdf,54,pdf_text,not_needed,stratum,"All unicondylar, uncemented/hybrid | medial, MBT","All unicondylar, uncemented/hybrid","medial, MBT",unicondylar,uncemented/hybrid,medial,,MBT,Female,<55,<55,,,,,16,,3,,,,,blank,False,cumulative_revision_km,"Kaplan-Meier (1-KM), percent",0.95,"All primary knee replacements, by sex, age group, fixation, constraint and bearing",
NJR,"England, Wales, Northern Ireland, Isle of Man, Guernsey",2025,to 2024-12-31,knee_casemix_sex_age_design,3.K6,UKA,NJR 22nd Annual Report 2025_Knees.pdf,54,pdf_text,not_needed,stratum,"All unicondylar, uncemented/hybrid | medial, MBT","All unicondylar, uncemented/hybrid","medial, MBT",unicondylar,uncemented/hybrid,medial,,MBT,Female,<55,<55,,,,,16,,5,6.25,0.9,36.77,,ok,True,cumulative_revision_km,"Kaplan-Meier (1-KM), percent",0.95,"All primary knee replacements, by sex, age group, fixation, constraint and bearing",
NJR,"England, Wales, Northern Ireland, Isle of Man, Guernsey",2025,to 2024-12-31,knee_casemix_sex_age_design,3.K6,UKA,NJR 22nd Annual Report 2025_Knees.pdf,54,pdf_text,not_needed,stratum,"All unicondylar, uncemented/hybrid | medial, MBT","All unicondylar, uncemented/hybrid","medial, MBT",unicondylar,uncemented/hybrid,medial,,MBT,Female,<55,<55,,,,,16,,10,12.5,3.28,41.4,,ok,True,cumulative_revision_km,"Kaplan-Meier (1-KM), percent",0.95,"All primary knee replacements, by sex, age group, fixation, constraint and bearing",
NJR,"England, Wales, Northern Ireland, Isle of Man, Guernsey",2025,to 2024-12-31,knee_casemix_sex_age_design,3.K6,UKA,NJR 22nd Annual Report 2025_Knees.pdf,54,pdf_text,not_needed,stratum,"All unicondylar, uncemented/hybrid | medial, MBT","All unicondylar, uncemented/hybrid","medial, MBT",unicondylar,uncemented/hybrid,medial,,MBT,Female,<55,<55,,,,,16,,15,,,,,blank,False,cumulative_revision_km,"Kaplan-Meier (1-KM), percent",0.95,"All primary knee replacements, by sex, age group, fixation, constraint and bearing",
NJR,"England, Wales, Northern Ireland, Isle of Man, Guernsey",2025,to 2024-12-31,knee_casemix_sex_age_design,3.K6,UKA,NJR 22nd Annual Report 2025_Knees.pdf,54,pdf_text,not_needed,stratum,"All unicondylar, uncemented/hybrid | medial, MBT","All unicondylar, uncemented/hybrid","medial, MBT",unicondylar,uncemented/hybrid,medial,,MBT,Female,<55,<55,,,,,16,,20,,,,,blank,False,cumulative_revision_km,"Kaplan-Meier (1-KM), percent",0.95,"All primary knee replacements, by sex, age group, fixation, constraint and bearing",
NJR,"England, Wales, Northern Ireland, Isle of Man, Guernsey",2025,to 2024-12-31,knee_casemix_sex_age_design,3.K6,UKA,NJR 22nd Annual Report 2025_Knees.pdf,54,pdf_text,not_needed,stratum,"All unicondylar, uncemented/hybrid | lateral, fixed","All unicondylar, uncemented/hybrid","lateral, fixed",unicondylar,uncemented/hybrid,lateral,,fixed,Male,<55,<55,,,,,84,,1,0.0,,,,ci_not_estimable,True,cumulative_revision_km,"Kaplan-Meier (1-KM), percent",0.95,"All primary knee replacements, by sex, age group, fixation, constraint and bearing",
NJR,"England, Wales, Northern Ireland, Isle of Man, Guernsey",2025,to 2024-12-31,knee_casemix_sex_age_design,3.K6,UKA,NJR 22nd Annual Report 2025_Knees.pdf,54,pdf_text,not_needed,stratum,"All unicondylar, uncemented/hybrid | lateral, fixed","All unicondylar, uncemented/hybrid","lateral, fixed",unicondylar,uncemented/hybrid,lateral,,fixed,Male,<55,<55,,,,,84,,3,0.0,,,,ci_not_estimable,True,cumulative_revision_km,"Kaplan-Meier (1-KM), percent",0.95,"All primary knee replacements, by sex, age group, fixation, constraint and bearing",
NJR,"England, Wales, Northern Ireland, Isle of Man, Guernsey",2025,to 2024-12-31,knee_casemix_sex_age_design,3.K6,UKA,NJR 22nd Annual Report 2025_Knees.pdf,54,pdf_text,not_needed,stratum,"All unicondylar, uncemented/hybrid | lateral, fixed","All unicondylar, uncemented/hybrid","lateral, fixed",unicondylar,uncemented/hybrid,lateral,,fixed,Male,<55,<55,,,,,84,,5,0.0,,,,ci_not_estimable,True,cumulative_revision_km,"Kaplan-Meier (1-KM), percent",0.95,"All primary knee replacements, by sex, age group, fixation, constraint and bearing",
NJR,"England, Wales, Northern Ireland, Isle of Man, Guernsey",2025,to 2024-12-31,knee_casemix_sex_age_design,3.K6,UKA,NJR 22nd Annual Report 2025_Knees.pdf,54,pdf_text,not_needed,stratum,"All unicondylar, uncemented/hybrid | lateral, fixed","All unicondylar, uncemented/hybrid","lateral, fixed",unicondylar,uncemented/hybrid,lateral,,fixed,Male,<55,<55,,,,,84,,10,,,,,blank,False,cumulative_revision_km,"Kaplan-Meier (1-KM), percent",0.95,"All primary knee replacements, by sex, age group, fixation, constraint and bearing",
NJR,"England, Wales, Northern Ireland, Isle of Man, Guernsey",2025,to 2024-12-31,knee_casemix_sex_age_design,3.K6,UKA,NJR 22nd Annual Report 2025_Knees.pdf,54,pdf_text,not_needed,stratum,"All unicondylar, uncemented/hybrid | lateral, fixed","All unicondylar, uncemented/hybrid","lateral, fixed",unicondylar,uncemented/hybrid,lateral,,fixed,Male,<55,<55,,,,,84,,15,,,,,blank,False,cumulative_revision_km,"Kaplan-Meier (1-KM), percent",0.95,"All primary knee replacements, by sex, age group, fixation, constraint and bearing",
NJR,"England, Wales, Northern Ireland, Isle of Man, Guernsey",2025,to 2024-12-31,knee_casemix_sex_age_design,3.K6,UKA,NJR 22nd Annual Report 2025_Knees.pdf,54,pdf_text,not_needed,stratum,"All unicondylar, uncemented/hybrid | lateral, fixed","All unicondylar, uncemented/hybrid","lateral, fixed",unicondylar,uncemented/hybrid,lateral,,fixed,Male,<55,<55,,,,,84,,20,,,,,blank,False,cumulative_revision_km,"Kaplan-Meier (1-KM), percent",0.95,"All primary knee replacements, by sex, age group, fixation, constraint and bearing",
NJR,"England, Wales, Northern Ireland, Isle of Man, Guernsey",2025,to 2024-12-31,knee_casemix_sex_age_design,3.K6,UKA,NJR 22nd Annual Report 2025_Knees.pdf,54,pdf_text,not_needed,stratum,"All unicondylar, uncemented/hybrid | lateral, fixed","All unicondylar, uncemented/hybrid","lateral, fixed",unicondylar,uncemented/hybrid,lateral,,fixed,Female,<55,<55,,,,,87,,1,0.0,,,,ci_not_estimable,True,cumulative_revision_km,"Kaplan-Meier (1-KM), percent",0.95,"All primary knee replacements, by sex, age group, fixation, constraint and bearing",
NJR,"England, Wales, Northern Ireland, Isle of Man, Guernsey",2025,to 2024-12-31,knee_casemix_sex_age_design,3.K6,UKA,NJR 22nd Annual Report 2025_Knees.pdf,54,pdf_text,not_needed,stratum,"All unicondylar, uncemented/hybrid | lateral, fixed","All unicondylar, uncemented/hybrid","lateral, fixed",unicondylar,uncemented/hybrid,lateral,,fixed,Female,<55,<55,,,,,87,,3,1.37,0.19,9.33,,ok,True,cumulative_revision_km,"Kaplan-Meier (1-KM), percent",0.95,"All primary knee replacements, by sex, age group, fixation, constraint and bearing",
NJR,"England, Wales, Northern Ireland, Isle of Man, Guernsey",2025,to 2024-12-31,knee_casemix_sex_age_design,3.K6,UKA,NJR 22nd Annual Report 2025_Knees.pdf,54,pdf_text,not_needed,stratum,"All unicondylar, uncemented/hybrid | lateral, fixed","All unicondylar, uncemented/hybrid","lateral, fixed",unicondylar,uncemented/hybrid,lateral,,fixed,Female,<55,<55,,,,,87,,5,3.61,0.88,14.23,,ok,True,cumulative_revision_km,"Kaplan-Meier (1-KM), percent",0.95,"All primary knee replacements, by sex, age group, fixation, constraint and bearing",
NJR,"England, Wales, Northern Ireland, Isle of Man, Guernsey",2025,to 2024-12-31,knee_casemix_sex_age_design,3.K6,UKA,NJR 22nd Annual Report 2025_Knees.pdf,54,pdf_text,not_needed,stratum,"All unicondylar, uncemented/hybrid | lateral, fixed","All unicondylar, uncemented/hybrid","lateral, fixed",unicondylar,uncemented/hybrid,lateral,,fixed,Female,<55,<55,,,,,87,,10,,,,,blank,False,cumulative_revision_km,"Kaplan-Meier (1-KM), percent",0.95,"All primary knee replacements, by sex, age group, fixation, constraint and bearing",
NJR,"England, Wales, Northern Ireland, Isle of Man, Guernsey",2025,to 2024-12-31,knee_casemix_sex_age_design,3.K6,UKA,NJR 22nd Annual Report 2025_Knees.pdf,54,pdf_text,not_needed,stratum,"All unicondylar, uncemented/hybrid | lateral, fixed","All unicondylar, uncemented/hybrid","lateral, fixed",unicondylar,uncemented/hybrid,lateral,,fixed,Female,<55,<55,,,,,87,,15,,,,,blank,False,cumulative_revision_km,"Kaplan-Meier (1-KM), percent",0.95,"All primary knee replacements, by sex, age group, fixation, constraint and bearing",
NJR,"England, Wales, Northern Ireland, Isle of Man, Guernsey",2025,to 2024-12-31,knee_casemix_sex_age_design,3.K6,UKA,NJR 22nd Annual Report 2025_Knees.pdf,54,pdf_text,not_needed,stratum,"All unicondylar, uncemented/hybrid | lateral, fixed","All unicondylar, uncemented/hybrid","lateral, fixed",unicondylar,uncemented/hybrid,lateral,,fixed,Female,<55,<55,,,,,87,,20,,,,,blank,False,cumulative_revision_km,"Kaplan-Meier (1-KM), percent",0.95,"All primary knee replacements, by sex, age group, fixation, constraint and bearing",
NJR,"England, Wales, Northern Ireland, Isle of Man, Guernsey",2025,to 2024-12-31,knee_casemix_sex_age_design,3.K6,UKA,NJR 22nd Annual Report 2025_Knees.pdf,54,pdf_text,not_needed,stratum,"All unicondylar, uncemented/hybrid | lateral, mobile","All unicondylar, uncemented/hybrid","lateral, mobile",unicondylar,uncemented/hybrid,lateral,,mobile,Male,<55,<55,,,,,55,,1,5.45,1.79,15.96,,ok,True,cumulative_revision_km,"Kaplan-Meier (1-KM), percent",0.95,"All primary knee replacements, by sex, age group, fixation, constraint and bearing",
NJR,"England, Wales, Northern Ireland, Isle of Man, Guernsey",2025,to 2024-12-31,knee_casemix_sex_age_design,3.K6,UKA,NJR 22nd Annual Report 2025_Knees.pdf,54,pdf_text,not_needed,stratum,"All unicondylar, uncemented/hybrid | lateral, mobile","All unicondylar, uncemented/hybrid","lateral, mobile",unicondylar,uncemented/hybrid,lateral,,mobile,Male,<55,<55,,,,,55,,3,9.17,3.92,20.64,,ok,True,cumulative_revision_km,"Kaplan-Meier (1-KM), percent",0.95,"All primary knee replacements, by sex, age group, fixation, constraint and bearing",
NJR,"England, Wales, Northern Ireland, Isle of Man, Guernsey",2025,to 2024-12-31,knee_casemix_sex_age_design,3.K6,UKA,NJR 22nd Annual Report 2025_Knees.pdf,54,pdf_text,not_needed,stratum,"All unicondylar, uncemented/hybrid | lateral, mobile","All unicondylar, uncemented/hybrid","lateral, mobile",unicondylar,uncemented/hybrid,lateral,,mobile,Male,<55,<55,,,,,55,,5,11.1,5.14,23.06,,ok,True,cumulative_revision_km,"Kaplan-Meier (1-KM), percent",0.95,"All primary knee replacements, by sex, age group, fixation, constraint and bearing",
NJR,"England, Wales, Northern Ireland, Isle of Man, Guernsey",2025,to 2024-12-31,knee_casemix_sex_age_design,3.K6,UKA,NJR 22nd Annual Report 2025_Knees.pdf,54,pdf_text,not_needed,stratum,"All unicondylar, uncemented/hybrid | lateral, mobile","All unicondylar, uncemented/hybrid","lateral, mobile",unicondylar,uncemented/hybrid,lateral,,mobile,Male,<55,<55,,,,,55,,10,17.15,8.73,32.13,,ok,True,cumulative_revision_km,"Kaplan-Meier (1-KM), percent",0.95,"All primary knee replacements, by sex, age group, fixation, constraint and bearing",
NJR,"England, Wales, Northern Ireland, Isle of Man, Guernsey",2025,to 2024-12-31,knee_casemix_sex_age_design,3.K6,UKA,NJR 22nd Annual Report 2025_Knees.pdf,54,pdf_text,not_needed,stratum,"All unicondylar, uncemented/hybrid | lateral, mobile","All unicondylar, uncemented/hybrid","lateral, mobile",unicondylar,uncemented/hybrid,lateral,,mobile,Male,<55,<55,,,,,55,,15,,,,,blank,False,cumulative_revision_km,"Kaplan-Meier (1-KM), percent",0.95,"All primary knee replacements, by sex, age group, fixation, constraint and bearing",
NJR,"England, Wales, Northern Ireland, Isle of Man, Guernsey",2025,to 2024-12-31,knee_casemix_sex_age_design,3.K6,UKA,NJR 22nd Annual Report 2025_Knees.pdf,54,pdf_text,not_needed,stratum,"All unicondylar, uncemented/hybrid | lateral, mobile","All unicondylar, uncemented/hybrid","lateral, mobile",unicondylar,uncemented/hybrid,lateral,,mobile,Male,<55,<55,,,,,55,,20,,,,,blank,False,cumulative_revision_km,"Kaplan-Meier (1-KM), percent",0.95,"All primary knee replacements, by sex, age group, fixation, constraint and bearing",
NJR,"England, Wales, Northern Ireland, Isle of Man, Guernsey",2025,to 2024-12-31,knee_casemix_sex_age_design,3.K6,UKA,NJR 22nd Annual Report 2025_Knees.pdf,54,pdf_text,not_needed,stratum,"All unicondylar, uncemented/hybrid | lateral, mobile","All unicondylar, uncemented/hybrid","lateral, mobile",unicondylar,uncemented/hybrid,lateral,,mobile,Female,<55,<55,,,,,59,,1,3.39,0.86,12.88,,ok,True,cumulative_revision_km,"Kaplan-Meier (1-KM), percent",0.95,"All primary knee replacements, by sex, age group, fixation, constraint and bearing",
NJR,"England, Wales, Northern Ireland, Isle of Man, Guernsey",2025,to 2024-12-31,knee_casemix_sex_age_design,3.K6,UKA,NJR 22nd Annual Report 2025_Knees.pdf,54,pdf_text,not_needed,stratum,"All unicondylar, uncemented/hybrid | lateral, mobile","All unicondylar, uncemented/hybrid","lateral, mobile",unicondylar,uncemented/hybrid,lateral,,mobile,Female,<55,<55,,,,,59,,3,10.26,4.75,21.43,,ok,True,cumulative_revision_km,"Kaplan-Meier (1-KM), percent",0.95,"All primary knee replacements, by sex, age group, fixation, constraint and bearing",
NJR,"England, Wales, Northern Ireland, Isle of Man, Guernsey",2025,to 2024-12-31,knee_casemix_sex_age_design,3.K6,UKA,NJR 22nd Annual Report 2025_Knees.pdf,54,pdf_text,not_needed,stratum,"All unicondylar, uncemented/hybrid | lateral, mobile","All unicondylar, uncemented/hybrid","lateral, mobile",unicondylar,uncemented/hybrid,lateral,,mobile,Female,<55,<55,,,,,59,,5,12.06,5.93,23.65,,ok,True,cumulative_revision_km,"Kaplan-Meier (1-KM), percent",0.95,"All primary knee replacements, by sex, age group, fixation, constraint and bearing",
NJR,"England, Wales, Northern Ireland, Isle of Man, Guernsey",2025,to 2024-12-31,knee_casemix_sex_age_design,3.K6,UKA,NJR 22nd Annual Report 2025_Knees.pdf,54,pdf_text,not_needed,stratum,"All unicondylar, uncemented/hybrid | lateral, mobile","All unicondylar, uncemented/hybrid","lateral, mobile",unicondylar,uncemented/hybrid,lateral,,mobile,Female,<55,<55,,,,,59,,10,26.84,16.04,42.79,,ok,True,cumulative_revision_km,"Kaplan-Meier (1-KM), percent",0.95,"All primary knee replacements, by sex, age group, fixation, constraint and bearing",
NJR,"England, Wales, Northern Ireland, Isle of Man, Guernsey",2025,to 2024-12-31,knee_casemix_sex_age_design,3.K6,UKA,NJR 22nd Annual Report 2025_Knees.pdf,54,pdf_text,not_needed,stratum,"All unicondylar, uncemented/hybrid | lateral, mobile","All unicondylar, uncemented/hybrid","lateral, mobile",unicondylar,uncemented/hybrid,lateral,,mobile,Female,<55,<55,,,,,59,,15,,,,,blank,False,cumulative_revision_km,"Kaplan-Meier (1-KM), percent",0.95,"All primary knee replacements, by sex, age group, fixation, constraint and bearing",
NJR,"England, Wales, Northern Ireland, Isle of Man, Guernsey",2025,to 2024-12-31,knee_casemix_sex_age_design,3.K6,UKA,NJR 22nd Annual Report 2025_Knees.pdf,54,pdf_text,not_needed,stratum,"All unicondylar, uncemented/hybrid | lateral, mobile","All unicondylar, uncemented/hybrid","lateral, mobile",unicondylar,uncemented/hybrid,lateral,,mobile,Female,<55,<55,,,,,59,,20,,,,,blank,False,cumulative_revision_km,"Kaplan-Meier (1-KM), percent",0.95,"All primary knee replacements, by sex, age group, fixation, constraint and bearing",
NJR,"England, Wales, Northern Ireland, Isle of Man, Guernsey",2025,to 2024-12-31,knee_casemix_sex_age_design,3.K6,UKA,NJR 22nd Annual Report 2025_Knees.pdf,54,pdf_text,not_needed,stratum,"All unicondylar, uncemented/hybrid | lateral, MBT","All unicondylar, uncemented/hybrid","lateral, MBT",unicondylar,uncemented/hybrid,lateral,,MBT,Male,<55,<55,,,,,6,,1,,,,,blank,False,cumulative_revision_km,"Kaplan-Meier (1-KM), percent",0.95,"All primary knee replacements, by sex, age group, fixation, constraint and bearing",
NJR,"England, Wales, Northern Ireland, Isle of Man, Guernsey",2025,to 2024-12-31,knee_casemix_sex_age_design,3.K6,UKA,NJR 22nd Annual Report 2025_Knees.pdf,54,pdf_text,not_needed,stratum,"All unicondylar, uncemented/hybrid | lateral, MBT","All unicondylar, uncemented/hybrid","lateral, MBT",unicondylar,uncemented/hybrid,lateral,,MBT,Male,<55,<55,,,,,6,,3,,,,,blank,False,cumulative_revision_km,"Kaplan-Meier (1-KM), percent",0.95,"All primary knee replacements, by sex, age group, fixation, constraint and bearing",
NJR,"England, Wales, Northern Ireland, Isle of Man, Guernsey",2025,to 2024-12-31,knee_casemix_sex_age_design,3.K6,UKA,NJR 22nd Annual Report 2025_Knees.pdf,54,pdf_text,not_needed,stratum,"All unicondylar, uncemented/hybrid | lateral, MBT","All unicondylar, uncemented/hybrid","lateral, MBT",unicondylar,uncemented/hybrid,lateral,,MBT,Male,<55,<55,,,,,6,,5,,,,,blank,False,cumulative_revision_km,"Kaplan-Meier (1-KM), percent",0.95,"All primary knee replacements, by sex, age group, fixation, constraint and bearing",
NJR,"England, Wales, Northern Ireland, Isle of Man, Guernsey",2025,to 2024-12-31,knee_casemix_sex_age_design,3.K6,UKA,NJR 22nd Annual Report 2025_Knees.pdf,54,pdf_text,not_needed,stratum,"All unicondylar, uncemented/hybrid | lateral, MBT","All unicondylar, uncemented/hybrid","lateral, MBT",unicondylar,uncemented/hybrid,lateral,,MBT,Male,<55,<55,,,,,6,,10,,,,,blank,False,cumulative_revision_km,"Kaplan-Meier (1-KM), percent",0.95,"All primary knee replacements, by sex, age group, fixation, constraint and bearing",
NJR,"England, Wales, Northern Ireland, Isle of Man, Guernsey",2025,to 2024-12-31,knee_casemix_sex_age_design,3.K6,UKA,NJR 22nd Annual Report 2025_Knees.pdf,54,pdf_text,not_needed,stratum,"All unicondylar, uncemented/hybrid | lateral, MBT","All unicondylar, uncemented/hybrid","lateral, MBT",unicondylar,uncemented/hybrid,lateral,,MBT,Male,<55,<55,,,,,6,,15,,,,,blank,False,cumulative_revision_km,"Kaplan-Meier (1-KM), percent",0.95,"All primary knee replacements, by sex, age group, fixation, constraint and bearing",
NJR,"England, Wales, Northern Ireland, Isle of Man, Guernsey",2025,to 2024-12-31,knee_casemix_sex_age_design,3.K6,UKA,NJR 22nd Annual Report 2025_Knees.pdf,54,pdf_text,not_needed,stratum,"All unicondylar, uncemented/hybrid | lateral, MBT","All unicondylar, uncemented/hybrid","lateral, MBT",unicondylar,uncemented/hybrid,lateral,,MBT,Male,<55,<55,,,,,6,,20,,,,,blank,False,cumulative_revision_km,"Kaplan-Meier (1-KM), percent",0.95,"All primary knee replacements, by sex, age group, fixation, constraint and bearing",
NJR,"England, Wales, Northern Ireland, Isle of Man, Guernsey",2025,to 2024-12-31,knee_casemix_sex_age_design,3.K6,UKA,NJR 22nd Annual Report 2025_Knees.pdf,54,pdf_text,not_needed,stratum,"All unicondylar, uncemented/hybrid | lateral, MBT","All unicondylar, uncemented/hybrid","lateral, MBT",unicondylar,uncemented/hybrid,lateral,,MBT,Female,<55,<55,,,,,5,,1,,,,,blank,False,cumulative_revision_km,"Kaplan-Meier (1-KM), percent",0.95,"All primary knee replacements, by sex, age group, fixation, constraint and bearing",
NJR,"England, Wales, Northern Ireland, Isle of Man, Guernsey",2025,to 2024-12-31,knee_casemix_sex_age_design,3.K6,UKA,NJR 22nd Annual Report 2025_Knees.pdf,54,pdf_text,not_needed,stratum,"All unicondylar, uncemented/hybrid | lateral, MBT","All unicondylar, uncemented/hybrid","lateral, MBT",unicondylar,uncemented/hybrid,lateral,,MBT,Female,<55,<55,,,,,5,,3,,,,,blank,False,cumulative_revision_km,"Kaplan-Meier (1-KM), percent",0.95,"All primary knee replacements, by sex, age group, fixation, constraint and bearing",
NJR,"England, Wales, Northern Ireland, Isle of Man, Guernsey",2025,to 2024-12-31,knee_casemix_sex_age_design,3.K6,UKA,NJR 22nd Annual Report 2025_Knees.pdf,54,pdf_text,not_needed,stratum,"All unicondylar, uncemented/hybrid | lateral, MBT","All unicondylar, uncemented/hybrid","lateral, MBT",unicondylar,uncemented/hybrid,lateral,,MBT,Female,<55,<55,,,,,5,,5,,,,,blank,False,cumulative_revision_km,"Kaplan-Meier (1-KM), percent",0.95,"All primary knee replacements, by sex, age group, fixation, constraint and bearing",
NJR,"England, Wales, Northern Ireland, Isle of Man, Guernsey",2025,to 2024-12-31,knee_casemix_sex_age_design,3.K6,UKA,NJR 22nd Annual Report 2025_Knees.pdf,54,pdf_text,not_needed,stratum,"All unicondylar, uncemented/hybrid | lateral, MBT","All unicondylar, uncemented/hybrid","lateral, MBT",unicondylar,uncemented/hybrid,lateral,,MBT,Female,<55,<55,,,,,5,,10,,,,,blank,False,cumulative_revision_km,"Kaplan-Meier (1-KM), percent",0.95,"All primary knee replacements, by sex, age group, fixation, constraint and bearing",
NJR,"England, Wales, Northern Ireland, Isle of Man, Guernsey",2025,to 2024-12-31,knee_casemix_sex_age_design,3.K6,UKA,NJR 22nd Annual Report 2025_Knees.pdf,54,pdf_text,not_needed,stratum,"All unicondylar, uncemented/hybrid | lateral, MBT","All unicondylar, uncemented/hybrid","lateral, MBT",unicondylar,uncemented/hybrid,lateral,,MBT,Female,<55,<55,,,,,5,,15,,,,,blank,False,cumulative_revision_km,"Kaplan-Meier (1-KM), percent",0.95,"All primary knee replacements, by sex, age group, fixation, constraint and bearing",
NJR,"England, Wales, Northern Ireland, Isle of Man, Guernsey",2025,to 2024-12-31,knee_casemix_sex_age_design,3.K6,UKA,NJR 22nd Annual Report 2025_Knees.pdf,54,pdf_text,not_needed,stratum,"All unicondylar, uncemented/hybrid | lateral, MBT","All unicondylar, uncemented/hybrid","lateral, MBT",unicondylar,uncemented/hybrid,lateral,,MBT,Female,<55,<55,,,,,5,,20,,,,,blank,False,cumulative_revision_km,"Kaplan-Meier (1-KM), percent",0.95,"All primary knee replacements, by sex, age group, fixation, constraint and bearing",
NJR,"England, Wales, Northern Ireland, Isle of Man, Guernsey",2025,to 2024-12-31,knee_casemix_sex_age_design,3.K6,UKA,NJR 22nd Annual Report 2025_Knees.pdf,55,pdf_text,not_needed,group,"All unicondylar, cemented","All unicondylar, cemented",,unicondylar,cemented,,,,Male,55-64,55 to 64,,,,,26889,,1,0.81,0.71,0.93,,ok,False,cumulative_revision_km,"Kaplan-Meier (1-KM), percent",0.95,"All primary knee replacements, by sex, age group, fixation, constraint and bearing",
NJR,"England, Wales, Northern Ireland, Isle of Man, Guernsey",2025,to 2024-12-31,knee_casemix_sex_age_design,3.K6,UKA,NJR 22nd Annual Report 2025_Knees.pdf,55,pdf_text,not_needed,group,"All unicondylar, cemented","All unicondylar, cemented",,unicondylar,cemented,,,,Male,55-64,55 to 64,,,,,26889,,3,3.16,2.94,3.4,,ok,False,cumulative_revision_km,"Kaplan-Meier (1-KM), percent",0.95,"All primary knee replacements, by sex, age group, fixation, constraint and bearing",
NJR,"England, Wales, Northern Ireland, Isle of Man, Guernsey",2025,to 2024-12-31,knee_casemix_sex_age_design,3.K6,UKA,NJR 22nd Annual Report 2025_Knees.pdf,55,pdf_text,not_needed,group,"All unicondylar, cemented","All unicondylar, cemented",,unicondylar,cemented,,,,Male,55-64,55 to 64,,,,,26889,,5,4.81,4.53,5.12,,ok,False,cumulative_revision_km,"Kaplan-Meier (1-KM), percent",0.95,"All primary knee replacements, by sex, age group, fixation, constraint and bearing",
NJR,"England, Wales, Northern Ireland, Isle of Man, Guernsey",2025,to 2024-12-31,knee_casemix_sex_age_design,3.K6,UKA,NJR 22nd Annual Report 2025_Knees.pdf,55,pdf_text,not_needed,group,"All unicondylar, cemented","All unicondylar, cemented",,unicondylar,cemented,,,,Male,55-64,55 to 64,,,,,26889,,10,8.93,8.5,9.38,,ok,False,cumulative_revision_km,"Kaplan-Meier (1-KM), percent",0.95,"All primary knee replacements, by sex, age group, fixation, constraint and bearing",
NJR,"England, Wales, Northern Ireland, Isle of Man, Guernsey",2025,to 2024-12-31,knee_casemix_sex_age_design,3.K6,UKA,NJR 22nd Annual Report 2025_Knees.pdf,55,pdf_text,not_needed,group,"All unicondylar, cemented","All unicondylar, cemented",,unicondylar,cemented,,,,Male,55-64,55 to 64,,,,,26889,,15,14.17,13.51,14.85,,ok,False,cumulative_revision_km,"Kaplan-Meier (1-KM), percent",0.95,"All primary knee replacements, by sex, age group, fixation, constraint and bearing",
NJR,"England, Wales, Northern Ireland, Isle of Man, Guernsey",2025,to 2024-12-31,knee_casemix_sex_age_design,3.K6,UKA,NJR 22nd Annual Report 2025_Knees.pdf,55,pdf_text,not_needed,group,"All unicondylar, cemented","All unicondylar, cemented",,unicondylar,cemented,,,,Male,55-64,55 to 64,,,,,26889,,20,20.03,18.76,21.37,,ok,False,cumulative_revision_km,"Kaplan-Meier (1-KM), percent",0.95,"All primary knee replacements, by sex, age group, fixation, constraint and bearing",
NJR,"England, Wales, Northern Ireland, Isle of Man, Guernsey",2025,to 2024-12-31,knee_casemix_sex_age_design,3.K6,UKA,NJR 22nd Annual Report 2025_Knees.pdf,55,pdf_text,not_needed,group,"All unicondylar, cemented","All unicondylar, cemented",,unicondylar,cemented,,,,Female,55-64,55 to 64,,,,,21279,,1,0.76,0.65,0.89,,ok,False,cumulative_revision_km,"Kaplan-Meier (1-KM), percent",0.95,"All primary knee replacements, by sex, age group, fixation, constraint and bearing",
NJR,"England, Wales, Northern Ireland, Isle of Man, Guernsey",2025,to 2024-12-31,knee_casemix_sex_age_design,3.K6,UKA,NJR 22nd Annual Report 2025_Knees.pdf,55,pdf_text,not_needed,group,"All unicondylar, cemented","All unicondylar, cemented",,unicondylar,cemented,,,,Female,55-64,55 to 64,,,,,21279,,3,3.44,3.19,3.72,,ok,False,cumulative_revision_km,"Kaplan-Meier (1-KM), percent",0.95,"All primary knee replacements, by sex, age group, fixation, constraint and bearing",
NJR,"England, Wales, Northern Ireland, Isle of Man, Guernsey",2025,to 2024-12-31,knee_casemix_sex_age_design,3.K6,UKA,NJR 22nd Annual Report 2025_Knees.pdf,55,pdf_text,not_needed,group,"All unicondylar, cemented","All unicondylar, cemented",,unicondylar,cemented,,,,Female,55-64,55 to 64,,,,,21279,,5,5.54,5.2,5.89,,ok,False,cumulative_revision_km,"Kaplan-Meier (1-KM), percent",0.95,"All primary knee replacements, by sex, age group, fixation, constraint and bearing",
NJR,"England, Wales, Northern Ireland, Isle of Man, Guernsey",2025,to 2024-12-31,knee_casemix_sex_age_design,3.K6,UKA,NJR 22nd Annual Report 2025_Knees.pdf,55,pdf_text,not_needed,group,"All unicondylar, cemented","All unicondylar, cemented",,unicondylar,cemented,,,,Female,55-64,55 to 64,,,,,21279,,10,10.44,9.94,10.97,,ok,False,cumulative_revision_km,"Kaplan-Meier (1-KM), percent",0.95,"All primary knee replacements, by sex, age group, fixation, constraint and bearing",
NJR,"England, Wales, Northern Ireland, Isle of Man, Guernsey",2025,to 2024-12-31,knee_casemix_sex_age_design,3.K6,UKA,NJR 22nd Annual Report 2025_Knees.pdf,55,pdf_text,not_needed,group,"All unicondylar, cemented","All unicondylar, cemented",,unicondylar,cemented,,,,Female,55-64,55 to 64,,,,,21279,,15,16.04,15.31,16.8,,ok,False,cumulative_revision_km,"Kaplan-Meier (1-KM), percent",0.95,"All primary knee replacements, by sex, age group, fixation, constraint and bearing",
NJR,"England, Wales, Northern Ireland, Isle of Man, Guernsey",2025,to 2024-12-31,knee_casemix_sex_age_design,3.K6,UKA,NJR 22nd Annual Report 2025_Knees.pdf,55,pdf_text,not_needed,group,"All unicondylar, cemented","All unicondylar, cemented",,unicondylar,cemented,,,,Female,55-64,55 to 64,,,,,21279,,20,23.79,22.06,25.64,,ok,False,cumulative_revision_km,"Kaplan-Meier (1-KM), percent",0.95,"All primary knee replacements, by sex, age group, fixation, constraint and bearing",
NJR,"England, Wales, Northern Ireland, Isle of Man, Guernsey",2025,to 2024-12-31,knee_casemix_sex_age_design,3.K6,UKA,NJR 22nd Annual Report 2025_Knees.pdf,55,pdf_text,not_needed,stratum,"All unicondylar, cemented | medial, fixed","All unicondylar, cemented","medial, fixed",unicondylar,cemented,medial,,fixed,Male,55-64,55 to 64,,,,,15369,,1,0.5,0.4,0.63,,ok,False,cumulative_revision_km,"Kaplan-Meier (1-KM), percent",0.95,"All primary knee replacements, by sex, age group, fixation, constraint and bearing",
NJR,"England, Wales, Northern Ireland, Isle of Man, Guernsey",2025,to 2024-12-31,knee_casemix_sex_age_design,3.K6,UKA,NJR 22nd Annual Report 2025_Knees.pdf,55,pdf_text,not_needed,stratum,"All unicondylar, cemented | medial, fixed","All unicondylar, cemented","medial, fixed",unicondylar,cemented,medial,,fixed,Male,55-64,55 to 64,,,,,15369,,3,1.86,1.63,2.13,,ok,False,cumulative_revision_km,"Kaplan-Meier (1-KM), percent",0.95,"All primary knee replacements, by sex, age group, fixation, constraint and bearing",
NJR,"England, Wales, Northern Ireland, Isle of Man, Guernsey",2025,to 2024-12-31,knee_casemix_sex_age_design,3.K6,UKA,NJR 22nd Annual Report 2025_Knees.pdf,55,pdf_text,not_needed,stratum,"All unicondylar, cemented | medial, fixed","All unicondylar, cemented","medial, fixed",unicondylar,cemented,medial,,fixed,Male,55-64,55 to 64,,,,,15369,,5,3.07,2.74,3.44,,ok,False,cumulative_revision_km,"Kaplan-Meier (1-KM), percent",0.95,"All primary knee replacements, by sex, age group, fixation, constraint and bearing",
NJR,"England, Wales, Northern Ireland, Isle of Man, Guernsey",2025,to 2024-12-31,knee_casemix_sex_age_design,3.K6,UKA,NJR 22nd Annual Report 2025_Knees.pdf,55,pdf_text,not_needed,stratum,"All unicondylar, cemented | medial, fixed","All unicondylar, cemented","medial, fixed",unicondylar,cemented,medial,,fixed,Male,55-64,55 to 64,,,,,15369,,10,6.19,5.58,6.87,,ok,False,cumulative_revision_km,"Kaplan-Meier (1-KM), percent",0.95,"All primary knee replacements, by sex, age group, fixation, constraint and bearing",
NJR,"England, Wales, Northern Ireland, Isle of Man, Guernsey",2025,to 2024-12-31,knee_casemix_sex_age_design,3.K6,UKA,NJR 22nd Annual Report 2025_Knees.pdf,55,pdf_text,not_needed,stratum,"All unicondylar, cemented | medial, fixed","All unicondylar, cemented","medial, fixed",unicondylar,cemented,medial,,fixed,Male,55-64,55 to 64,,,,,15369,,15,10.44,9.24,11.79,,ok,False,cumulative_revision_km,"Kaplan-Meier (1-KM), percent",0.95,"All primary knee replacements, by sex, age group, fixation, constraint and bearing",
NJR,"England, Wales, Northern Ireland, Isle of Man, Guernsey",2025,to 2024-12-31,knee_casemix_sex_age_design,3.K6,UKA,NJR 22nd Annual Report 2025_Knees.pdf,55,pdf_text,not_needed,stratum,"All unicondylar, cemented | medial, fixed","All unicondylar, cemented","medial, fixed",unicondylar,cemented,medial,,fixed,Male,55-64,55 to 64,,,,,15369,,20,14.45,11.77,17.68,,ok,True,cumulative_revision_km,"Kaplan-Meier (1-KM), percent",0.95,"All primary knee replacements, by sex, age group, fixation, constraint and bearing",
NJR,"England, Wales, Northern Ireland, Isle of Man, Guernsey",2025,to 2024-12-31,knee_casemix_sex_age_design,3.K6,UKA,NJR 22nd Annual Report 2025_Knees.pdf,55,pdf_text,not_needed,stratum,"All unicondylar, cemented | medial, fixed","All unicondylar, cemented","medial, fixed",unicondylar,cemented,medial,,fixed,Female,55-64,55 to 64,,,,,10951,,1,0.43,0.32,0.58,,ok,False,cumulative_revision_km,"Kaplan-Meier (1-KM), percent",0.95,"All primary knee replacements, by sex, age group, fixation, constraint and bearing",
NJR,"England, Wales, Northern Ireland, Isle of Man, Guernsey",2025,to 2024-12-31,knee_casemix_sex_age_design,3.K6,UKA,NJR 22nd Annual Report 2025_Knees.pdf,55,pdf_text,not_needed,stratum,"All unicondylar, cemented | medial, fixed","All unicondylar, cemented","medial, fixed",unicondylar,cemented,medial,,fixed,Female,55-64,55 to 64,,,,,10951,,3,2.35,2.03,2.71,,ok,False,cumulative_revision_km,"Kaplan-Meier (1-KM), percent",0.95,"All primary knee replacements, by sex, age group, fixation, constraint and bearing",
NJR,"England, Wales, Northern Ireland, Isle of Man, Guernsey",2025,to 2024-12-31,knee_casemix_sex_age_design,3.K6,UKA,NJR 22nd Annual Report 2025_Knees.pdf,55,pdf_text,not_needed,stratum,"All unicondylar, cemented | medial, fixed","All unicondylar, cemented","medial, fixed",unicondylar,cemented,medial,,fixed,Female,55-64,55 to 64,,,,,10951,,5,3.77,3.35,4.25,,ok,False,cumulative_revision_km,"Kaplan-Meier (1-KM), percent",0.95,"All primary knee replacements, by sex, age group, fixation, constraint and bearing",
NJR,"England, Wales, Northern Ireland, Isle of Man, Guernsey",2025,to 2024-12-31,knee_casemix_sex_age_design,3.K6,UKA,NJR 22nd Annual Report 2025_Knees.pdf,55,pdf_text,not_needed,stratum,"All unicondylar, cemented | medial, fixed","All unicondylar, cemented","medial, fixed",unicondylar,cemented,medial,,fixed,Female,55-64,55 to 64,,,,,10951,,10,7.18,6.43,8.0,,ok,False,cumulative_revision_km,"Kaplan-Meier (1-KM), percent",0.95,"All primary knee replacements, by sex, age group, fixation, constraint and bearing",
NJR,"England, Wales, Northern Ireland, Isle of Man, Guernsey",2025,to 2024-12-31,knee_casemix_sex_age_design,3.K6,UKA,NJR 22nd Annual Report 2025_Knees.pdf,55,pdf_text,not_needed,stratum,"All unicondylar, cemented | medial, fixed","All unicondylar, cemented","medial, fixed",unicondylar,cemented,medial,,fixed,Female,55-64,55 to 64,,,,,10951,,15,13.31,11.62,15.23,,ok,False,cumulative_revision_km,"Kaplan-Meier (1-KM), percent",0.95,"All primary knee replacements, by sex, age group, fixation, constraint and bearing",
NJR,"England, Wales, Northern Ireland, Isle of Man, Guernsey",2025,to 2024-12-31,knee_casemix_sex_age_design,3.K6,UKA,NJR 22nd Annual Report 2025_Knees.pdf,55,pdf_text,not_needed,stratum,"All unicondylar, cemented | medial, fixed","All unicondylar, cemented","medial, fixed",unicondylar,cemented,medial,,fixed,Female,55-64,55 to 64,,,,,10951,,20,17.21,14.17,20.82,,ok,True,cumulative_revision_km,"Kaplan-Meier (1-KM), percent",0.95,"All primary knee replacements, by sex, age group, fixation, constraint and bearing",
NJR,"England, Wales, Northern Ireland, Isle of Man, Guernsey",2025,to 2024-12-31,knee_casemix_sex_age_design,3.K6,UKA,NJR 22nd Annual Report 2025_Knees.pdf,55,pdf_text,not_needed,stratum,"All unicondylar, cemented | medial, mobile","All unicondylar, cemented","medial, mobile",unicondylar,cemented,medial,,mobile,Male,55-64,55 to 64,,,,,9515,,1,1.23,1.03,1.47,,ok,False,cumulative_revision_km,"Kaplan-Meier (1-KM), percent",0.95,"All primary knee replacements, by sex, age group, fixation, constraint and bearing",
NJR,"England, Wales, Northern Ireland, Isle of Man, Guernsey",2025,to 2024-12-31,knee_casemix_sex_age_design,3.K6,UKA,NJR 22nd Annual Report 2025_Knees.pdf,55,pdf_text,not_needed,stratum,"All unicondylar, cemented | medial, mobile","All unicondylar, cemented","medial, mobile",unicondylar,cemented,medial,,mobile,Male,55-64,55 to 64,,,,,9515,,3,4.56,4.16,5.01,,ok,False,cumulative_revision_km,"Kaplan-Meier (1-KM), percent",0.95,"All primary knee replacements, by sex, age group, fixation, constraint and bearing",
NJR,"England, Wales, Northern Ireland, Isle of Man, Guernsey",2025,to 2024-12-31,knee_casemix_sex_age_design,3.K6,UKA,NJR 22nd Annual Report 2025_Knees.pdf,55,pdf_text,not_needed,stratum,"All unicondylar, cemented | medial, mobile","All unicondylar, cemented","medial, mobile",unicondylar,cemented,medial,,mobile,Male,55-64,55 to 64,,,,,9515,,5,6.55,6.07,7.08,,ok,False,cumulative_revision_km,"Kaplan-Meier (1-KM), percent",0.95,"All primary knee replacements, by sex, age group, fixation, constraint and bearing",
NJR,"England, Wales, Northern Ireland, Isle of Man, Guernsey",2025,to 2024-12-31,knee_casemix_sex_age_design,3.K6,UKA,NJR 22nd Annual Report 2025_Knees.pdf,55,pdf_text,not_needed,stratum,"All unicondylar, cemented | medial, mobile","All unicondylar, cemented","medial, mobile",unicondylar,cemented,medial,,mobile,Male,55-64,55 to 64,,,,,9515,,10,11.09,10.45,11.78,,ok,False,cumulative_revision_km,"Kaplan-Meier (1-KM), percent",0.95,"All primary knee replacements, by sex, age group, fixation, constraint and bearing",
NJR,"England, Wales, Northern Ireland, Isle of Man, Guernsey",2025,to 2024-12-31,knee_casemix_sex_age_design,3.K6,UKA,NJR 22nd Annual Report 2025_Knees.pdf,55,pdf_text,not_needed,stratum,"All unicondylar, cemented | medial, mobile","All unicondylar, cemented","medial, mobile",unicondylar,cemented,medial,,mobile,Male,55-64,55 to 64,,,,,9515,,15,16.66,15.79,17.57,,ok,False,cumulative_revision_km,"Kaplan-Meier (1-KM), percent",0.95,"All primary knee replacements, by sex, age group, fixation, constraint and bearing",
NJR,"England, Wales, Northern Ireland, Isle of Man, Guernsey",2025,to 2024-12-31,knee_casemix_sex_age_design,3.K6,UKA,NJR 22nd Annual Report 2025_Knees.pdf,55,pdf_text,not_needed,stratum,"All unicondylar, cemented | medial, mobile","All unicondylar, cemented","medial, mobile",unicondylar,cemented,medial,,mobile,Male,55-64,55 to 64,,,,,9515,,20,22.92,21.39,24.55,,ok,False,cumulative_revision_km,"Kaplan-Meier (1-KM), percent",0.95,"All primary knee replacements, by sex, age group, fixation, constraint and bearing",
NJR,"England, Wales, Northern Ireland, Isle of Man, Guernsey",2025,to 2024-12-31,knee_casemix_sex_age_design,3.K6,UKA,NJR 22nd Annual Report 2025_Knees.pdf,55,pdf_text,not_needed,stratum,"All unicondylar, cemented | medial, mobile","All unicondylar, cemented","medial, mobile",unicondylar,cemented,medial,,mobile,Female,55-64,55 to 64,,,,,8322,,1,1.09,0.88,1.33,,ok,False,cumulative_revision_km,"Kaplan-Meier (1-KM), percent",0.95,"All primary knee replacements, by sex, age group, fixation, constraint and bearing",
NJR,"England, Wales, Northern Ireland, Isle of Man, Guernsey",2025,to 2024-12-31,knee_casemix_sex_age_design,3.K6,UKA,NJR 22nd Annual Report 2025_Knees.pdf,55,pdf_text,not_needed,stratum,"All unicondylar, cemented | medial, mobile","All unicondylar, cemented","medial, mobile",unicondylar,cemented,medial,,mobile,Female,55-64,55 to 64,,,,,8322,,3,4.37,3.95,4.83,,ok,False,cumulative_revision_km,"Kaplan-Meier (1-KM), percent",0.95,"All primary knee replacements, by sex, age group, fixation, constraint and bearing",
NJR,"England, Wales, Northern Ireland, Isle of Man, Guernsey",2025,to 2024-12-31,knee_casemix_sex_age_design,3.K6,UKA,NJR 22nd Annual Report 2025_Knees.pdf,55,pdf_text,not_needed,stratum,"All unicondylar, cemented | medial, mobile","All unicondylar, cemented","medial, mobile",unicondylar,cemented,medial,,mobile,Female,55-64,55 to 64,,,,,8322,,5,6.98,6.45,7.56,,ok,False,cumulative_revision_km,"Kaplan-Meier (1-KM), percent",0.95,"All primary knee replacements, by sex, age group, fixation, constraint and bearing",
NJR,"England, Wales, Northern Ireland, Isle of Man, Guernsey",2025,to 2024-12-31,knee_casemix_sex_age_design,3.K6,UKA,NJR 22nd Annual Report 2025_Knees.pdf,55,pdf_text,not_needed,stratum,"All unicondylar, cemented | medial, mobile","All unicondylar, cemented","medial, mobile",unicondylar,cemented,medial,,mobile,Female,55-64,55 to 64,,,,,8322,,10,12.56,11.83,13.32,,ok,False,cumulative_revision_km,"Kaplan-Meier (1-KM), percent",0.95,"All primary knee replacements, by sex, age group, fixation, constraint and bearing",
NJR,"England, Wales, Northern Ireland, Isle of Man, Guernsey",2025,to 2024-12-31,knee_casemix_sex_age_design,3.K6,UKA,NJR 22nd Annual Report 2025_Knees.pdf,55,pdf_text,not_needed,stratum,"All unicondylar, cemented | medial, mobile","All unicondylar, cemented","medial, mobile",unicondylar,cemented,medial,,mobile,Female,55-64,55 to 64,,,,,8322,,15,18.18,17.24,19.17,,ok,False,cumulative_revision_km,"Kaplan-Meier (1-KM), percent",0.95,"All primary knee replacements, by sex, age group, fixation, constraint and bearing",
NJR,"England, Wales, Northern Ireland, Isle of Man, Guernsey",2025,to 2024-12-31,knee_casemix_sex_age_design,3.K6,UKA,NJR 22nd Annual Report 2025_Knees.pdf,55,pdf_text,not_needed,stratum,"All unicondylar, cemented | medial, mobile","All unicondylar, cemented","medial, mobile",unicondylar,cemented,medial,,mobile,Female,55-64,55 to 64,,,,,8322,,20,26.76,24.69,28.98,,ok,True,cumulative_revision_km,"Kaplan-Meier (1-KM), percent",0.95,"All primary knee replacements, by sex, age group, fixation, constraint and bearing",
NJR,"England, Wales, Northern Ireland, Isle of Man, Guernsey",2025,to 2024-12-31,knee_casemix_sex_age_design,3.K6,UKA,NJR 22nd Annual Report 2025_Knees.pdf,56,pdf_text,not_needed,stratum,"All unicondylar, cemented | medial, MBT","All unicondylar, cemented","medial, MBT",unicondylar,cemented,medial,,MBT,Male,55-64,55 to 64,,,,,1294,,1,0.71,0.37,1.35,,ok,False,cumulative_revision_km,"Kaplan-Meier (1-KM), percent",0.95,"All primary knee replacements, by sex, age group, fixation, constraint and bearing",
NJR,"England, Wales, Northern Ireland, Isle of Man, Guernsey",2025,to 2024-12-31,knee_casemix_sex_age_design,3.K6,UKA,NJR 22nd Annual Report 2025_Knees.pdf,56,pdf_text,not_needed,stratum,"All unicondylar, cemented | medial, MBT","All unicondylar, cemented","medial, MBT",unicondylar,cemented,medial,,MBT,Male,55-64,55 to 64,,,,,1294,,3,4.39,3.37,5.71,,ok,False,cumulative_revision_km,"Kaplan-Meier (1-KM), percent",0.95,"All primary knee replacements, by sex, age group, fixation, constraint and bearing",
NJR,"England, Wales, Northern Ireland, Isle of Man, Guernsey",2025,to 2024-12-31,knee_casemix_sex_age_design,3.K6,UKA,NJR 22nd Annual Report 2025_Knees.pdf,56,pdf_text,not_needed,stratum,"All unicondylar, cemented | medial, MBT","All unicondylar, cemented","medial, MBT",unicondylar,cemented,medial,,MBT,Male,55-64,55 to 64,,,,,1294,,5,6.67,5.37,8.26,,ok,False,cumulative_revision_km,"Kaplan-Meier (1-KM), percent",0.95,"All primary knee replacements, by sex, age group, fixation, constraint and bearing",
NJR,"England, Wales, Northern Ireland, Isle of Man, Guernsey",2025,to 2024-12-31,knee_casemix_sex_age_design,3.K6,UKA,NJR 22nd Annual Report 2025_Knees.pdf,56,pdf_text,not_needed,stratum,"All unicondylar, cemented | medial, MBT","All unicondylar, cemented","medial, MBT",unicondylar,cemented,medial,,MBT,Male,55-64,55 to 64,,,,,1294,,10,11.4,9.6,13.5,,ok,False,cumulative_revision_km,"Kaplan-Meier (1-KM), percent",0.95,"All primary knee replacements, by sex, age group, fixation, constraint and bearing",
NJR,"England, Wales, Northern Ireland, Isle of Man, Guernsey",2025,to 2024-12-31,knee_casemix_sex_age_design,3.K6,UKA,NJR 22nd Annual Report 2025_Knees.pdf,56,pdf_text,not_needed,stratum,"All unicondylar, cemented | medial, MBT","All unicondylar, cemented","medial, MBT",unicondylar,cemented,medial,,MBT,Male,55-64,55 to 64,,,,,1294,,15,15.51,13.23,18.14,,ok,False,cumulative_revision_km,"Kaplan-Meier (1-KM), percent",0.95,"All primary knee replacements, by sex, age group, fixation, constraint and bearing",
NJR,"England, Wales, Northern Ireland, Isle of Man, Guernsey",2025,to 2024-12-31,knee_casemix_sex_age_design,3.K6,UKA,NJR 22nd Annual Report 2025_Knees.pdf,56,pdf_text,not_needed,stratum,"All unicondylar, cemented | medial, MBT","All unicondylar, cemented","medial, MBT",unicondylar,cemented,medial,,MBT,Male,55-64,55 to 64,,,,,1294,,20,18.56,15.5,22.13,,ok,True,cumulative_revision_km,"Kaplan-Meier (1-KM), percent",0.95,"All primary knee replacements, by sex, age group, fixation, constraint and bearing",
NJR,"England, Wales, Northern Ireland, Isle of Man, Guernsey",2025,to 2024-12-31,knee_casemix_sex_age_design,3.K6,UKA,NJR 22nd Annual Report 2025_Knees.pdf,56,pdf_text,not_needed,stratum,"All unicondylar, cemented | medial, MBT","All unicondylar, cemented","medial, MBT",unicondylar,cemented,medial,,MBT,Female,55-64,55 to 64,,,,,1105,,1,0.37,0.14,0.97,,ok,False,cumulative_revision_km,"Kaplan-Meier (1-KM), percent",0.95,"All primary knee replacements, by sex, age group, fixation, constraint and bearing",
NJR,"England, Wales, Northern Ireland, Isle of Man, Guernsey",2025,to 2024-12-31,knee_casemix_sex_age_design,3.K6,UKA,NJR 22nd Annual Report 2025_Knees.pdf,56,pdf_text,not_needed,stratum,"All unicondylar, cemented | medial, MBT","All unicondylar, cemented","medial, MBT",unicondylar,cemented,medial,,MBT,Female,55-64,55 to 64,,,,,1105,,3,4.52,3.41,5.97,,ok,False,cumulative_revision_km,"Kaplan-Meier (1-KM), percent",0.95,"All primary knee replacements, by sex, age group, fixation, constraint and bearing",
NJR,"England, Wales, Northern Ireland, Isle of Man, Guernsey",2025,to 2024-12-31,knee_casemix_sex_age_design,3.K6,UKA,NJR 22nd Annual Report 2025_Knees.pdf,56,pdf_text,not_needed,stratum,"All unicondylar, cemented | medial, MBT","All unicondylar, cemented","medial, MBT",unicondylar,cemented,medial,,MBT,Female,55-64,55 to 64,,,,,1105,,5,6.39,5.04,8.08,,ok,False,cumulative_revision_km,"Kaplan-Meier (1-KM), percent",0.95,"All primary knee replacements, by sex, age group, fixation, constraint and bearing",
NJR,"England, Wales, Northern Ireland, Isle of Man, Guernsey",2025,to 2024-12-31,knee_casemix_sex_age_design,3.K6,UKA,NJR 22nd Annual Report 2025_Knees.pdf,56,pdf_text,not_needed,stratum,"All unicondylar, cemented | medial, MBT","All unicondylar, cemented","medial, MBT",unicondylar,cemented,medial,,MBT,Female,55-64,55 to 64,,,,,1105,,10,11.98,10.02,14.28,,ok,False,cumulative_revision_km,"Kaplan-Meier (1-KM), percent",0.95,"All primary knee replacements, by sex, age group, fixation, constraint and bearing",
NJR,"England, Wales, Northern Ireland, Isle of Man, Guernsey",2025,to 2024-12-31,knee_casemix_sex_age_design,3.K6,UKA,NJR 22nd Annual Report 2025_Knees.pdf,56,pdf_text,not_needed,stratum,"All unicondylar, cemented | medial, MBT","All unicondylar, cemented","medial, MBT",unicondylar,cemented,medial,,MBT,Female,55-64,55 to 64,,,,,1105,,15,15.58,13.18,18.37,,ok,False,cumulative_revision_km,"Kaplan-Meier (1-KM), percent",0.95,"All primary knee replacements, by sex, age group, fixation, constraint and bearing",
NJR,"England, Wales, Northern Ireland, Isle of Man, Guernsey",2025,to 2024-12-31,knee_casemix_sex_age_design,3.K6,UKA,NJR 22nd Annual Report 2025_Knees.pdf,56,pdf_text,not_needed,stratum,"All unicondylar, cemented | medial, MBT","All unicondylar, cemented","medial, MBT",unicondylar,cemented,medial,,MBT,Female,55-64,55 to 64,,,,,1105,,20,19.11,15.55,23.36,,ok,True,cumulative_revision_km,"Kaplan-Meier (1-KM), percent",0.95,"All primary knee replacements, by sex, age group, fixation, constraint and bearing",
NJR,"England, Wales, Northern Ireland, Isle of Man, Guernsey",2025,to 2024-12-31,knee_casemix_sex_age_design,3.K6,UKA,NJR 22nd Annual Report 2025_Knees.pdf,56,pdf_text,not_needed,stratum,"All unicondylar, cemented | lateral, fixed","All unicondylar, cemented","lateral, fixed",unicondylar,cemented,lateral,,fixed,Male,55-64,55 to 64,,,,,537,,1,0.78,0.29,2.07,,ok,False,cumulative_revision_km,"Kaplan-Meier (1-KM), percent",0.95,"All primary knee replacements, by sex, age group, fixation, constraint and bearing",
NJR,"England, Wales, Northern Ireland, Isle of Man, Guernsey",2025,to 2024-12-31,knee_casemix_sex_age_design,3.K6,UKA,NJR 22nd Annual Report 2025_Knees.pdf,56,pdf_text,not_needed,stratum,"All unicondylar, cemented | lateral, fixed","All unicondylar, cemented","lateral, fixed",unicondylar,cemented,lateral,,fixed,Male,55-64,55 to 64,,,,,537,,3,1.99,1.03,3.81,,ok,False,cumulative_revision_km,"Kaplan-Meier (1-KM), percent",0.95,"All primary knee replacements, by sex, age group, fixation, constraint and bearing",
NJR,"England, Wales, Northern Ireland, Isle of Man, Guernsey",2025,to 2024-12-31,knee_casemix_sex_age_design,3.K6,UKA,NJR 22nd Annual Report 2025_Knees.pdf,56,pdf_text,not_needed,stratum,"All unicondylar, cemented | lateral, fixed","All unicondylar, cemented","lateral, fixed",unicondylar,cemented,lateral,,fixed,Male,55-64,55 to 64,,,,,537,,5,3.56,2.1,6.01,,ok,False,cumulative_revision_km,"Kaplan-Meier (1-KM), percent",0.95,"All primary knee replacements, by sex, age group, fixation, constraint and bearing",
NJR,"England, Wales, Northern Ireland, Isle of Man, Guernsey",2025,to 2024-12-31,knee_casemix_sex_age_design,3.K6,UKA,NJR 22nd Annual Report 2025_Knees.pdf,56,pdf_text,not_needed,stratum,"All unicondylar, cemented | lateral, fixed","All unicondylar, cemented","lateral, fixed",unicondylar,cemented,lateral,,fixed,Male,55-64,55 to 64,,,,,537,,10,6.43,3.97,10.33,,ok,True,cumulative_revision_km,"Kaplan-Meier (1-KM), percent",0.95,"All primary knee replacements, by sex, age group, fixation, constraint and bearing",
NJR,"England, Wales, Northern Ireland, Isle of Man, Guernsey",2025,to 2024-12-31,knee_casemix_sex_age_design,3.K6,UKA,NJR 22nd Annual Report 2025_Knees.pdf,56,pdf_text,not_needed,stratum,"All unicondylar, cemented | lateral, fixed","All unicondylar, cemented","lateral, fixed",unicondylar,cemented,lateral,,fixed,Male,55-64,55 to 64,,,,,537,,15,7.25,4.49,11.62,,ok,True,cumulative_revision_km,"Kaplan-Meier (1-KM), percent",0.95,"All primary knee replacements, by sex, age group, fixation, constraint and bearing",
NJR,"England, Wales, Northern Ireland, Isle of Man, Guernsey",2025,to 2024-12-31,knee_casemix_sex_age_design,3.K6,UKA,NJR 22nd Annual Report 2025_Knees.pdf,56,pdf_text,not_needed,stratum,"All unicondylar, cemented | lateral, fixed","All unicondylar, cemented","lateral, fixed",unicondylar,cemented,lateral,,fixed,Male,55-64,55 to 64,,,,,537,,20,,,,,blank,False,cumulative_revision_km,"Kaplan-Meier (1-KM), percent",0.95,"All primary knee replacements, by sex, age group, fixation, constraint and bearing",
NJR,"England, Wales, Northern Ireland, Isle of Man, Guernsey",2025,to 2024-12-31,knee_casemix_sex_age_design,3.K6,UKA,NJR 22nd Annual Report 2025_Knees.pdf,56,pdf_text,not_needed,stratum,"All unicondylar, cemented | lateral, fixed","All unicondylar, cemented","lateral, fixed",unicondylar,cemented,lateral,,fixed,Female,55-64,55 to 64,,,,,610,,1,1.07,0.48,2.37,,ok,False,cumulative_revision_km,"Kaplan-Meier (1-KM), percent",0.95,"All primary knee replacements, by sex, age group, fixation, constraint and bearing",
NJR,"England, Wales, Northern Ireland, Isle of Man, Guernsey",2025,to 2024-12-31,knee_casemix_sex_age_design,3.K6,UKA,NJR 22nd Annual Report 2025_Knees.pdf,56,pdf_text,not_needed,stratum,"All unicondylar, cemented | lateral, fixed","All unicondylar, cemented","lateral, fixed",unicondylar,cemented,lateral,,fixed,Female,55-64,55 to 64,,,,,610,,3,2.78,1.65,4.67,,ok,False,cumulative_revision_km,"Kaplan-Meier (1-KM), percent",0.95,"All primary knee replacements, by sex, age group, fixation, constraint and bearing",
NJR,"England, Wales, Northern Ireland, Isle of Man, Guernsey",2025,to 2024-12-31,knee_casemix_sex_age_design,3.K6,UKA,NJR 22nd Annual Report 2025_Knees.pdf,56,pdf_text,not_needed,stratum,"All unicondylar, cemented | lateral, fixed","All unicondylar, cemented","lateral, fixed",unicondylar,cemented,lateral,,fixed,Female,55-64,55 to 64,,,,,610,,5,4.3,2.78,6.62,,ok,False,cumulative_revision_km,"Kaplan-Meier (1-KM), percent",0.95,"All primary knee replacements, by sex, age group, fixation, constraint and bearing",
NJR,"England, Wales, Northern Ireland, Isle of Man, Guernsey",2025,to 2024-12-31,knee_casemix_sex_age_design,3.K6,UKA,NJR 22nd Annual Report 2025_Knees.pdf,56,pdf_text,not_needed,stratum,"All unicondylar, cemented | lateral, fixed","All unicondylar, cemented","lateral, fixed",unicondylar,cemented,lateral,,fixed,Female,55-64,55 to 64,,,,,610,,10,6.66,4.46,9.89,,ok,True,cumulative_revision_km,"Kaplan-Meier (1-KM), percent",0.95,"All primary knee replacements, by sex, age group, fixation, constraint and bearing",
NJR,"England, Wales, Northern Ireland, Isle of Man, Guernsey",2025,to 2024-12-31,knee_casemix_sex_age_design,3.K6,UKA,NJR 22nd Annual Report 2025_Knees.pdf,56,pdf_text,not_needed,stratum,"All unicondylar, cemented | lateral, fixed","All unicondylar, cemented","lateral, fixed",unicondylar,cemented,lateral,,fixed,Female,55-64,55 to 64,,,,,610,,15,11.18,7.27,16.98,,ok,True,cumulative_revision_km,"Kaplan-Meier (1-KM), percent",0.95,"All primary knee replacements, by sex, age group, fixation, constraint and bearing",
NJR,"England, Wales, Northern Ireland, Isle of Man, Guernsey",2025,to 2024-12-31,knee_casemix_sex_age_design,3.K6,UKA,NJR 22nd Annual Report 2025_Knees.pdf,56,pdf_text,not_needed,stratum,"All unicondylar, cemented | lateral, fixed","All unicondylar, cemented","lateral, fixed",unicondylar,cemented,lateral,,fixed,Female,55-64,55 to 64,,,,,610,,20,,,,,blank,False,cumulative_revision_km,"Kaplan-Meier (1-KM), percent",0.95,"All primary knee replacements, by sex, age group, fixation, constraint and bearing",
NJR,"England, Wales, Northern Ireland, Isle of Man, Guernsey",2025,to 2024-12-31,knee_casemix_sex_age_design,3.K6,UKA,NJR 22nd Annual Report 2025_Knees.pdf,56,pdf_text,not_needed,stratum,"All unicondylar, cemented | lateral, mobile","All unicondylar, cemented","lateral, mobile",unicondylar,cemented,lateral,,mobile,Male,55-64,55 to 64,,,,,118,,1,4.24,1.79,9.9,,ok,True,cumulative_revision_km,"Kaplan-Meier (1-KM), percent",0.95,"All primary knee replacements, by sex, age group, fixation, constraint and bearing",
NJR,"England, Wales, Northern Ireland, Isle of Man, Guernsey",2025,to 2024-12-31,knee_casemix_sex_age_design,3.K6,UKA,NJR 22nd Annual Report 2025_Knees.pdf,56,pdf_text,not_needed,stratum,"All unicondylar, cemented | lateral, mobile","All unicondylar, cemented","lateral, mobile",unicondylar,cemented,lateral,,mobile,Male,55-64,55 to 64,,,,,118,,3,6.83,3.48,13.2,,ok,True,cumulative_revision_km,"Kaplan-Meier (1-KM), percent",0.95,"All primary knee replacements, by sex, age group, fixation, constraint and bearing",
NJR,"England, Wales, Northern Ireland, Isle of Man, Guernsey",2025,to 2024-12-31,knee_casemix_sex_age_design,3.K6,UKA,NJR 22nd Annual Report 2025_Knees.pdf,56,pdf_text,not_needed,stratum,"All unicondylar, cemented | lateral, mobile","All unicondylar, cemented","lateral, mobile",unicondylar,cemented,lateral,,mobile,Male,55-64,55 to 64,,,,,118,,5,6.83,3.48,13.2,,ok,True,cumulative_revision_km,"Kaplan-Meier (1-KM), percent",0.95,"All primary knee replacements, by sex, age group, fixation, constraint and bearing",
NJR,"England, Wales, Northern Ireland, Isle of Man, Guernsey",2025,to 2024-12-31,knee_casemix_sex_age_design,3.K6,UKA,NJR 22nd Annual Report 2025_Knees.pdf,56,pdf_text,not_needed,stratum,"All unicondylar, cemented | lateral, mobile","All unicondylar, cemented","lateral, mobile",unicondylar,cemented,lateral,,mobile,Male,55-64,55 to 64,,,,,118,,10,16.07,10.43,24.33,,ok,True,cumulative_revision_km,"Kaplan-Meier (1-KM), percent",0.95,"All primary knee replacements, by sex, age group, fixation, constraint and bearing",
NJR,"England, Wales, Northern Ireland, Isle of Man, Guernsey",2025,to 2024-12-31,knee_casemix_sex_age_design,3.K6,UKA,NJR 22nd Annual Report 2025_Knees.pdf,56,pdf_text,not_needed,stratum,"All unicondylar, cemented | lateral, mobile","All unicondylar, cemented","lateral, mobile",unicondylar,cemented,lateral,,mobile,Male,55-64,55 to 64,,,,,118,,15,21.79,14.17,32.66,,ok,True,cumulative_revision_km,"Kaplan-Meier (1-KM), percent",0.95,"All primary knee replacements, by sex, age group, fixation, constraint and bearing",
NJR,"England, Wales, Northern Ireland, Isle of Man, Guernsey",2025,to 2024-12-31,knee_casemix_sex_age_design,3.K6,UKA,NJR 22nd Annual Report 2025_Knees.pdf,56,pdf_text,not_needed,stratum,"All unicondylar, cemented | lateral, mobile","All unicondylar, cemented","lateral, mobile",unicondylar,cemented,lateral,,mobile,Male,55-64,55 to 64,,,,,118,,20,,,,,blank,False,cumulative_revision_km,"Kaplan-Meier (1-KM), percent",0.95,"All primary knee replacements, by sex, age group, fixation, constraint and bearing",
NJR,"England, Wales, Northern Ireland, Isle of Man, Guernsey",2025,to 2024-12-31,knee_casemix_sex_age_design,3.K6,UKA,NJR 22nd Annual Report 2025_Knees.pdf,56,pdf_text,not_needed,stratum,"All unicondylar, cemented | lateral, mobile","All unicondylar, cemented","lateral, mobile",unicondylar,cemented,lateral,,mobile,Female,55-64,55 to 64,,,,,222,,1,4.5,2.45,8.21,,ok,True,cumulative_revision_km,"Kaplan-Meier (1-KM), percent",0.95,"All primary knee replacements, by sex, age group, fixation, constraint and bearing",
NJR,"England, Wales, Northern Ireland, Isle of Man, Guernsey",2025,to 2024-12-31,knee_casemix_sex_age_design,3.K6,UKA,NJR 22nd Annual Report 2025_Knees.pdf,56,pdf_text,not_needed,stratum,"All unicondylar, cemented | lateral, mobile","All unicondylar, cemented","lateral, mobile",unicondylar,cemented,lateral,,mobile,Female,55-64,55 to 64,,,,,222,,3,6.76,4.13,10.96,,ok,True,cumulative_revision_km,"Kaplan-Meier (1-KM), percent",0.95,"All primary knee replacements, by sex, age group, fixation, constraint and bearing",
NJR,"England, Wales, Northern Ireland, Isle of Man, Guernsey",2025,to 2024-12-31,knee_casemix_sex_age_design,3.K6,UKA,NJR 22nd Annual Report 2025_Knees.pdf,56,pdf_text,not_needed,stratum,"All unicondylar, cemented | lateral, mobile","All unicondylar, cemented","lateral, mobile",unicondylar,cemented,lateral,,mobile,Female,55-64,55 to 64,,,,,222,,5,8.58,5.56,13.13,,ok,True,cumulative_revision_km,"Kaplan-Meier (1-KM), percent",0.95,"All primary knee replacements, by sex, age group, fixation, constraint and bearing",
NJR,"England, Wales, Northern Ireland, Isle of Man, Guernsey",2025,to 2024-12-31,knee_casemix_sex_age_design,3.K6,UKA,NJR 22nd Annual Report 2025_Knees.pdf,56,pdf_text,not_needed,stratum,"All unicondylar, cemented | lateral, mobile","All unicondylar, cemented","lateral, mobile",unicondylar,cemented,lateral,,mobile,Female,55-64,55 to 64,,,,,222,,10,11.97,8.3,17.09,,ok,True,cumulative_revision_km,"Kaplan-Meier (1-KM), percent",0.95,"All primary knee replacements, by sex, age group, fixation, constraint and bearing",
NJR,"England, Wales, Northern Ireland, Isle of Man, Guernsey",2025,to 2024-12-31,knee_casemix_sex_age_design,3.K6,UKA,NJR 22nd Annual Report 2025_Knees.pdf,56,pdf_text,not_needed,stratum,"All unicondylar, cemented | lateral, mobile","All unicondylar, cemented","lateral, mobile",unicondylar,cemented,lateral,,mobile,Female,55-64,55 to 64,,,,,222,,15,19.51,14.37,26.18,,ok,True,cumulative_revision_km,"Kaplan-Meier (1-KM), percent",0.95,"All primary knee replacements, by sex, age group, fixation, constraint and bearing",
NJR,"England, Wales, Northern Ireland, Isle of Man, Guernsey",2025,to 2024-12-31,knee_casemix_sex_age_design,3.K6,UKA,NJR 22nd Annual Report 2025_Knees.pdf,56,pdf_text,not_needed,stratum,"All unicondylar, cemented | lateral, mobile","All unicondylar, cemented","lateral, mobile",unicondylar,cemented,lateral,,mobile,Female,55-64,55 to 64,,,,,222,,20,,,,,blank,False,cumulative_revision_km,"Kaplan-Meier (1-KM), percent",0.95,"All primary knee replacements, by sex, age group, fixation, constraint and bearing",
NJR,"England, Wales, Northern Ireland, Isle of Man, Guernsey",2025,to 2024-12-31,knee_casemix_sex_age_design,3.K6,UKA,NJR 22nd Annual Report 2025_Knees.pdf,56,pdf_text,not_needed,stratum,"All unicondylar, cemented | lateral, MBT","All unicondylar, cemented","lateral, MBT",unicondylar,cemented,lateral,,MBT,Male,55-64,55 to 64,,,,,56,,1,0.0,,,,ci_not_estimable,True,cumulative_revision_km,"Kaplan-Meier (1-KM), percent",0.95,"All primary knee replacements, by sex, age group, fixation, constraint and bearing",
NJR,"England, Wales, Northern Ireland, Isle of Man, Guernsey",2025,to 2024-12-31,knee_casemix_sex_age_design,3.K6,UKA,NJR 22nd Annual Report 2025_Knees.pdf,56,pdf_text,not_needed,stratum,"All unicondylar, cemented | lateral, MBT","All unicondylar, cemented","lateral, MBT",unicondylar,cemented,lateral,,MBT,Male,55-64,55 to 64,,,,,56,,3,3.71,0.94,14.02,,ok,True,cumulative_revision_km,"Kaplan-Meier (1-KM), percent",0.95,"All primary knee replacements, by sex, age group, fixation, constraint and bearing",
NJR,"England, Wales, Northern Ireland, Isle of Man, Guernsey",2025,to 2024-12-31,knee_casemix_sex_age_design,3.K6,UKA,NJR 22nd Annual Report 2025_Knees.pdf,56,pdf_text,not_needed,stratum,"All unicondylar, cemented | lateral, MBT","All unicondylar, cemented","lateral, MBT",unicondylar,cemented,lateral,,MBT,Male,55-64,55 to 64,,,,,56,,5,3.71,0.94,14.02,,ok,True,cumulative_revision_km,"Kaplan-Meier (1-KM), percent",0.95,"All primary knee replacements, by sex, age group, fixation, constraint and bearing",
NJR,"England, Wales, Northern Ireland, Isle of Man, Guernsey",2025,to 2024-12-31,knee_casemix_sex_age_design,3.K6,UKA,NJR 22nd Annual Report 2025_Knees.pdf,56,pdf_text,not_needed,stratum,"All unicondylar, cemented | lateral, MBT","All unicondylar, cemented","lateral, MBT",unicondylar,cemented,lateral,,MBT,Male,55-64,55 to 64,,,,,56,,10,6.05,1.97,17.77,,ok,True,cumulative_revision_km,"Kaplan-Meier (1-KM), percent",0.95,"All primary knee replacements, by sex, age group, fixation, constraint and bearing",
NJR,"England, Wales, Northern Ireland, Isle of Man, Guernsey",2025,to 2024-12-31,knee_casemix_sex_age_design,3.K6,UKA,NJR 22nd Annual Report 2025_Knees.pdf,56,pdf_text,not_needed,stratum,"All unicondylar, cemented | lateral, MBT","All unicondylar, cemented","lateral, MBT",unicondylar,cemented,lateral,,MBT,Male,55-64,55 to 64,,,,,56,,15,11.93,3.97,32.87,,ok,True,cumulative_revision_km,"Kaplan-Meier (1-KM), percent",0.95,"All primary knee replacements, by sex, age group, fixation, constraint and bearing",
NJR,"England, Wales, Northern Ireland, Isle of Man, Guernsey",2025,to 2024-12-31,knee_casemix_sex_age_design,3.K6,UKA,NJR 22nd Annual Report 2025_Knees.pdf,56,pdf_text,not_needed,stratum,"All unicondylar, cemented | lateral, MBT","All unicondylar, cemented","lateral, MBT",unicondylar,cemented,lateral,,MBT,Male,55-64,55 to 64,,,,,56,,20,,,,,blank,False,cumulative_revision_km,"Kaplan-Meier (1-KM), percent",0.95,"All primary knee replacements, by sex, age group, fixation, constraint and bearing",
NJR,"England, Wales, Northern Ireland, Isle of Man, Guernsey",2025,to 2024-12-31,knee_casemix_sex_age_design,3.K6,UKA,NJR 22nd Annual Report 2025_Knees.pdf,56,pdf_text,not_needed,stratum,"All unicondylar, cemented | lateral, MBT","All unicondylar, cemented","lateral, MBT",unicondylar,cemented,lateral,,MBT,Female,55-64,55 to 64,,,,,69,,1,,,,,blank,False,cumulative_revision_km,"Kaplan-Meier (1-KM), percent",0.95,"All primary knee replacements, by sex, age group, fixation, constraint and bearing",
NJR,"England, Wales, Northern Ireland, Isle of Man, Guernsey",2025,to 2024-12-31,knee_casemix_sex_age_design,3.K6,UKA,NJR 22nd Annual Report 2025_Knees.pdf,56,pdf_text,not_needed,stratum,"All unicondylar, cemented | lateral, MBT","All unicondylar, cemented","lateral, MBT",unicondylar,cemented,lateral,,MBT,Female,55-64,55 to 64,,,,,69,,3,3.01,0.76,11.51,,ok,True,cumulative_revision_km,"Kaplan-Meier (1-KM), percent",0.95,"All primary knee replacements, by sex, age group, fixation, constraint and bearing",
NJR,"England, Wales, Northern Ireland, Isle of Man, Guernsey",2025,to 2024-12-31,knee_casemix_sex_age_design,3.K6,UKA,NJR 22nd Annual Report 2025_Knees.pdf,56,pdf_text,not_needed,stratum,"All unicondylar, cemented | lateral, MBT","All unicondylar, cemented","lateral, MBT",unicondylar,cemented,lateral,,MBT,Female,55-64,55 to 64,,,,,69,,5,6.24,2.39,15.8,,ok,True,cumulative_revision_km,"Kaplan-Meier (1-KM), percent",0.95,"All primary knee replacements, by sex, age group, fixation, constraint and bearing",
NJR,"England, Wales, Northern Ireland, Isle of Man, Guernsey",2025,to 2024-12-31,knee_casemix_sex_age_design,3.K6,UKA,NJR 22nd Annual Report 2025_Knees.pdf,56,pdf_text,not_needed,stratum,"All unicondylar, cemented | lateral, MBT","All unicondylar, cemented","lateral, MBT",unicondylar,cemented,lateral,,MBT,Female,55-64,55 to 64,,,,,69,,10,16.0,8.6,28.69,,ok,True,cumulative_revision_km,"Kaplan-Meier (1-KM), percent",0.95,"All primary knee replacements, by sex, age group, fixation, constraint and bearing",
NJR,"England, Wales, Northern Ireland, Isle of Man, Guernsey",2025,to 2024-12-31,knee_casemix_sex_age_design,3.K6,UKA,NJR 22nd Annual Report 2025_Knees.pdf,56,pdf_text,not_needed,stratum,"All unicondylar, cemented | lateral, MBT","All unicondylar, cemented","lateral, MBT",unicondylar,cemented,lateral,,MBT,Female,55-64,55 to 64,,,,,69,,15,23.34,13.73,38.01,,ok,True,cumulative_revision_km,"Kaplan-Meier (1-KM), percent",0.95,"All primary knee replacements, by sex, age group, fixation, constraint and bearing",
NJR,"England, Wales, Northern Ireland, Isle of Man, Guernsey",2025,to 2024-12-31,knee_casemix_sex_age_design,3.K6,UKA,NJR 22nd Annual Report 2025_Knees.pdf,56,pdf_text,not_needed,stratum,"All unicondylar, cemented | lateral, MBT","All unicondylar, cemented","lateral, MBT",unicondylar,cemented,lateral,,MBT,Female,55-64,55 to 64,,,,,69,,20,,,,,blank,False,cumulative_revision_km,"Kaplan-Meier (1-KM), percent",0.95,"All primary knee replacements, by sex, age group, fixation, constraint and bearing",
NJR,"England, Wales, Northern Ireland, Isle of Man, Guernsey",2025,to 2024-12-31,knee_casemix_sex_age_design,3.K6,UKA,NJR 22nd Annual Report 2025_Knees.pdf,56,pdf_text,not_needed,group,"All unicondylar, uncemented/hybrid","All unicondylar, uncemented/hybrid",,unicondylar,uncemented/hybrid,,,,Male,55-64,55 to 64,,,,,9482,,1,1.48,1.25,1.75,,ok,False,cumulative_revision_km,"Kaplan-Meier (1-KM), percent",0.95,"All primary knee replacements, by sex, age group, fixation, constraint and bearing",
NJR,"England, Wales, Northern Ireland, Isle of Man, Guernsey",2025,to 2024-12-31,knee_casemix_sex_age_design,3.K6,UKA,NJR 22nd Annual Report 2025_Knees.pdf,56,pdf_text,not_needed,group,"All unicondylar, uncemented/hybrid","All unicondylar, uncemented/hybrid",,unicondylar,uncemented/hybrid,,,,Male,55-64,55 to 64,,,,,9482,,3,2.47,2.15,2.83,,ok,False,cumulative_revision_km,"Kaplan-Meier (1-KM), percent",0.95,"All primary knee replacements, by sex, age group, fixation, constraint and bearing",
NJR,"England, Wales, Northern Ireland, Isle of Man, Guernsey",2025,to 2024-12-31,knee_casemix_sex_age_design,3.K6,UKA,NJR 22nd Annual Report 2025_Knees.pdf,56,pdf_text,not_needed,group,"All unicondylar, uncemented/hybrid","All unicondylar, uncemented/hybrid",,unicondylar,uncemented/hybrid,,,,Male,55-64,55 to 64,,,,,9482,,5,3.39,3.0,3.84,,ok,False,cumulative_revision_km,"Kaplan-Meier (1-KM), percent",0.95,"All primary knee replacements, by sex, age group, fixation, constraint and bearing",
NJR,"England, Wales, Northern Ireland, Isle of Man, Guernsey",2025,to 2024-12-31,knee_casemix_sex_age_design,3.K6,UKA,NJR 22nd Annual Report 2025_Knees.pdf,56,pdf_text,not_needed,group,"All unicondylar, uncemented/hybrid","All unicondylar, uncemented/hybrid",,unicondylar,uncemented/hybrid,,,,Male,55-64,55 to 64,,,,,9482,,10,6.5,5.71,7.39,,ok,False,cumulative_revision_km,"Kaplan-Meier (1-KM), percent",0.95,"All primary knee replacements, by sex, age group, fixation, constraint and bearing",
NJR,"England, Wales, Northern Ireland, Isle of Man, Guernsey",2025,to 2024-12-31,knee_casemix_sex_age_design,3.K6,UKA,NJR 22nd Annual Report 2025_Knees.pdf,56,pdf_text,not_needed,group,"All unicondylar, uncemented/hybrid","All unicondylar, uncemented/hybrid",,unicondylar,uncemented/hybrid,,,,Male,55-64,55 to 64,,,,,9482,,15,12.2,10.16,14.63,,ok,True,cumulative_revision_km,"Kaplan-Meier (1-KM), percent",0.95,"All primary knee replacements, by sex, age group, fixation, constraint and bearing",
NJR,"England, Wales, Northern Ireland, Isle of Man, Guernsey",2025,to 2024-12-31,knee_casemix_sex_age_design,3.K6,UKA,NJR 22nd Annual Report 2025_Knees.pdf,56,pdf_text,not_needed,group,"All unicondylar, uncemented/hybrid","All unicondylar, uncemented/hybrid",,unicondylar,uncemented/hybrid,,,,Male,55-64,55 to 64,,,,,9482,,20,,,,,blank,False,cumulative_revision_km,"Kaplan-Meier (1-KM), percent",0.95,"All primary knee replacements, by sex, age group, fixation, constraint and bearing",
NJR,"England, Wales, Northern Ireland, Isle of Man, Guernsey",2025,to 2024-12-31,knee_casemix_sex_age_design,3.K6,UKA,NJR 22nd Annual Report 2025_Knees.pdf,56,pdf_text,not_needed,group,"All unicondylar, uncemented/hybrid","All unicondylar, uncemented/hybrid",,unicondylar,uncemented/hybrid,,,,Female,55-64,55 to 64,,,,,7122,,1,0.93,0.73,1.2,,ok,False,cumulative_revision_km,"Kaplan-Meier (1-KM), percent",0.95,"All primary knee replacements, by sex, age group, fixation, constraint and bearing",
NJR,"England, Wales, Northern Ireland, Isle of Man, Guernsey",2025,to 2024-12-31,knee_casemix_sex_age_design,3.K6,UKA,NJR 22nd Annual Report 2025_Knees.pdf,56,pdf_text,not_needed,group,"All unicondylar, uncemented/hybrid","All unicondylar, uncemented/hybrid",,unicondylar,uncemented/hybrid,,,,Female,55-64,55 to 64,,,,,7122,,3,2.4,2.04,2.83,,ok,False,cumulative_revision_km,"Kaplan-Meier (1-KM), percent",0.95,"All primary knee replacements, by sex, age group, fixation, constraint and bearing",
NJR,"England, Wales, Northern Ireland, Isle of Man, Guernsey",2025,to 2024-12-31,knee_casemix_sex_age_design,3.K6,UKA,NJR 22nd Annual Report 2025_Knees.pdf,56,pdf_text,not_needed,group,"All unicondylar, uncemented/hybrid","All unicondylar, uncemented/hybrid",,unicondylar,uncemented/hybrid,,,,Female,55-64,55 to 64,,,,,7122,,5,3.58,3.1,4.13,,ok,False,cumulative_revision_km,"Kaplan-Meier (1-KM), percent",0.95,"All primary knee replacements, by sex, age group, fixation, constraint and bearing",
NJR,"England, Wales, Northern Ireland, Isle of Man, Guernsey",2025,to 2024-12-31,knee_casemix_sex_age_design,3.K6,UKA,NJR 22nd Annual Report 2025_Knees.pdf,56,pdf_text,not_needed,group,"All unicondylar, uncemented/hybrid","All unicondylar, uncemented/hybrid",,unicondylar,uncemented/hybrid,,,,Female,55-64,55 to 64,,,,,7122,,10,7.26,6.36,8.3,,ok,False,cumulative_revision_km,"Kaplan-Meier (1-KM), percent",0.95,"All primary knee replacements, by sex, age group, fixation, constraint and bearing",
NJR,"England, Wales, Northern Ireland, Isle of Man, Guernsey",2025,to 2024-12-31,knee_casemix_sex_age_design,3.K6,UKA,NJR 22nd Annual Report 2025_Knees.pdf,56,pdf_text,not_needed,group,"All unicondylar, uncemented/hybrid","All unicondylar, uncemented/hybrid",,unicondylar,uncemented/hybrid,,,,Female,55-64,55 to 64,,,,,7122,,15,13.03,10.57,16.02,,ok,True,cumulative_revision_km,"Kaplan-Meier (1-KM), percent",0.95,"All primary knee replacements, by sex, age group, fixation, constraint and bearing",
NJR,"England, Wales, Northern Ireland, Isle of Man, Guernsey",2025,to 2024-12-31,knee_casemix_sex_age_design,3.K6,UKA,NJR 22nd Annual Report 2025_Knees.pdf,56,pdf_text,not_needed,group,"All unicondylar, uncemented/hybrid","All unicondylar, uncemented/hybrid",,unicondylar,uncemented/hybrid,,,,Female,55-64,55 to 64,,,,,7122,,20,,,,,blank,False,cumulative_revision_km,"Kaplan-Meier (1-KM), percent",0.95,"All primary knee replacements, by sex, age group, fixation, constraint and bearing",
NJR,"England, Wales, Northern Ireland, Isle of Man, Guernsey",2025,to 2024-12-31,knee_casemix_sex_age_design,3.K6,UKA,NJR 22nd Annual Report 2025_Knees.pdf,56,pdf_text,not_needed,stratum,"All unicondylar, uncemented/hybrid | medial, fixed","All unicondylar, uncemented/hybrid","medial, fixed",unicondylar,uncemented/hybrid,medial,,fixed,Male,55-64,55 to 64,,,,,20,,1,,,,,blank,False,cumulative_revision_km,"Kaplan-Meier (1-KM), percent",0.95,"All primary knee replacements, by sex, age group, fixation, constraint and bearing",
NJR,"England, Wales, Northern Ireland, Isle of Man, Guernsey",2025,to 2024-12-31,knee_casemix_sex_age_design,3.K6,UKA,NJR 22nd Annual Report 2025_Knees.pdf,56,pdf_text,not_needed,stratum,"All unicondylar, uncemented/hybrid | medial, fixed","All unicondylar, uncemented/hybrid","medial, fixed",unicondylar,uncemented/hybrid,medial,,fixed,Male,55-64,55 to 64,,,,,20,,3,0.0,,,,ci_not_estimable,True,cumulative_revision_km,"Kaplan-Meier (1-KM), percent",0.95,"All primary knee replacements, by sex, age group, fixation, constraint and bearing",
NJR,"England, Wales, Northern Ireland, Isle of Man, Guernsey",2025,to 2024-12-31,knee_casemix_sex_age_design,3.K6,UKA,NJR 22nd Annual Report 2025_Knees.pdf,56,pdf_text,not_needed,stratum,"All unicondylar, uncemented/hybrid | medial, fixed","All unicondylar, uncemented/hybrid","medial, fixed",unicondylar,uncemented/hybrid,medial,,fixed,Male,55-64,55 to 64,,,,,20,,5,0.0,,,,ci_not_estimable,True,cumulative_revision_km,"Kaplan-Meier (1-KM), percent",0.95,"All primary knee replacements, by sex, age group, fixation, constraint and bearing",
NJR,"England, Wales, Northern Ireland, Isle of Man, Guernsey",2025,to 2024-12-31,knee_casemix_sex_age_design,3.K6,UKA,NJR 22nd Annual Report 2025_Knees.pdf,56,pdf_text,not_needed,stratum,"All unicondylar, uncemented/hybrid | medial, fixed","All unicondylar, uncemented/hybrid","medial, fixed",unicondylar,uncemented/hybrid,medial,,fixed,Male,55-64,55 to 64,,,,,20,,10,,,,,blank,False,cumulative_revision_km,"Kaplan-Meier (1-KM), percent",0.95,"All primary knee replacements, by sex, age group, fixation, constraint and bearing",
NJR,"England, Wales, Northern Ireland, Isle of Man, Guernsey",2025,to 2024-12-31,knee_casemix_sex_age_design,3.K6,UKA,NJR 22nd Annual Report 2025_Knees.pdf,56,pdf_text,not_needed,stratum,"All unicondylar, uncemented/hybrid | medial, fixed","All unicondylar, uncemented/hybrid","medial, fixed",unicondylar,uncemented/hybrid,medial,,fixed,Male,55-64,55 to 64,,,,,20,,15,,,,,blank,False,cumulative_revision_km,"Kaplan-Meier (1-KM), percent",0.95,"All primary knee replacements, by sex, age group, fixation, constraint and bearing",
NJR,"England, Wales, Northern Ireland, Isle of Man, Guernsey",2025,to 2024-12-31,knee_casemix_sex_age_design,3.K6,UKA,NJR 22nd Annual Report 2025_Knees.pdf,56,pdf_text,not_needed,stratum,"All unicondylar, uncemented/hybrid | medial, fixed","All unicondylar, uncemented/hybrid","medial, fixed",unicondylar,uncemented/hybrid,medial,,fixed,Male,55-64,55 to 64,,,,,20,,20,,,,,blank,False,cumulative_revision_km,"Kaplan-Meier (1-KM), percent",0.95,"All primary knee replacements, by sex, age group, fixation, constraint and bearing",
NJR,"England, Wales, Northern Ireland, Isle of Man, Guernsey",2025,to 2024-12-31,knee_casemix_sex_age_design,3.K6,UKA,NJR 22nd Annual Report 2025_Knees.pdf,56,pdf_text,not_needed,stratum,"All unicondylar, uncemented/hybrid | medial, fixed","All unicondylar, uncemented/hybrid","medial, fixed",unicondylar,uncemented/hybrid,medial,,fixed,Female,55-64,55 to 64,,,,,8,,1,,,,,blank,False,cumulative_revision_km,"Kaplan-Meier (1-KM), percent",0.95,"All primary knee replacements, by sex, age group, fixation, constraint and bearing",
NJR,"England, Wales, Northern Ireland, Isle of Man, Guernsey",2025,to 2024-12-31,knee_casemix_sex_age_design,3.K6,UKA,NJR 22nd Annual Report 2025_Knees.pdf,56,pdf_text,not_needed,stratum,"All unicondylar, uncemented/hybrid | medial, fixed","All unicondylar, uncemented/hybrid","medial, fixed",unicondylar,uncemented/hybrid,medial,,fixed,Female,55-64,55 to 64,,,,,8,,3,,,,,blank,False,cumulative_revision_km,"Kaplan-Meier (1-KM), percent",0.95,"All primary knee replacements, by sex, age group, fixation, constraint and bearing",
NJR,"England, Wales, Northern Ireland, Isle of Man, Guernsey",2025,to 2024-12-31,knee_casemix_sex_age_design,3.K6,UKA,NJR 22nd Annual Report 2025_Knees.pdf,56,pdf_text,not_needed,stratum,"All unicondylar, uncemented/hybrid | medial, fixed","All unicondylar, uncemented/hybrid","medial, fixed",unicondylar,uncemented/hybrid,medial,,fixed,Female,55-64,55 to 64,,,,,8,,5,,,,,blank,False,cumulative_revision_km,"Kaplan-Meier (1-KM), percent",0.95,"All primary knee replacements, by sex, age group, fixation, constraint and bearing",
NJR,"England, Wales, Northern Ireland, Isle of Man, Guernsey",2025,to 2024-12-31,knee_casemix_sex_age_design,3.K6,UKA,NJR 22nd Annual Report 2025_Knees.pdf,56,pdf_text,not_needed,stratum,"All unicondylar, uncemented/hybrid | medial, fixed","All unicondylar, uncemented/hybrid","medial, fixed",unicondylar,uncemented/hybrid,medial,,fixed,Female,55-64,55 to 64,,,,,8,,10,,,,,blank,False,cumulative_revision_km,"Kaplan-Meier (1-KM), percent",0.95,"All primary knee replacements, by sex, age group, fixation, constraint and bearing",
NJR,"England, Wales, Northern Ireland, Isle of Man, Guernsey",2025,to 2024-12-31,knee_casemix_sex_age_design,3.K6,UKA,NJR 22nd Annual Report 2025_Knees.pdf,56,pdf_text,not_needed,stratum,"All unicondylar, uncemented/hybrid | medial, fixed","All unicondylar, uncemented/hybrid","medial, fixed",unicondylar,uncemented/hybrid,medial,,fixed,Female,55-64,55 to 64,,,,,8,,15,,,,,blank,False,cumulative_revision_km,"Kaplan-Meier (1-KM), percent",0.95,"All primary knee replacements, by sex, age group, fixation, constraint and bearing",
NJR,"England, Wales, Northern Ireland, Isle of Man, Guernsey",2025,to 2024-12-31,knee_casemix_sex_age_design,3.K6,UKA,NJR 22nd Annual Report 2025_Knees.pdf,56,pdf_text,not_needed,stratum,"All unicondylar, uncemented/hybrid | medial, fixed","All unicondylar, uncemented/hybrid","medial, fixed",unicondylar,uncemented/hybrid,medial,,fixed,Female,55-64,55 to 64,,,,,8,,20,,,,,blank,False,cumulative_revision_km,"Kaplan-Meier (1-KM), percent",0.95,"All primary knee replacements, by sex, age group, fixation, constraint and bearing",
NJR,"England, Wales, Northern Ireland, Isle of Man, Guernsey",2025,to 2024-12-31,knee_casemix_sex_age_design,3.K6,UKA,NJR 22nd Annual Report 2025_Knees.pdf,56,pdf_text,not_needed,stratum,"All unicondylar, uncemented/hybrid | medial, mobile","All unicondylar, uncemented/hybrid","medial, mobile",unicondylar,uncemented/hybrid,medial,,mobile,Male,55-64,55 to 64,,,,,9264,,1,1.52,1.28,1.8,,ok,False,cumulative_revision_km,"Kaplan-Meier (1-KM), percent",0.95,"All primary knee replacements, by sex, age group, fixation, constraint and bearing",
NJR,"England, Wales, Northern Ireland, Isle of Man, Guernsey",2025,to 2024-12-31,knee_casemix_sex_age_design,3.K6,UKA,NJR 22nd Annual Report 2025_Knees.pdf,56,pdf_text,not_needed,stratum,"All unicondylar, uncemented/hybrid | medial, mobile","All unicondylar, uncemented/hybrid","medial, mobile",unicondylar,uncemented/hybrid,medial,,mobile,Male,55-64,55 to 64,,,,,9264,,3,2.45,2.13,2.81,,ok,False,cumulative_revision_km,"Kaplan-Meier (1-KM), percent",0.95,"All primary knee replacements, by sex, age group, fixation, constraint and bearing",
NJR,"England, Wales, Northern Ireland, Isle of Man, Guernsey",2025,to 2024-12-31,knee_casemix_sex_age_design,3.K6,UKA,NJR 22nd Annual Report 2025_Knees.pdf,56,pdf_text,not_needed,stratum,"All unicondylar, uncemented/hybrid | medial, mobile","All unicondylar, uncemented/hybrid","medial, mobile",unicondylar,uncemented/hybrid,medial,,mobile,Male,55-64,55 to 64,,,,,9264,,5,3.36,2.97,3.81,,ok,False,cumulative_revision_km,"Kaplan-Meier (1-KM), percent",0.95,"All primary knee replacements, by sex, age group, fixation, constraint and bearing",
NJR,"England, Wales, Northern Ireland, Isle of Man, Guernsey",2025,to 2024-12-31,knee_casemix_sex_age_design,3.K6,UKA,NJR 22nd Annual Report 2025_Knees.pdf,56,pdf_text,not_needed,stratum,"All unicondylar, uncemented/hybrid | medial, mobile","All unicondylar, uncemented/hybrid","medial, mobile",unicondylar,uncemented/hybrid,medial,,mobile,Male,55-64,55 to 64,,,,,9264,,10,6.53,5.72,7.45,,ok,False,cumulative_revision_km,"Kaplan-Meier (1-KM), percent",0.95,"All primary knee replacements, by sex, age group, fixation, constraint and bearing",
NJR,"England, Wales, Northern Ireland, Isle of Man, Guernsey",2025,to 2024-12-31,knee_casemix_sex_age_design,3.K6,UKA,NJR 22nd Annual Report 2025_Knees.pdf,56,pdf_text,not_needed,stratum,"All unicondylar, uncemented/hybrid | medial, mobile","All unicondylar, uncemented/hybrid","medial, mobile",unicondylar,uncemented/hybrid,medial,,mobile,Male,55-64,55 to 64,,,,,9264,,15,12.53,10.36,15.13,,ok,True,cumulative_revision_km,"Kaplan-Meier (1-KM), percent",0.95,"All primary knee replacements, by sex, age group, fixation, constraint and bearing",
NJR,"England, Wales, Northern Ireland, Isle of Man, Guernsey",2025,to 2024-12-31,knee_casemix_sex_age_design,3.K6,UKA,NJR 22nd Annual Report 2025_Knees.pdf,56,pdf_text,not_needed,stratum,"All unicondylar, uncemented/hybrid | medial, mobile","All unicondylar, uncemented/hybrid","medial, mobile",unicondylar,uncemented/hybrid,medial,,mobile,Male,55-64,55 to 64,,,,,9264,,20,,,,,blank,False,cumulative_revision_km,"Kaplan-Meier (1-KM), percent",0.95,"All primary knee replacements, by sex, age group, fixation, constraint and bearing",
NJR,"England, Wales, Northern Ireland, Isle of Man, Guernsey",2025,to 2024-12-31,knee_casemix_sex_age_design,3.K6,UKA,NJR 22nd Annual Report 2025_Knees.pdf,56,pdf_text,not_needed,stratum,"All unicondylar, uncemented/hybrid | medial, mobile","All unicondylar, uncemented/hybrid","medial, mobile",unicondylar,uncemented/hybrid,medial,,mobile,Female,55-64,55 to 64,,,,,6847,,1,0.94,0.73,1.21,,ok,False,cumulative_revision_km,"Kaplan-Meier (1-KM), percent",0.95,"All primary knee replacements, by sex, age group, fixation, constraint and bearing",
NJR,"England, Wales, Northern Ireland, Isle of Man, Guernsey",2025,to 2024-12-31,knee_casemix_sex_age_design,3.K6,UKA,NJR 22nd Annual Report 2025_Knees.pdf,56,pdf_text,not_needed,stratum,"All unicondylar, uncemented/hybrid | medial, mobile","All unicondylar, uncemented/hybrid","medial, mobile",unicondylar,uncemented/hybrid,medial,,mobile,Female,55-64,55 to 64,,,,,6847,,3,2.4,2.03,2.83,,ok,False,cumulative_revision_km,"Kaplan-Meier (1-KM), percent",0.95,"All primary knee replacements, by sex, age group, fixation, constraint and bearing",
NJR,"England, Wales, Northern Ireland, Isle of Man, Guernsey",2025,to 2024-12-31,knee_casemix_sex_age_design,3.K6,UKA,NJR 22nd Annual Report 2025_Knees.pdf,56,pdf_text,not_needed,stratum,"All unicondylar, uncemented/hybrid | medial, mobile","All unicondylar, uncemented/hybrid","medial, mobile",unicondylar,uncemented/hybrid,medial,,mobile,Female,55-64,55 to 64,,,,,6847,,5,3.56,3.08,4.12,,ok,False,cumulative_revision_km,"Kaplan-Meier (1-KM), percent",0.95,"All primary knee replacements, by sex, age group, fixation, constraint and bearing",
NJR,"England, Wales, Northern Ireland, Isle of Man, Guernsey",2025,to 2024-12-31,knee_casemix_sex_age_design,3.K6,UKA,NJR 22nd Annual Report 2025_Knees.pdf,56,pdf_text,not_needed,stratum,"All unicondylar, uncemented/hybrid | medial, mobile","All unicondylar, uncemented/hybrid","medial, mobile",unicondylar,uncemented/hybrid,medial,,mobile,Female,55-64,55 to 64,,,,,6847,,10,7.22,6.29,8.28,,ok,False,cumulative_revision_km,"Kaplan-Meier (1-KM), percent",0.95,"All primary knee replacements, by sex, age group, fixation, constraint and bearing",
NJR,"England, Wales, Northern Ireland, Isle of Man, Guernsey",2025,to 2024-12-31,knee_casemix_sex_age_design,3.K6,UKA,NJR 22nd Annual Report 2025_Knees.pdf,56,pdf_text,not_needed,stratum,"All unicondylar, uncemented/hybrid | medial, mobile","All unicondylar, uncemented/hybrid","medial, mobile",unicondylar,uncemented/hybrid,medial,,mobile,Female,55-64,55 to 64,,,,,6847,,15,13.39,10.6,16.85,,ok,True,cumulative_revision_km,"Kaplan-Meier (1-KM), percent",0.95,"All primary knee replacements, by sex, age group, fixation, constraint and bearing",
NJR,"England, Wales, Northern Ireland, Isle of Man, Guernsey",2025,to 2024-12-31,knee_casemix_sex_age_design,3.K6,UKA,NJR 22nd Annual Report 2025_Knees.pdf,56,pdf_text,not_needed,stratum,"All unicondylar, uncemented/hybrid | medial, mobile","All unicondylar, uncemented/hybrid","medial, mobile",unicondylar,uncemented/hybrid,medial,,mobile,Female,55-64,55 to 64,,,,,6847,,20,,,,,blank,False,cumulative_revision_km,"Kaplan-Meier (1-KM), percent",0.95,"All primary knee replacements, by sex, age group, fixation, constraint and bearing",
NJR,"England, Wales, Northern Ireland, Isle of Man, Guernsey",2025,to 2024-12-31,knee_casemix_sex_age_design,3.K6,UKA,NJR 22nd Annual Report 2025_Knees.pdf,56,pdf_text,not_needed,stratum,"All unicondylar, uncemented/hybrid | medial, MBT","All unicondylar, uncemented/hybrid","medial, MBT",unicondylar,uncemented/hybrid,medial,,MBT,Male,55-64,55 to 64,,,,,44,,1,,,,,blank,False,cumulative_revision_km,"Kaplan-Meier (1-KM), percent",0.95,"All primary knee replacements, by sex, age group, fixation, constraint and bearing",
NJR,"England, Wales, Northern Ireland, Isle of Man, Guernsey",2025,to 2024-12-31,knee_casemix_sex_age_design,3.K6,UKA,NJR 22nd Annual Report 2025_Knees.pdf,56,pdf_text,not_needed,stratum,"All unicondylar, uncemented/hybrid | medial, MBT","All unicondylar, uncemented/hybrid","medial, MBT",unicondylar,uncemented/hybrid,medial,,MBT,Male,55-64,55 to 64,,,,,44,,3,0.0,,,,ci_not_estimable,True,cumulative_revision_km,"Kaplan-Meier (1-KM), percent",0.95,"All primary knee replacements, by sex, age group, fixation, constraint and bearing",
NJR,"England, Wales, Northern Ireland, Isle of Man, Guernsey",2025,to 2024-12-31,knee_casemix_sex_age_design,3.K6,UKA,NJR 22nd Annual Report 2025_Knees.pdf,56,pdf_text,not_needed,stratum,"All unicondylar, uncemented/hybrid | medial, MBT","All unicondylar, uncemented/hybrid","medial, MBT",unicondylar,uncemented/hybrid,medial,,MBT,Male,55-64,55 to 64,,,,,44,,5,0.0,,,,ci_not_estimable,True,cumulative_revision_km,"Kaplan-Meier (1-KM), percent",0.95,"All primary knee replacements, by sex, age group, fixation, constraint and bearing",
NJR,"England, Wales, Northern Ireland, Isle of Man, Guernsey",2025,to 2024-12-31,knee_casemix_sex_age_design,3.K6,UKA,NJR 22nd Annual Report 2025_Knees.pdf,56,pdf_text,not_needed,stratum,"All unicondylar, uncemented/hybrid | medial, MBT","All unicondylar, uncemented/hybrid","medial, MBT",unicondylar,uncemented/hybrid,medial,,MBT,Male,55-64,55 to 64,,,,,44,,10,5.07,1.29,18.78,,ok,True,cumulative_revision_km,"Kaplan-Meier (1-KM), percent",0.95,"All primary knee replacements, by sex, age group, fixation, constraint and bearing",
NJR,"England, Wales, Northern Ireland, Isle of Man, Guernsey",2025,to 2024-12-31,knee_casemix_sex_age_design,3.K6,UKA,NJR 22nd Annual Report 2025_Knees.pdf,56,pdf_text,not_needed,stratum,"All unicondylar, uncemented/hybrid | medial, MBT","All unicondylar, uncemented/hybrid","medial, MBT",unicondylar,uncemented/hybrid,medial,,MBT,Male,55-64,55 to 64,,,,,44,,15,,,,,blank,False,cumulative_revision_km,"Kaplan-Meier (1-KM), percent",0.95,"All primary knee replacements, by sex, age group, fixation, constraint and bearing",
NJR,"England, Wales, Northern Ireland, Isle of Man, Guernsey",2025,to 2024-12-31,knee_casemix_sex_age_design,3.K6,UKA,NJR 22nd Annual Report 2025_Knees.pdf,56,pdf_text,not_needed,stratum,"All unicondylar, uncemented/hybrid | medial, MBT","All unicondylar, uncemented/hybrid","medial, MBT",unicondylar,uncemented/hybrid,medial,,MBT,Male,55-64,55 to 64,,,,,44,,20,,,,,blank,False,cumulative_revision_km,"Kaplan-Meier (1-KM), percent",0.95,"All primary knee replacements, by sex, age group, fixation, constraint and bearing",
NJR,"England, Wales, Northern Ireland, Isle of Man, Guernsey",2025,to 2024-12-31,knee_casemix_sex_age_design,3.K6,UKA,NJR 22nd Annual Report 2025_Knees.pdf,56,pdf_text,not_needed,stratum,"All unicondylar, uncemented/hybrid | medial, MBT","All unicondylar, uncemented/hybrid","medial, MBT",unicondylar,uncemented/hybrid,medial,,MBT,Female,55-64,55 to 64,,,,,71,,1,,,,,blank,False,cumulative_revision_km,"Kaplan-Meier (1-KM), percent",0.95,"All primary knee replacements, by sex, age group, fixation, constraint and bearing",
NJR,"England, Wales, Northern Ireland, Isle of Man, Guernsey",2025,to 2024-12-31,knee_casemix_sex_age_design,3.K6,UKA,NJR 22nd Annual Report 2025_Knees.pdf,56,pdf_text,not_needed,stratum,"All unicondylar, uncemented/hybrid | medial, MBT","All unicondylar, uncemented/hybrid","medial, MBT",unicondylar,uncemented/hybrid,medial,,MBT,Female,55-64,55 to 64,,,,,71,,3,2.86,0.72,10.94,,ok,True,cumulative_revision_km,"Kaplan-Meier (1-KM), percent",0.95,"All primary knee replacements, by sex, age group, fixation, constraint and bearing",
NJR,"England, Wales, Northern Ireland, Isle of Man, Guernsey",2025,to 2024-12-31,knee_casemix_sex_age_design,3.K6,UKA,NJR 22nd Annual Report 2025_Knees.pdf,56,pdf_text,not_needed,stratum,"All unicondylar, uncemented/hybrid | medial, MBT","All unicondylar, uncemented/hybrid","medial, MBT",unicondylar,uncemented/hybrid,medial,,MBT,Female,55-64,55 to 64,,,,,71,,5,4.31,1.41,12.76,,ok,True,cumulative_revision_km,"Kaplan-Meier (1-KM), percent",0.95,"All primary knee replacements, by sex, age group, fixation, constraint and bearing",
NJR,"England, Wales, Northern Ireland, Isle of Man, Guernsey",2025,to 2024-12-31,knee_casemix_sex_age_design,3.K6,UKA,NJR 22nd Annual Report 2025_Knees.pdf,56,pdf_text,not_needed,stratum,"All unicondylar, uncemented/hybrid | medial, MBT","All unicondylar, uncemented/hybrid","medial, MBT",unicondylar,uncemented/hybrid,medial,,MBT,Female,55-64,55 to 64,,,,,71,,10,9.11,4.19,19.2,,ok,True,cumulative_revision_km,"Kaplan-Meier (1-KM), percent",0.95,"All primary knee replacements, by sex, age group, fixation, constraint and bearing",
NJR,"England, Wales, Northern Ireland, Isle of Man, Guernsey",2025,to 2024-12-31,knee_casemix_sex_age_design,3.K6,UKA,NJR 22nd Annual Report 2025_Knees.pdf,56,pdf_text,not_needed,stratum,"All unicondylar, uncemented/hybrid | medial, MBT","All unicondylar, uncemented/hybrid","medial, MBT",unicondylar,uncemented/hybrid,medial,,MBT,Female,55-64,55 to 64,,,,,71,,15,9.11,4.19,19.2,,ok,True,cumulative_revision_km,"Kaplan-Meier (1-KM), percent",0.95,"All primary knee replacements, by sex, age group, fixation, constraint and bearing",
NJR,"England, Wales, Northern Ireland, Isle of Man, Guernsey",2025,to 2024-12-31,knee_casemix_sex_age_design,3.K6,UKA,NJR 22nd Annual Report 2025_Knees.pdf,56,pdf_text,not_needed,stratum,"All unicondylar, uncemented/hybrid | medial, MBT","All unicondylar, uncemented/hybrid","medial, MBT",unicondylar,uncemented/hybrid,medial,,MBT,Female,55-64,55 to 64,,,,,71,,20,,,,,blank,False,cumulative_revision_km,"Kaplan-Meier (1-KM), percent",0.95,"All primary knee replacements, by sex, age group, fixation, constraint and bearing",
NJR,"England, Wales, Northern Ireland, Isle of Man, Guernsey",2025,to 2024-12-31,knee_casemix_sex_age_design,3.K6,UKA,NJR 22nd Annual Report 2025_Knees.pdf,56,pdf_text,not_needed,stratum,"All unicondylar, uncemented/hybrid | lateral, fixed","All unicondylar, uncemented/hybrid","lateral, fixed",unicondylar,uncemented/hybrid,lateral,,fixed,Male,55-64,55 to 64,,,,,97,,1,0.0,,,,ci_not_estimable,True,cumulative_revision_km,"Kaplan-Meier (1-KM), percent",0.95,"All primary knee replacements, by sex, age group, fixation, constraint and bearing",
NJR,"England, Wales, Northern Ireland, Isle of Man, Guernsey",2025,to 2024-12-31,knee_casemix_sex_age_design,3.K6,UKA,NJR 22nd Annual Report 2025_Knees.pdf,56,pdf_text,not_needed,stratum,"All unicondylar, uncemented/hybrid | lateral, fixed","All unicondylar, uncemented/hybrid","lateral, fixed",unicondylar,uncemented/hybrid,lateral,,fixed,Male,55-64,55 to 64,,,,,97,,3,1.27,0.18,8.65,,ok,True,cumulative_revision_km,"Kaplan-Meier (1-KM), percent",0.95,"All primary knee replacements, by sex, age group, fixation, constraint and bearing",
NJR,"England, Wales, Northern Ireland, Isle of Man, Guernsey",2025,to 2024-12-31,knee_casemix_sex_age_design,3.K6,UKA,NJR 22nd Annual Report 2025_Knees.pdf,56,pdf_text,not_needed,stratum,"All unicondylar, uncemented/hybrid | lateral, fixed","All unicondylar, uncemented/hybrid","lateral, fixed",unicondylar,uncemented/hybrid,lateral,,fixed,Male,55-64,55 to 64,,,,,97,,5,3.73,0.88,15.11,,ok,True,cumulative_revision_km,"Kaplan-Meier (1-KM), percent",0.95,"All primary knee replacements, by sex, age group, fixation, constraint and bearing",
NJR,"England, Wales, Northern Ireland, Isle of Man, Guernsey",2025,to 2024-12-31,knee_casemix_sex_age_design,3.K6,UKA,NJR 22nd Annual Report 2025_Knees.pdf,56,pdf_text,not_needed,stratum,"All unicondylar, uncemented/hybrid | lateral, fixed","All unicondylar, uncemented/hybrid","lateral, fixed",unicondylar,uncemented/hybrid,lateral,,fixed,Male,55-64,55 to 64,,,,,97,,10,,,,,blank,False,cumulative_revision_km,"Kaplan-Meier (1-KM), percent",0.95,"All primary knee replacements, by sex, age group, fixation, constraint and bearing",
NJR,"England, Wales, Northern Ireland, Isle of Man, Guernsey",2025,to 2024-12-31,knee_casemix_sex_age_design,3.K6,UKA,NJR 22nd Annual Report 2025_Knees.pdf,56,pdf_text,not_needed,stratum,"All unicondylar, uncemented/hybrid | lateral, fixed","All unicondylar, uncemented/hybrid","lateral, fixed",unicondylar,uncemented/hybrid,lateral,,fixed,Male,55-64,55 to 64,,,,,97,,15,,,,,blank,False,cumulative_revision_km,"Kaplan-Meier (1-KM), percent",0.95,"All primary knee replacements, by sex, age group, fixation, constraint and bearing",
NJR,"England, Wales, Northern Ireland, Isle of Man, Guernsey",2025,to 2024-12-31,knee_casemix_sex_age_design,3.K6,UKA,NJR 22nd Annual Report 2025_Knees.pdf,56,pdf_text,not_needed,stratum,"All unicondylar, uncemented/hybrid | lateral, fixed","All unicondylar, uncemented/hybrid","lateral, fixed",unicondylar,uncemented/hybrid,lateral,,fixed,Male,55-64,55 to 64,,,,,97,,20,,,,,blank,False,cumulative_revision_km,"Kaplan-Meier (1-KM), percent",0.95,"All primary knee replacements, by sex, age group, fixation, constraint and bearing",
NJR,"England, Wales, Northern Ireland, Isle of Man, Guernsey",2025,to 2024-12-31,knee_casemix_sex_age_design,3.K6,UKA,NJR 22nd Annual Report 2025_Knees.pdf,56,pdf_text,not_needed,stratum,"All unicondylar, uncemented/hybrid | lateral, fixed","All unicondylar, uncemented/hybrid","lateral, fixed",unicondylar,uncemented/hybrid,lateral,,fixed,Female,55-64,55 to 64,,,,,131,,1,0.0,,,,ci_not_estimable,True,cumulative_revision_km,"Kaplan-Meier (1-KM), percent",0.95,"All primary knee replacements, by sex, age group, fixation, constraint and bearing",
NJR,"England, Wales, Northern Ireland, Isle of Man, Guernsey",2025,to 2024-12-31,knee_casemix_sex_age_design,3.K6,UKA,NJR 22nd Annual Report 2025_Knees.pdf,56,pdf_text,not_needed,stratum,"All unicondylar, uncemented/hybrid | lateral, fixed","All unicondylar, uncemented/hybrid","lateral, fixed",unicondylar,uncemented/hybrid,lateral,,fixed,Female,55-64,55 to 64,,,,,131,,3,0.0,,,,ci_not_estimable,True,cumulative_revision_km,"Kaplan-Meier (1-KM), percent",0.95,"All primary knee replacements, by sex, age group, fixation, constraint and bearing",
NJR,"England, Wales, Northern Ireland, Isle of Man, Guernsey",2025,to 2024-12-31,knee_casemix_sex_age_design,3.K6,UKA,NJR 22nd Annual Report 2025_Knees.pdf,56,pdf_text,not_needed,stratum,"All unicondylar, uncemented/hybrid | lateral, fixed","All unicondylar, uncemented/hybrid","lateral, fixed",unicondylar,uncemented/hybrid,lateral,,fixed,Female,55-64,55 to 64,,,,,131,,5,3.56,0.9,13.53,,ok,True,cumulative_revision_km,"Kaplan-Meier (1-KM), percent",0.95,"All primary knee replacements, by sex, age group, fixation, constraint and bearing",
NJR,"England, Wales, Northern Ireland, Isle of Man, Guernsey",2025,to 2024-12-31,knee_casemix_sex_age_design,3.K6,UKA,NJR 22nd Annual Report 2025_Knees.pdf,56,pdf_text,not_needed,stratum,"All unicondylar, uncemented/hybrid | lateral, fixed","All unicondylar, uncemented/hybrid","lateral, fixed",unicondylar,uncemented/hybrid,lateral,,fixed,Female,55-64,55 to 64,,,,,131,,10,,,,,blank,False,cumulative_revision_km,"Kaplan-Meier (1-KM), percent",0.95,"All primary knee replacements, by sex, age group, fixation, constraint and bearing",
NJR,"England, Wales, Northern Ireland, Isle of Man, Guernsey",2025,to 2024-12-31,knee_casemix_sex_age_design,3.K6,UKA,NJR 22nd Annual Report 2025_Knees.pdf,56,pdf_text,not_needed,stratum,"All unicondylar, uncemented/hybrid | lateral, fixed","All unicondylar, uncemented/hybrid","lateral, fixed",unicondylar,uncemented/hybrid,lateral,,fixed,Female,55-64,55 to 64,,,,,131,,15,,,,,blank,False,cumulative_revision_km,"Kaplan-Meier (1-KM), percent",0.95,"All primary knee replacements, by sex, age group, fixation, constraint and bearing",
NJR,"England, Wales, Northern Ireland, Isle of Man, Guernsey",2025,to 2024-12-31,knee_casemix_sex_age_design,3.K6,UKA,NJR 22nd Annual Report 2025_Knees.pdf,56,pdf_text,not_needed,stratum,"All unicondylar, uncemented/hybrid | lateral, fixed","All unicondylar, uncemented/hybrid","lateral, fixed",unicondylar,uncemented/hybrid,lateral,,fixed,Female,55-64,55 to 64,,,,,131,,20,,,,,blank,False,cumulative_revision_km,"Kaplan-Meier (1-KM), percent",0.95,"All primary knee replacements, by sex, age group, fixation, constraint and bearing",
NJR,"England, Wales, Northern Ireland, Isle of Man, Guernsey",2025,to 2024-12-31,knee_casemix_sex_age_design,3.K6,UKA,NJR 22nd Annual Report 2025_Knees.pdf,56,pdf_text,not_needed,stratum,"All unicondylar, uncemented/hybrid | lateral, mobile","All unicondylar, uncemented/hybrid","lateral, mobile",unicondylar,uncemented/hybrid,lateral,,mobile,Male,55-64,55 to 64,,,,,50,,1,,,,,blank,False,cumulative_revision_km,"Kaplan-Meier (1-KM), percent",0.95,"All primary knee replacements, by sex, age group, fixation, constraint and bearing",
NJR,"England, Wales, Northern Ireland, Isle of Man, Guernsey",2025,to 2024-12-31,knee_casemix_sex_age_design,3.K6,UKA,NJR 22nd Annual Report 2025_Knees.pdf,56,pdf_text,not_needed,stratum,"All unicondylar, uncemented/hybrid | lateral, mobile","All unicondylar, uncemented/hybrid","lateral, mobile",unicondylar,uncemented/hybrid,lateral,,mobile,Male,55-64,55 to 64,,,,,50,,3,10.09,4.33,22.56,,ok,True,cumulative_revision_km,"Kaplan-Meier (1-KM), percent",0.95,"All primary knee replacements, by sex, age group, fixation, constraint and bearing",
NJR,"England, Wales, Northern Ireland, Isle of Man, Guernsey",2025,to 2024-12-31,knee_casemix_sex_age_design,3.K6,UKA,NJR 22nd Annual Report 2025_Knees.pdf,56,pdf_text,not_needed,stratum,"All unicondylar, uncemented/hybrid | lateral, mobile","All unicondylar, uncemented/hybrid","lateral, mobile",unicondylar,uncemented/hybrid,lateral,,mobile,Male,55-64,55 to 64,,,,,50,,5,12.13,5.64,25.03,,ok,True,cumulative_revision_km,"Kaplan-Meier (1-KM), percent",0.95,"All primary knee replacements, by sex, age group, fixation, constraint and bearing",
NJR,"England, Wales, Northern Ireland, Isle of Man, Guernsey",2025,to 2024-12-31,knee_casemix_sex_age_design,3.K6,UKA,NJR 22nd Annual Report 2025_Knees.pdf,56,pdf_text,not_needed,stratum,"All unicondylar, uncemented/hybrid | lateral, mobile","All unicondylar, uncemented/hybrid","lateral, mobile",unicondylar,uncemented/hybrid,lateral,,mobile,Male,55-64,55 to 64,,,,,50,,10,12.13,5.64,25.03,,ok,True,cumulative_revision_km,"Kaplan-Meier (1-KM), percent",0.95,"All primary knee replacements, by sex, age group, fixation, constraint and bearing",
NJR,"England, Wales, Northern Ireland, Isle of Man, Guernsey",2025,to 2024-12-31,knee_casemix_sex_age_design,3.K6,UKA,NJR 22nd Annual Report 2025_Knees.pdf,56,pdf_text,not_needed,stratum,"All unicondylar, uncemented/hybrid | lateral, mobile","All unicondylar, uncemented/hybrid","lateral, mobile",unicondylar,uncemented/hybrid,lateral,,mobile,Male,55-64,55 to 64,,,,,50,,15,,,,,blank,False,cumulative_revision_km,"Kaplan-Meier (1-KM), percent",0.95,"All primary knee replacements, by sex, age group, fixation, constraint and bearing",
NJR,"England, Wales, Northern Ireland, Isle of Man, Guernsey",2025,to 2024-12-31,knee_casemix_sex_age_design,3.K6,UKA,NJR 22nd Annual Report 2025_Knees.pdf,56,pdf_text,not_needed,stratum,"All unicondylar, uncemented/hybrid | lateral, mobile","All unicondylar, uncemented/hybrid","lateral, mobile",unicondylar,uncemented/hybrid,lateral,,mobile,Male,55-64,55 to 64,,,,,50,,20,,,,,blank,False,cumulative_revision_km,"Kaplan-Meier (1-KM), percent",0.95,"All primary knee replacements, by sex, age group, fixation, constraint and bearing",
NJR,"England, Wales, Northern Ireland, Isle of Man, Guernsey",2025,to 2024-12-31,knee_casemix_sex_age_design,3.K6,UKA,NJR 22nd Annual Report 2025_Knees.pdf,56,pdf_text,not_needed,stratum,"All unicondylar, uncemented/hybrid | lateral, mobile","All unicondylar, uncemented/hybrid","lateral, mobile",unicondylar,uncemented/hybrid,lateral,,mobile,Female,55-64,55 to 64,,,,,49,,1,4.08,1.04,15.35,,ok,True,cumulative_revision_km,"Kaplan-Meier (1-KM), percent",0.95,"All primary knee replacements, by sex, age group, fixation, constraint and bearing",
NJR,"England, Wales, Northern Ireland, Isle of Man, Guernsey",2025,to 2024-12-31,knee_casemix_sex_age_design,3.K6,UKA,NJR 22nd Annual Report 2025_Knees.pdf,56,pdf_text,not_needed,stratum,"All unicondylar, uncemented/hybrid | lateral, mobile","All unicondylar, uncemented/hybrid","lateral, mobile",unicondylar,uncemented/hybrid,lateral,,mobile,Female,55-64,55 to 64,,,,,49,,3,8.16,3.14,20.3,,ok,True,cumulative_revision_km,"Kaplan-Meier (1-KM), percent",0.95,"All primary knee replacements, by sex, age group, fixation, constraint and bearing",
NJR,"England, Wales, Northern Ireland, Isle of Man, Guernsey",2025,to 2024-12-31,knee_casemix_sex_age_design,3.K6,UKA,NJR 22nd Annual Report 2025_Knees.pdf,56,pdf_text,not_needed,stratum,"All unicondylar, uncemented/hybrid | lateral, mobile","All unicondylar, uncemented/hybrid","lateral, mobile",unicondylar,uncemented/hybrid,lateral,,mobile,Female,55-64,55 to 64,,,,,49,,5,8.16,3.14,20.3,,ok,True,cumulative_revision_km,"Kaplan-Meier (1-KM), percent",0.95,"All primary knee replacements, by sex, age group, fixation, constraint and bearing",
NJR,"England, Wales, Northern Ireland, Isle of Man, Guernsey",2025,to 2024-12-31,knee_casemix_sex_age_design,3.K6,UKA,NJR 22nd Annual Report 2025_Knees.pdf,56,pdf_text,not_needed,stratum,"All unicondylar, uncemented/hybrid | lateral, mobile","All unicondylar, uncemented/hybrid","lateral, mobile",unicondylar,uncemented/hybrid,lateral,,mobile,Female,55-64,55 to 64,,,,,49,,10,12.77,5.92,26.36,,ok,True,cumulative_revision_km,"Kaplan-Meier (1-KM), percent",0.95,"All primary knee replacements, by sex, age group, fixation, constraint and bearing",
NJR,"England, Wales, Northern Ireland, Isle of Man, Guernsey",2025,to 2024-12-31,knee_casemix_sex_age_design,3.K6,UKA,NJR 22nd Annual Report 2025_Knees.pdf,56,pdf_text,not_needed,stratum,"All unicondylar, uncemented/hybrid | lateral, mobile","All unicondylar, uncemented/hybrid","lateral, mobile",unicondylar,uncemented/hybrid,lateral,,mobile,Female,55-64,55 to 64,,,,,49,,15,,,,,blank,False,cumulative_revision_km,"Kaplan-Meier (1-KM), percent",0.95,"All primary knee replacements, by sex, age group, fixation, constraint and bearing",
NJR,"England, Wales, Northern Ireland, Isle of Man, Guernsey",2025,to 2024-12-31,knee_casemix_sex_age_design,3.K6,UKA,NJR 22nd Annual Report 2025_Knees.pdf,56,pdf_text,not_needed,stratum,"All unicondylar, uncemented/hybrid | lateral, mobile","All unicondylar, uncemented/hybrid","lateral, mobile",unicondylar,uncemented/hybrid,lateral,,mobile,Female,55-64,55 to 64,,,,,49,,20,,,,,blank,False,cumulative_revision_km,"Kaplan-Meier (1-KM), percent",0.95,"All primary knee replacements, by sex, age group, fixation, constraint and bearing",
NJR,"England, Wales, Northern Ireland, Isle of Man, Guernsey",2025,to 2024-12-31,knee_casemix_sex_age_design,3.K6,UKA,NJR 22nd Annual Report 2025_Knees.pdf,56,pdf_text,not_needed,stratum,"All unicondylar, uncemented/hybrid | lateral, MBT","All unicondylar, uncemented/hybrid","lateral, MBT",unicondylar,uncemented/hybrid,lateral,,MBT,Male,55-64,55 to 64,,,,,7,,1,,,,,blank,False,cumulative_revision_km,"Kaplan-Meier (1-KM), percent",0.95,"All primary knee replacements, by sex, age group, fixation, constraint and bearing",
NJR,"England, Wales, Northern Ireland, Isle of Man, Guernsey",2025,to 2024-12-31,knee_casemix_sex_age_design,3.K6,UKA,NJR 22nd Annual Report 2025_Knees.pdf,56,pdf_text,not_needed,stratum,"All unicondylar, uncemented/hybrid | lateral, MBT","All unicondylar, uncemented/hybrid","lateral, MBT",unicondylar,uncemented/hybrid,lateral,,MBT,Male,55-64,55 to 64,,,,,7,,3,,,,,blank,False,cumulative_revision_km,"Kaplan-Meier (1-KM), percent",0.95,"All primary knee replacements, by sex, age group, fixation, constraint and bearing",
NJR,"England, Wales, Northern Ireland, Isle of Man, Guernsey",2025,to 2024-12-31,knee_casemix_sex_age_design,3.K6,UKA,NJR 22nd Annual Report 2025_Knees.pdf,56,pdf_text,not_needed,stratum,"All unicondylar, uncemented/hybrid | lateral, MBT","All unicondylar, uncemented/hybrid","lateral, MBT",unicondylar,uncemented/hybrid,lateral,,MBT,Male,55-64,55 to 64,,,,,7,,5,,,,,blank,False,cumulative_revision_km,"Kaplan-Meier (1-KM), percent",0.95,"All primary knee replacements, by sex, age group, fixation, constraint and bearing",
NJR,"England, Wales, Northern Ireland, Isle of Man, Guernsey",2025,to 2024-12-31,knee_casemix_sex_age_design,3.K6,UKA,NJR 22nd Annual Report 2025_Knees.pdf,56,pdf_text,not_needed,stratum,"All unicondylar, uncemented/hybrid | lateral, MBT","All unicondylar, uncemented/hybrid","lateral, MBT",unicondylar,uncemented/hybrid,lateral,,MBT,Male,55-64,55 to 64,,,,,7,,10,,,,,blank,False,cumulative_revision_km,"Kaplan-Meier (1-KM), percent",0.95,"All primary knee replacements, by sex, age group, fixation, constraint and bearing",
NJR,"England, Wales, Northern Ireland, Isle of Man, Guernsey",2025,to 2024-12-31,knee_casemix_sex_age_design,3.K6,UKA,NJR 22nd Annual Report 2025_Knees.pdf,56,pdf_text,not_needed,stratum,"All unicondylar, uncemented/hybrid | lateral, MBT","All unicondylar, uncemented/hybrid","lateral, MBT",unicondylar,uncemented/hybrid,lateral,,MBT,Male,55-64,55 to 64,,,,,7,,15,,,,,blank,False,cumulative_revision_km,"Kaplan-Meier (1-KM), percent",0.95,"All primary knee replacements, by sex, age group, fixation, constraint and bearing",
NJR,"England, Wales, Northern Ireland, Isle of Man, Guernsey",2025,to 2024-12-31,knee_casemix_sex_age_design,3.K6,UKA,NJR 22nd Annual Report 2025_Knees.pdf,56,pdf_text,not_needed,stratum,"All unicondylar, uncemented/hybrid | lateral, MBT","All unicondylar, uncemented/hybrid","lateral, MBT",unicondylar,uncemented/hybrid,lateral,,MBT,Male,55-64,55 to 64,,,,,7,,20,,,,,blank,False,cumulative_revision_km,"Kaplan-Meier (1-KM), percent",0.95,"All primary knee replacements, by sex, age group, fixation, constraint and bearing",
NJR,"England, Wales, Northern Ireland, Isle of Man, Guernsey",2025,to 2024-12-31,knee_casemix_sex_age_design,3.K6,UKA,NJR 22nd Annual Report 2025_Knees.pdf,56,pdf_text,not_needed,stratum,"All unicondylar, uncemented/hybrid | lateral, MBT","All unicondylar, uncemented/hybrid","lateral, MBT",unicondylar,uncemented/hybrid,lateral,,MBT,Female,55-64,55 to 64,,,,,16,,1,,,,,blank,False,cumulative_revision_km,"Kaplan-Meier (1-KM), percent",0.95,"All primary knee replacements, by sex, age group, fixation, constraint and bearing",
NJR,"England, Wales, Northern Ireland, Isle of Man, Guernsey",2025,to 2024-12-31,knee_casemix_sex_age_design,3.K6,UKA,NJR 22nd Annual Report 2025_Knees.pdf,56,pdf_text,not_needed,stratum,"All unicondylar, uncemented/hybrid | lateral, MBT","All unicondylar, uncemented/hybrid","lateral, MBT",unicondylar,uncemented/hybrid,lateral,,MBT,Female,55-64,55 to 64,,,,,16,,3,0.0,,,,ci_not_estimable,True,cumulative_revision_km,"Kaplan-Meier (1-KM), percent",0.95,"All primary knee replacements, by sex, age group, fixation, constraint and bearing",
NJR,"England, Wales, Northern Ireland, Isle of Man, Guernsey",2025,to 2024-12-31,knee_casemix_sex_age_design,3.K6,UKA,NJR 22nd Annual Report 2025_Knees.pdf,56,pdf_text,not_needed,stratum,"All unicondylar, uncemented/hybrid | lateral, MBT","All unicondylar, uncemented/hybrid","lateral, MBT",unicondylar,uncemented/hybrid,lateral,,MBT,Female,55-64,55 to 64,,,,,16,,5,0.0,,,,ci_not_estimable,True,cumulative_revision_km,"Kaplan-Meier (1-KM), percent",0.95,"All primary knee replacements, by sex, age group, fixation, constraint and bearing",
NJR,"England, Wales, Northern Ireland, Isle of Man, Guernsey",2025,to 2024-12-31,knee_casemix_sex_age_design,3.K6,UKA,NJR 22nd Annual Report 2025_Knees.pdf,56,pdf_text,not_needed,stratum,"All unicondylar, uncemented/hybrid | lateral, MBT","All unicondylar, uncemented/hybrid","lateral, MBT",unicondylar,uncemented/hybrid,lateral,,MBT,Female,55-64,55 to 64,,,,,16,,10,0.0,,,,ci_not_estimable,True,cumulative_revision_km,"Kaplan-Meier (1-KM), percent",0.95,"All primary knee replacements, by sex, age group, fixation, constraint and bearing",
NJR,"England, Wales, Northern Ireland, Isle of Man, Guernsey",2025,to 2024-12-31,knee_casemix_sex_age_design,3.K6,UKA,NJR 22nd Annual Report 2025_Knees.pdf,56,pdf_text,not_needed,stratum,"All unicondylar, uncemented/hybrid | lateral, MBT","All unicondylar, uncemented/hybrid","lateral, MBT",unicondylar,uncemented/hybrid,lateral,,MBT,Female,55-64,55 to 64,,,,,16,,15,,,,,blank,False,cumulative_revision_km,"Kaplan-Meier (1-KM), percent",0.95,"All primary knee replacements, by sex, age group, fixation, constraint and bearing",
NJR,"England, Wales, Northern Ireland, Isle of Man, Guernsey",2025,to 2024-12-31,knee_casemix_sex_age_design,3.K6,UKA,NJR 22nd Annual Report 2025_Knees.pdf,56,pdf_text,not_needed,stratum,"All unicondylar, uncemented/hybrid | lateral, MBT","All unicondylar, uncemented/hybrid","lateral, MBT",unicondylar,uncemented/hybrid,lateral,,MBT,Female,55-64,55 to 64,,,,,16,,20,,,,,blank,False,cumulative_revision_km,"Kaplan-Meier (1-KM), percent",0.95,"All primary knee replacements, by sex, age group, fixation, constraint and bearing",
NJR,"England, Wales, Northern Ireland, Isle of Man, Guernsey",2025,to 2024-12-31,knee_casemix_sex_age_design,3.K6,UKA,NJR 22nd Annual Report 2025_Knees.pdf,58,pdf_text,not_needed,group,"All unicondylar, cemented","All unicondylar, cemented",,unicondylar,cemented,,,,Male,65-74,65 to 74,,,,,24867,,1,0.73,0.62,0.84,,ok,False,cumulative_revision_km,"Kaplan-Meier (1-KM), percent",0.95,"All primary knee replacements, by sex, age group, fixation, constraint and bearing",
NJR,"England, Wales, Northern Ireland, Isle of Man, Guernsey",2025,to 2024-12-31,knee_casemix_sex_age_design,3.K6,UKA,NJR 22nd Annual Report 2025_Knees.pdf,58,pdf_text,not_needed,group,"All unicondylar, cemented","All unicondylar, cemented",,unicondylar,cemented,,,,Male,65-74,65 to 74,,,,,24867,,3,2.44,2.24,2.66,,ok,False,cumulative_revision_km,"Kaplan-Meier (1-KM), percent",0.95,"All primary knee replacements, by sex, age group, fixation, constraint and bearing",
NJR,"England, Wales, Northern Ireland, Isle of Man, Guernsey",2025,to 2024-12-31,knee_casemix_sex_age_design,3.K6,UKA,NJR 22nd Annual Report 2025_Knees.pdf,58,pdf_text,not_needed,group,"All unicondylar, cemented","All unicondylar, cemented",,unicondylar,cemented,,,,Male,65-74,65 to 74,,,,,24867,,5,3.54,3.29,3.81,,ok,False,cumulative_revision_km,"Kaplan-Meier (1-KM), percent",0.95,"All primary knee replacements, by sex, age group, fixation, constraint and bearing",
NJR,"England, Wales, Northern Ireland, Isle of Man, Guernsey",2025,to 2024-12-31,knee_casemix_sex_age_design,3.K6,UKA,NJR 22nd Annual Report 2025_Knees.pdf,58,pdf_text,not_needed,group,"All unicondylar, cemented","All unicondylar, cemented",,unicondylar,cemented,,,,Male,65-74,65 to 74,,,,,24867,,10,6.43,6.04,6.84,,ok,False,cumulative_revision_km,"Kaplan-Meier (1-KM), percent",0.95,"All primary knee replacements, by sex, age group, fixation, constraint and bearing",
NJR,"England, Wales, Northern Ireland, Isle of Man, Guernsey",2025,to 2024-12-31,knee_casemix_sex_age_design,3.K6,UKA,NJR 22nd Annual Report 2025_Knees.pdf,58,pdf_text,not_needed,group,"All unicondylar, cemented","All unicondylar, cemented",,unicondylar,cemented,,,,Male,65-74,65 to 74,,,,,24867,,15,10.22,9.6,10.89,,ok,False,cumulative_revision_km,"Kaplan-Meier (1-KM), percent",0.95,"All primary knee replacements, by sex, age group, fixation, constraint and bearing",
NJR,"England, Wales, Northern Ireland, Isle of Man, Guernsey",2025,to 2024-12-31,knee_casemix_sex_age_design,3.K6,UKA,NJR 22nd Annual Report 2025_Knees.pdf,58,pdf_text,not_needed,group,"All unicondylar, cemented","All unicondylar, cemented",,unicondylar,cemented,,,,Male,65-74,65 to 74,,,,,24867,,20,13.82,12.27,15.55,,ok,True,cumulative_revision_km,"Kaplan-Meier (1-KM), percent",0.95,"All primary knee replacements, by sex, age group, fixation, constraint and bearing",
NJR,"England, Wales, Northern Ireland, Isle of Man, Guernsey",2025,to 2024-12-31,knee_casemix_sex_age_design,3.K6,UKA,NJR 22nd Annual Report 2025_Knees.pdf,58,pdf_text,not_needed,group,"All unicondylar, cemented","All unicondylar, cemented",,unicondylar,cemented,,,,Female,65-74,65 to 74,,,,,19224,,1,0.65,0.54,0.78,,ok,False,cumulative_revision_km,"Kaplan-Meier (1-KM), percent",0.95,"All primary knee replacements, by sex, age group, fixation, constraint and bearing",
NJR,"England, Wales, Northern Ireland, Isle of Man, Guernsey",2025,to 2024-12-31,knee_casemix_sex_age_design,3.K6,UKA,NJR 22nd Annual Report 2025_Knees.pdf,58,pdf_text,not_needed,group,"All unicondylar, cemented","All unicondylar, cemented",,unicondylar,cemented,,,,Female,65-74,65 to 74,,,,,19224,,3,2.51,2.28,2.76,,ok,False,cumulative_revision_km,"Kaplan-Meier (1-KM), percent",0.95,"All primary knee replacements, by sex, age group, fixation, constraint and bearing",
NJR,"England, Wales, Northern Ireland, Isle of Man, Guernsey",2025,to 2024-12-31,knee_casemix_sex_age_design,3.K6,UKA,NJR 22nd Annual Report 2025_Knees.pdf,58,pdf_text,not_needed,group,"All unicondylar, cemented","All unicondylar, cemented",,unicondylar,cemented,,,,Female,65-74,65 to 74,,,,,19224,,5,4.04,3.73,4.37,,ok,False,cumulative_revision_km,"Kaplan-Meier (1-KM), percent",0.95,"All primary knee replacements, by sex, age group, fixation, constraint and bearing",
NJR,"England, Wales, Northern Ireland, Isle of Man, Guernsey",2025,to 2024-12-31,knee_casemix_sex_age_design,3.K6,UKA,NJR 22nd Annual Report 2025_Knees.pdf,58,pdf_text,not_needed,group,"All unicondylar, cemented","All unicondylar, cemented",,unicondylar,cemented,,,,Female,65-74,65 to 74,,,,,19224,,10,8.07,7.59,8.58,,ok,False,cumulative_revision_km,"Kaplan-Meier (1-KM), percent",0.95,"All primary knee replacements, by sex, age group, fixation, constraint and bearing",
NJR,"England, Wales, Northern Ireland, Isle of Man, Guernsey",2025,to 2024-12-31,knee_casemix_sex_age_design,3.K6,UKA,NJR 22nd Annual Report 2025_Knees.pdf,58,pdf_text,not_needed,group,"All unicondylar, cemented","All unicondylar, cemented",,unicondylar,cemented,,,,Female,65-74,65 to 74,,,,,19224,,15,12.31,11.59,13.06,,ok,False,cumulative_revision_km,"Kaplan-Meier (1-KM), percent",0.95,"All primary knee replacements, by sex, age group, fixation, constraint and bearing",
NJR,"England, Wales, Northern Ireland, Isle of Man, Guernsey",2025,to 2024-12-31,knee_casemix_sex_age_design,3.K6,UKA,NJR 22nd Annual Report 2025_Knees.pdf,58,pdf_text,not_needed,group,"All unicondylar, cemented","All unicondylar, cemented",,unicondylar,cemented,,,,Female,65-74,65 to 74,,,,,19224,,20,15.86,14.44,17.41,,ok,True,cumulative_revision_km,"Kaplan-Meier (1-KM), percent",0.95,"All primary knee replacements, by sex, age group, fixation, constraint and bearing",
NJR,"England, Wales, Northern Ireland, Isle of Man, Guernsey",2025,to 2024-12-31,knee_casemix_sex_age_design,3.K6,UKA,NJR 22nd Annual Report 2025_Knees.pdf,58,pdf_text,not_needed,stratum,"All unicondylar, cemented | medial, fixed","All unicondylar, cemented","medial, fixed",unicondylar,cemented,medial,,fixed,Male,65-74,65 to 74,,,,,14046,,1,0.47,0.36,0.6,,ok,False,cumulative_revision_km,"Kaplan-Meier (1-KM), percent",0.95,"All primary knee replacements, by sex, age group, fixation, constraint and bearing",
NJR,"England, Wales, Northern Ireland, Isle of Man, Guernsey",2025,to 2024-12-31,knee_casemix_sex_age_design,3.K6,UKA,NJR 22nd Annual Report 2025_Knees.pdf,58,pdf_text,not_needed,stratum,"All unicondylar, cemented | medial, fixed","All unicondylar, cemented","medial, fixed",unicondylar,cemented,medial,,fixed,Male,65-74,65 to 74,,,,,14046,,3,1.63,1.4,1.89,,ok,False,cumulative_revision_km,"Kaplan-Meier (1-KM), percent",0.95,"All primary knee replacements, by sex, age group, fixation, constraint and bearing",
NJR,"England, Wales, Northern Ireland, Isle of Man, Guernsey",2025,to 2024-12-31,knee_casemix_sex_age_design,3.K6,UKA,NJR 22nd Annual Report 2025_Knees.pdf,58,pdf_text,not_needed,stratum,"All unicondylar, cemented | medial, fixed","All unicondylar, cemented","medial, fixed",unicondylar,cemented,medial,,fixed,Male,65-74,65 to 74,,,,,14046,,5,2.37,2.08,2.71,,ok,False,cumulative_revision_km,"Kaplan-Meier (1-KM), percent",0.95,"All primary knee replacements, by sex, age group, fixation, constraint and bearing",
NJR,"England, Wales, Northern Ireland, Isle of Man, Guernsey",2025,to 2024-12-31,knee_casemix_sex_age_design,3.K6,UKA,NJR 22nd Annual Report 2025_Knees.pdf,58,pdf_text,not_needed,stratum,"All unicondylar, cemented | medial, fixed","All unicondylar, cemented","medial, fixed",unicondylar,cemented,medial,,fixed,Male,65-74,65 to 74,,,,,14046,,10,4.26,3.73,4.86,,ok,False,cumulative_revision_km,"Kaplan-Meier (1-KM), percent",0.95,"All primary knee replacements, by sex, age group, fixation, constraint and bearing",
NJR,"England, Wales, Northern Ireland, Isle of Man, Guernsey",2025,to 2024-12-31,knee_casemix_sex_age_design,3.K6,UKA,NJR 22nd Annual Report 2025_Knees.pdf,58,pdf_text,not_needed,stratum,"All unicondylar, cemented | medial, fixed","All unicondylar, cemented","medial, fixed",unicondylar,cemented,medial,,fixed,Male,65-74,65 to 74,,,,,14046,,15,7.17,5.91,8.7,,ok,False,cumulative_revision_km,"Kaplan-Meier (1-KM), percent",0.95,"All primary knee replacements, by sex, age group, fixation, constraint and bearing",
NJR,"England, Wales, Northern Ireland, Isle of Man, Guernsey",2025,to 2024-12-31,knee_casemix_sex_age_design,3.K6,UKA,NJR 22nd Annual Report 2025_Knees.pdf,58,pdf_text,not_needed,stratum,"All unicondylar, cemented | medial, fixed","All unicondylar, cemented","medial, fixed",unicondylar,cemented,medial,,fixed,Male,65-74,65 to 74,,,,,14046,,20,10.5,7.76,14.13,,ok,True,cumulative_revision_km,"Kaplan-Meier (1-KM), percent",0.95,"All primary knee replacements, by sex, age group, fixation, constraint and bearing",
NJR,"England, Wales, Northern Ireland, Isle of Man, Guernsey",2025,to 2024-12-31,knee_casemix_sex_age_design,3.K6,UKA,NJR 22nd Annual Report 2025_Knees.pdf,58,pdf_text,not_needed,stratum,"All unicondylar, cemented | medial, fixed","All unicondylar, cemented","medial, fixed",unicondylar,cemented,medial,,fixed,Female,65-74,65 to 74,,,,,9933,,1,0.37,0.26,0.52,,ok,False,cumulative_revision_km,"Kaplan-Meier (1-KM), percent",0.95,"All primary knee replacements, by sex, age group, fixation, constraint and bearing",
NJR,"England, Wales, Northern Ireland, Isle of Man, Guernsey",2025,to 2024-12-31,knee_casemix_sex_age_design,3.K6,UKA,NJR 22nd Annual Report 2025_Knees.pdf,58,pdf_text,not_needed,stratum,"All unicondylar, cemented | medial, fixed","All unicondylar, cemented","medial, fixed",unicondylar,cemented,medial,,fixed,Female,65-74,65 to 74,,,,,9933,,3,1.61,1.34,1.93,,ok,False,cumulative_revision_km,"Kaplan-Meier (1-KM), percent",0.95,"All primary knee replacements, by sex, age group, fixation, constraint and bearing",
NJR,"England, Wales, Northern Ireland, Isle of Man, Guernsey",2025,to 2024-12-31,knee_casemix_sex_age_design,3.K6,UKA,NJR 22nd Annual Report 2025_Knees.pdf,58,pdf_text,not_needed,stratum,"All unicondylar, cemented | medial, fixed","All unicondylar, cemented","medial, fixed",unicondylar,cemented,medial,,fixed,Female,65-74,65 to 74,,,,,9933,,5,2.54,2.17,2.96,,ok,False,cumulative_revision_km,"Kaplan-Meier (1-KM), percent",0.95,"All primary knee replacements, by sex, age group, fixation, constraint and bearing",
NJR,"England, Wales, Northern Ireland, Isle of Man, Guernsey",2025,to 2024-12-31,knee_casemix_sex_age_design,3.K6,UKA,NJR 22nd Annual Report 2025_Knees.pdf,58,pdf_text,not_needed,stratum,"All unicondylar, cemented | medial, fixed","All unicondylar, cemented","medial, fixed",unicondylar,cemented,medial,,fixed,Female,65-74,65 to 74,,,,,9933,,10,4.93,4.27,5.69,,ok,False,cumulative_revision_km,"Kaplan-Meier (1-KM), percent",0.95,"All primary knee replacements, by sex, age group, fixation, constraint and bearing",
NJR,"England, Wales, Northern Ireland, Isle of Man, Guernsey",2025,to 2024-12-31,knee_casemix_sex_age_design,3.K6,UKA,NJR 22nd Annual Report 2025_Knees.pdf,58,pdf_text,not_needed,stratum,"All unicondylar, cemented | medial, fixed","All unicondylar, cemented","medial, fixed",unicondylar,cemented,medial,,fixed,Female,65-74,65 to 74,,,,,9933,,15,6.75,5.67,8.03,,ok,False,cumulative_revision_km,"Kaplan-Meier (1-KM), percent",0.95,"All primary knee replacements, by sex, age group, fixation, constraint and bearing",
NJR,"England, Wales, Northern Ireland, Isle of Man, Guernsey",2025,to 2024-12-31,knee_casemix_sex_age_design,3.K6,UKA,NJR 22nd Annual Report 2025_Knees.pdf,58,pdf_text,not_needed,stratum,"All unicondylar, cemented | medial, fixed","All unicondylar, cemented","medial, fixed",unicondylar,cemented,medial,,fixed,Female,65-74,65 to 74,,,,,9933,,20,11.5,6.6,19.65,,ok,True,cumulative_revision_km,"Kaplan-Meier (1-KM), percent",0.95,"All primary knee replacements, by sex, age group, fixation, constraint and bearing",
NJR,"England, Wales, Northern Ireland, Isle of Man, Guernsey",2025,to 2024-12-31,knee_casemix_sex_age_design,3.K6,UKA,NJR 22nd Annual Report 2025_Knees.pdf,58,pdf_text,not_needed,stratum,"All unicondylar, cemented | medial, mobile","All unicondylar, cemented","medial, mobile",unicondylar,cemented,medial,,mobile,Male,65-74,65 to 74,,,,,9104,,1,1.02,0.83,1.25,,ok,False,cumulative_revision_km,"Kaplan-Meier (1-KM), percent",0.95,"All primary knee replacements, by sex, age group, fixation, constraint and bearing",
NJR,"England, Wales, Northern Ireland, Isle of Man, Guernsey",2025,to 2024-12-31,knee_casemix_sex_age_design,3.K6,UKA,NJR 22nd Annual Report 2025_Knees.pdf,58,pdf_text,not_needed,stratum,"All unicondylar, cemented | medial, mobile","All unicondylar, cemented","medial, mobile",unicondylar,cemented,medial,,mobile,Male,65-74,65 to 74,,,,,9104,,3,3.22,2.88,3.61,,ok,False,cumulative_revision_km,"Kaplan-Meier (1-KM), percent",0.95,"All primary knee replacements, by sex, age group, fixation, constraint and bearing",
NJR,"England, Wales, Northern Ireland, Isle of Man, Guernsey",2025,to 2024-12-31,knee_casemix_sex_age_design,3.K6,UKA,NJR 22nd Annual Report 2025_Knees.pdf,58,pdf_text,not_needed,stratum,"All unicondylar, cemented | medial, mobile","All unicondylar, cemented","medial, mobile",unicondylar,cemented,medial,,mobile,Male,65-74,65 to 74,,,,,9104,,5,4.47,4.05,4.92,,ok,False,cumulative_revision_km,"Kaplan-Meier (1-KM), percent",0.95,"All primary knee replacements, by sex, age group, fixation, constraint and bearing",
NJR,"England, Wales, Northern Ireland, Isle of Man, Guernsey",2025,to 2024-12-31,knee_casemix_sex_age_design,3.K6,UKA,NJR 22nd Annual Report 2025_Knees.pdf,58,pdf_text,not_needed,stratum,"All unicondylar, cemented | medial, mobile","All unicondylar, cemented","medial, mobile",unicondylar,cemented,medial,,mobile,Male,65-74,65 to 74,,,,,9104,,10,7.84,7.27,8.46,,ok,False,cumulative_revision_km,"Kaplan-Meier (1-KM), percent",0.95,"All primary knee replacements, by sex, age group, fixation, constraint and bearing",
NJR,"England, Wales, Northern Ireland, Isle of Man, Guernsey",2025,to 2024-12-31,knee_casemix_sex_age_design,3.K6,UKA,NJR 22nd Annual Report 2025_Knees.pdf,58,pdf_text,not_needed,stratum,"All unicondylar, cemented | medial, mobile","All unicondylar, cemented","medial, mobile",unicondylar,cemented,medial,,mobile,Male,65-74,65 to 74,,,,,9104,,15,11.89,11.08,12.76,,ok,False,cumulative_revision_km,"Kaplan-Meier (1-KM), percent",0.95,"All primary knee replacements, by sex, age group, fixation, constraint and bearing",
NJR,"England, Wales, Northern Ireland, Isle of Man, Guernsey",2025,to 2024-12-31,knee_casemix_sex_age_design,3.K6,UKA,NJR 22nd Annual Report 2025_Knees.pdf,58,pdf_text,not_needed,stratum,"All unicondylar, cemented | medial, mobile","All unicondylar, cemented","medial, mobile",unicondylar,cemented,medial,,mobile,Male,65-74,65 to 74,,,,,9104,,20,15.85,13.94,17.98,,ok,True,cumulative_revision_km,"Kaplan-Meier (1-KM), percent",0.95,"All primary knee replacements, by sex, age group, fixation, constraint and bearing",
NJR,"England, Wales, Northern Ireland, Isle of Man, Guernsey",2025,to 2024-12-31,knee_casemix_sex_age_design,3.K6,UKA,NJR 22nd Annual Report 2025_Knees.pdf,58,pdf_text,not_needed,stratum,"All unicondylar, cemented | medial, mobile","All unicondylar, cemented","medial, mobile",unicondylar,cemented,medial,,mobile,Female,65-74,65 to 74,,,,,7473,,1,0.9,0.71,1.15,,ok,False,cumulative_revision_km,"Kaplan-Meier (1-KM), percent",0.95,"All primary knee replacements, by sex, age group, fixation, constraint and bearing",
NJR,"England, Wales, Northern Ireland, Isle of Man, Guernsey",2025,to 2024-12-31,knee_casemix_sex_age_design,3.K6,UKA,NJR 22nd Annual Report 2025_Knees.pdf,58,pdf_text,not_needed,stratum,"All unicondylar, cemented | medial, mobile","All unicondylar, cemented","medial, mobile",unicondylar,cemented,medial,,mobile,Female,65-74,65 to 74,,,,,7473,,3,3.36,2.97,3.8,,ok,False,cumulative_revision_km,"Kaplan-Meier (1-KM), percent",0.95,"All primary knee replacements, by sex, age group, fixation, constraint and bearing",
NJR,"England, Wales, Northern Ireland, Isle of Man, Guernsey",2025,to 2024-12-31,knee_casemix_sex_age_design,3.K6,UKA,NJR 22nd Annual Report 2025_Knees.pdf,58,pdf_text,not_needed,stratum,"All unicondylar, cemented | medial, mobile","All unicondylar, cemented","medial, mobile",unicondylar,cemented,medial,,mobile,Female,65-74,65 to 74,,,,,7473,,5,5.33,4.83,5.87,,ok,False,cumulative_revision_km,"Kaplan-Meier (1-KM), percent",0.95,"All primary knee replacements, by sex, age group, fixation, constraint and bearing",
NJR,"England, Wales, Northern Ireland, Isle of Man, Guernsey",2025,to 2024-12-31,knee_casemix_sex_age_design,3.K6,UKA,NJR 22nd Annual Report 2025_Knees.pdf,58,pdf_text,not_needed,stratum,"All unicondylar, cemented | medial, mobile","All unicondylar, cemented","medial, mobile",unicondylar,cemented,medial,,mobile,Female,65-74,65 to 74,,,,,7473,,10,10.32,9.61,11.08,,ok,False,cumulative_revision_km,"Kaplan-Meier (1-KM), percent",0.95,"All primary knee replacements, by sex, age group, fixation, constraint and bearing",
NJR,"England, Wales, Northern Ireland, Isle of Man, Guernsey",2025,to 2024-12-31,knee_casemix_sex_age_design,3.K6,UKA,NJR 22nd Annual Report 2025_Knees.pdf,58,pdf_text,not_needed,stratum,"All unicondylar, cemented | medial, mobile","All unicondylar, cemented","medial, mobile",unicondylar,cemented,medial,,mobile,Female,65-74,65 to 74,,,,,7473,,15,15.06,14.11,16.06,,ok,False,cumulative_revision_km,"Kaplan-Meier (1-KM), percent",0.95,"All primary knee replacements, by sex, age group, fixation, constraint and bearing",
NJR,"England, Wales, Northern Ireland, Isle of Man, Guernsey",2025,to 2024-12-31,knee_casemix_sex_age_design,3.K6,UKA,NJR 22nd Annual Report 2025_Knees.pdf,58,pdf_text,not_needed,stratum,"All unicondylar, cemented | medial, mobile","All unicondylar, cemented","medial, mobile",unicondylar,cemented,medial,,mobile,Female,65-74,65 to 74,,,,,7473,,20,18.66,17.02,20.42,,ok,True,cumulative_revision_km,"Kaplan-Meier (1-KM), percent",0.95,"All primary knee replacements, by sex, age group, fixation, constraint and bearing",
NJR,"England, Wales, Northern Ireland, Isle of Man, Guernsey",2025,to 2024-12-31,knee_casemix_sex_age_design,3.K6,UKA,NJR 22nd Annual Report 2025_Knees.pdf,58,pdf_text,not_needed,stratum,"All unicondylar, cemented | medial, MBT","All unicondylar, cemented","medial, MBT",unicondylar,cemented,medial,,MBT,Male,65-74,65 to 74,,,,,1218,,1,0.67,0.33,1.33,,ok,False,cumulative_revision_km,"Kaplan-Meier (1-KM), percent",0.95,"All primary knee replacements, by sex, age group, fixation, constraint and bearing",
NJR,"England, Wales, Northern Ireland, Isle of Man, Guernsey",2025,to 2024-12-31,knee_casemix_sex_age_design,3.K6,UKA,NJR 22nd Annual Report 2025_Knees.pdf,58,pdf_text,not_needed,stratum,"All unicondylar, cemented | medial, MBT","All unicondylar, cemented","medial, MBT",unicondylar,cemented,medial,,MBT,Male,65-74,65 to 74,,,,,1218,,3,3.15,2.28,4.34,,ok,False,cumulative_revision_km,"Kaplan-Meier (1-KM), percent",0.95,"All primary knee replacements, by sex, age group, fixation, constraint and bearing",
NJR,"England, Wales, Northern Ireland, Isle of Man, Guernsey",2025,to 2024-12-31,knee_casemix_sex_age_design,3.K6,UKA,NJR 22nd Annual Report 2025_Knees.pdf,58,pdf_text,not_needed,stratum,"All unicondylar, cemented | medial, MBT","All unicondylar, cemented","medial, MBT",unicondylar,cemented,medial,,MBT,Male,65-74,65 to 74,,,,,1218,,5,5.22,4.05,6.72,,ok,False,cumulative_revision_km,"Kaplan-Meier (1-KM), percent",0.95,"All primary knee replacements, by sex, age group, fixation, constraint and bearing",
NJR,"England, Wales, Northern Ireland, Isle of Man, Guernsey",2025,to 2024-12-31,knee_casemix_sex_age_design,3.K6,UKA,NJR 22nd Annual Report 2025_Knees.pdf,58,pdf_text,not_needed,stratum,"All unicondylar, cemented | medial, MBT","All unicondylar, cemented","medial, MBT",unicondylar,cemented,medial,,MBT,Male,65-74,65 to 74,,,,,1218,,10,6.99,5.56,8.77,,ok,False,cumulative_revision_km,"Kaplan-Meier (1-KM), percent",0.95,"All primary knee replacements, by sex, age group, fixation, constraint and bearing",
NJR,"England, Wales, Northern Ireland, Isle of Man, Guernsey",2025,to 2024-12-31,knee_casemix_sex_age_design,3.K6,UKA,NJR 22nd Annual Report 2025_Knees.pdf,58,pdf_text,not_needed,stratum,"All unicondylar, cemented | medial, MBT","All unicondylar, cemented","medial, MBT",unicondylar,cemented,medial,,MBT,Male,65-74,65 to 74,,,,,1218,,15,10.7,8.58,13.32,,ok,True,cumulative_revision_km,"Kaplan-Meier (1-KM), percent",0.95,"All primary knee replacements, by sex, age group, fixation, constraint and bearing",
NJR,"England, Wales, Northern Ireland, Isle of Man, Guernsey",2025,to 2024-12-31,knee_casemix_sex_age_design,3.K6,UKA,NJR 22nd Annual Report 2025_Knees.pdf,58,pdf_text,not_needed,stratum,"All unicondylar, cemented | medial, MBT","All unicondylar, cemented","medial, MBT",unicondylar,cemented,medial,,MBT,Male,65-74,65 to 74,,,,,1218,,20,11.68,9.25,14.69,,ok,True,cumulative_revision_km,"Kaplan-Meier (1-KM), percent",0.95,"All primary knee replacements, by sex, age group, fixation, constraint and bearing",
NJR,"England, Wales, Northern Ireland, Isle of Man, Guernsey",2025,to 2024-12-31,knee_casemix_sex_age_design,3.K6,UKA,NJR 22nd Annual Report 2025_Knees.pdf,58,pdf_text,not_needed,stratum,"All unicondylar, cemented | medial, MBT","All unicondylar, cemented","medial, MBT",unicondylar,cemented,medial,,MBT,Female,65-74,65 to 74,,,,,914,,1,0.11,0.02,0.79,,ok,False,cumulative_revision_km,"Kaplan-Meier (1-KM), percent",0.95,"All primary knee replacements, by sex, age group, fixation, constraint and bearing",
NJR,"England, Wales, Northern Ireland, Isle of Man, Guernsey",2025,to 2024-12-31,knee_casemix_sex_age_design,3.K6,UKA,NJR 22nd Annual Report 2025_Knees.pdf,58,pdf_text,not_needed,stratum,"All unicondylar, cemented | medial, MBT","All unicondylar, cemented","medial, MBT",unicondylar,cemented,medial,,MBT,Female,65-74,65 to 74,,,,,914,,3,2.97,2.02,4.37,,ok,False,cumulative_revision_km,"Kaplan-Meier (1-KM), percent",0.95,"All primary knee replacements, by sex, age group, fixation, constraint and bearing",
NJR,"England, Wales, Northern Ireland, Isle of Man, Guernsey",2025,to 2024-12-31,knee_casemix_sex_age_design,3.K6,UKA,NJR 22nd Annual Report 2025_Knees.pdf,58,pdf_text,not_needed,stratum,"All unicondylar, cemented | medial, MBT","All unicondylar, cemented","medial, MBT",unicondylar,cemented,medial,,MBT,Female,65-74,65 to 74,,,,,914,,5,4.27,3.08,5.9,,ok,False,cumulative_revision_km,"Kaplan-Meier (1-KM), percent",0.95,"All primary knee replacements, by sex, age group, fixation, constraint and bearing",
NJR,"England, Wales, Northern Ireland, Isle of Man, Guernsey",2025,to 2024-12-31,knee_casemix_sex_age_design,3.K6,UKA,NJR 22nd Annual Report 2025_Knees.pdf,58,pdf_text,not_needed,stratum,"All unicondylar, cemented | medial, MBT","All unicondylar, cemented","medial, MBT",unicondylar,cemented,medial,,MBT,Female,65-74,65 to 74,,,,,914,,10,6.6,5.02,8.64,,ok,False,cumulative_revision_km,"Kaplan-Meier (1-KM), percent",0.95,"All primary knee replacements, by sex, age group, fixation, constraint and bearing",
NJR,"England, Wales, Northern Ireland, Isle of Man, Guernsey",2025,to 2024-12-31,knee_casemix_sex_age_design,3.K6,UKA,NJR 22nd Annual Report 2025_Knees.pdf,58,pdf_text,not_needed,stratum,"All unicondylar, cemented | medial, MBT","All unicondylar, cemented","medial, MBT",unicondylar,cemented,medial,,MBT,Female,65-74,65 to 74,,,,,914,,15,10.5,8.16,13.47,,ok,True,cumulative_revision_km,"Kaplan-Meier (1-KM), percent",0.95,"All primary knee replacements, by sex, age group, fixation, constraint and bearing",
NJR,"England, Wales, Northern Ireland, Isle of Man, Guernsey",2025,to 2024-12-31,knee_casemix_sex_age_design,3.K6,UKA,NJR 22nd Annual Report 2025_Knees.pdf,58,pdf_text,not_needed,stratum,"All unicondylar, cemented | medial, MBT","All unicondylar, cemented","medial, MBT",unicondylar,cemented,medial,,MBT,Female,65-74,65 to 74,,,,,914,,20,12.13,9.09,16.08,,ok,True,cumulative_revision_km,"Kaplan-Meier (1-KM), percent",0.95,"All primary knee replacements, by sex, age group, fixation, constraint and bearing",
NJR,"England, Wales, Northern Ireland, Isle of Man, Guernsey",2025,to 2024-12-31,knee_casemix_sex_age_design,3.K6,UKA,NJR 22nd Annual Report 2025_Knees.pdf,58,pdf_text,not_needed,stratum,"All unicondylar, cemented | lateral, fixed","All unicondylar, cemented","lateral, fixed",unicondylar,cemented,lateral,,fixed,Male,65-74,65 to 74,,,,,359,,1,1.5,0.63,3.58,,ok,False,cumulative_revision_km,"Kaplan-Meier (1-KM), percent",0.95,"All primary knee replacements, by sex, age group, fixation, constraint and bearing",
NJR,"England, Wales, Northern Ireland, Isle of Man, Guernsey",2025,to 2024-12-31,knee_casemix_sex_age_design,3.K6,UKA,NJR 22nd Annual Report 2025_Knees.pdf,58,pdf_text,not_needed,stratum,"All unicondylar, cemented | lateral, fixed","All unicondylar, cemented","lateral, fixed",unicondylar,cemented,lateral,,fixed,Male,65-74,65 to 74,,,,,359,,3,3.72,2.06,6.65,,ok,True,cumulative_revision_km,"Kaplan-Meier (1-KM), percent",0.95,"All primary knee replacements, by sex, age group, fixation, constraint and bearing",
NJR,"England, Wales, Northern Ireland, Isle of Man, Guernsey",2025,to 2024-12-31,knee_casemix_sex_age_design,3.K6,UKA,NJR 22nd Annual Report 2025_Knees.pdf,58,pdf_text,not_needed,stratum,"All unicondylar, cemented | lateral, fixed","All unicondylar, cemented","lateral, fixed",unicondylar,cemented,lateral,,fixed,Male,65-74,65 to 74,,,,,359,,5,4.73,2.74,8.09,,ok,True,cumulative_revision_km,"Kaplan-Meier (1-KM), percent",0.95,"All primary knee replacements, by sex, age group, fixation, constraint and bearing",
NJR,"England, Wales, Northern Ireland, Isle of Man, Guernsey",2025,to 2024-12-31,knee_casemix_sex_age_design,3.K6,UKA,NJR 22nd Annual Report 2025_Knees.pdf,58,pdf_text,not_needed,stratum,"All unicondylar, cemented | lateral, fixed","All unicondylar, cemented","lateral, fixed",unicondylar,cemented,lateral,,fixed,Male,65-74,65 to 74,,,,,359,,10,9.48,5.68,15.6,,ok,True,cumulative_revision_km,"Kaplan-Meier (1-KM), percent",0.95,"All primary knee replacements, by sex, age group, fixation, constraint and bearing",
NJR,"England, Wales, Northern Ireland, Isle of Man, Guernsey",2025,to 2024-12-31,knee_casemix_sex_age_design,3.K6,UKA,NJR 22nd Annual Report 2025_Knees.pdf,58,pdf_text,not_needed,stratum,"All unicondylar, cemented | lateral, fixed","All unicondylar, cemented","lateral, fixed",unicondylar,cemented,lateral,,fixed,Male,65-74,65 to 74,,,,,359,,15,11.01,6.59,18.1,,ok,True,cumulative_revision_km,"Kaplan-Meier (1-KM), percent",0.95,"All primary knee replacements, by sex, age group, fixation, constraint and bearing",
NJR,"England, Wales, Northern Ireland, Isle of Man, Guernsey",2025,to 2024-12-31,knee_casemix_sex_age_design,3.K6,UKA,NJR 22nd Annual Report 2025_Knees.pdf,58,pdf_text,not_needed,stratum,"All unicondylar, cemented | lateral, fixed","All unicondylar, cemented","lateral, fixed",unicondylar,cemented,lateral,,fixed,Male,65-74,65 to 74,,,,,359,,20,,,,,blank,False,cumulative_revision_km,"Kaplan-Meier (1-KM), percent",0.95,"All primary knee replacements, by sex, age group, fixation, constraint and bearing",
NJR,"England, Wales, Northern Ireland, Isle of Man, Guernsey",2025,to 2024-12-31,knee_casemix_sex_age_design,3.K6,UKA,NJR 22nd Annual Report 2025_Knees.pdf,58,pdf_text,not_needed,stratum,"All unicondylar, cemented | lateral, fixed","All unicondylar, cemented","lateral, fixed",unicondylar,cemented,lateral,,fixed,Female,65-74,65 to 74,,,,,594,,1,1.25,0.6,2.61,,ok,False,cumulative_revision_km,"Kaplan-Meier (1-KM), percent",0.95,"All primary knee replacements, by sex, age group, fixation, constraint and bearing",
NJR,"England, Wales, Northern Ireland, Isle of Man, Guernsey",2025,to 2024-12-31,knee_casemix_sex_age_design,3.K6,UKA,NJR 22nd Annual Report 2025_Knees.pdf,58,pdf_text,not_needed,stratum,"All unicondylar, cemented | lateral, fixed","All unicondylar, cemented","lateral, fixed",unicondylar,cemented,lateral,,fixed,Female,65-74,65 to 74,,,,,594,,3,1.85,1.0,3.41,,ok,False,cumulative_revision_km,"Kaplan-Meier (1-KM), percent",0.95,"All primary knee replacements, by sex, age group, fixation, constraint and bearing",
NJR,"England, Wales, Northern Ireland, Isle of Man, Guernsey",2025,to 2024-12-31,knee_casemix_sex_age_design,3.K6,UKA,NJR 22nd Annual Report 2025_Knees.pdf,58,pdf_text,not_needed,stratum,"All unicondylar, cemented | lateral, fixed","All unicondylar, cemented","lateral, fixed",unicondylar,cemented,lateral,,fixed,Female,65-74,65 to 74,,,,,594,,5,3.65,2.21,5.98,,ok,False,cumulative_revision_km,"Kaplan-Meier (1-KM), percent",0.95,"All primary knee replacements, by sex, age group, fixation, constraint and bearing",
NJR,"England, Wales, Northern Ireland, Isle of Man, Guernsey",2025,to 2024-12-31,knee_casemix_sex_age_design,3.K6,UKA,NJR 22nd Annual Report 2025_Knees.pdf,58,pdf_text,not_needed,stratum,"All unicondylar, cemented | lateral, fixed","All unicondylar, cemented","lateral, fixed",unicondylar,cemented,lateral,,fixed,Female,65-74,65 to 74,,,,,594,,10,6.51,4.14,10.17,,ok,True,cumulative_revision_km,"Kaplan-Meier (1-KM), percent",0.95,"All primary knee replacements, by sex, age group, fixation, constraint and bearing",
NJR,"England, Wales, Northern Ireland, Isle of Man, Guernsey",2025,to 2024-12-31,knee_casemix_sex_age_design,3.K6,UKA,NJR 22nd Annual Report 2025_Knees.pdf,58,pdf_text,not_needed,stratum,"All unicondylar, cemented | lateral, fixed","All unicondylar, cemented","lateral, fixed",unicondylar,cemented,lateral,,fixed,Female,65-74,65 to 74,,,,,594,,15,11.14,6.9,17.73,,ok,True,cumulative_revision_km,"Kaplan-Meier (1-KM), percent",0.95,"All primary knee replacements, by sex, age group, fixation, constraint and bearing",
NJR,"England, Wales, Northern Ireland, Isle of Man, Guernsey",2025,to 2024-12-31,knee_casemix_sex_age_design,3.K6,UKA,NJR 22nd Annual Report 2025_Knees.pdf,58,pdf_text,not_needed,stratum,"All unicondylar, cemented | lateral, fixed","All unicondylar, cemented","lateral, fixed",unicondylar,cemented,lateral,,fixed,Female,65-74,65 to 74,,,,,594,,20,,,,,blank,False,cumulative_revision_km,"Kaplan-Meier (1-KM), percent",0.95,"All primary knee replacements, by sex, age group, fixation, constraint and bearing",
NJR,"England, Wales, Northern Ireland, Isle of Man, Guernsey",2025,to 2024-12-31,knee_casemix_sex_age_design,3.K6,UKA,NJR 22nd Annual Report 2025_Knees.pdf,58,pdf_text,not_needed,stratum,"All unicondylar, cemented | lateral, mobile","All unicondylar, cemented","lateral, mobile",unicondylar,cemented,lateral,,mobile,Male,65-74,65 to 74,,,,,103,,1,4.85,2.05,11.27,,ok,True,cumulative_revision_km,"Kaplan-Meier (1-KM), percent",0.95,"All primary knee replacements, by sex, age group, fixation, constraint and bearing",
NJR,"England, Wales, Northern Ireland, Isle of Man, Guernsey",2025,to 2024-12-31,knee_casemix_sex_age_design,3.K6,UKA,NJR 22nd Annual Report 2025_Knees.pdf,58,pdf_text,not_needed,stratum,"All unicondylar, cemented | lateral, mobile","All unicondylar, cemented","lateral, mobile",unicondylar,cemented,lateral,,mobile,Male,65-74,65 to 74,,,,,103,,3,6.86,3.33,13.85,,ok,True,cumulative_revision_km,"Kaplan-Meier (1-KM), percent",0.95,"All primary knee replacements, by sex, age group, fixation, constraint and bearing",
NJR,"England, Wales, Northern Ireland, Isle of Man, Guernsey",2025,to 2024-12-31,knee_casemix_sex_age_design,3.K6,UKA,NJR 22nd Annual Report 2025_Knees.pdf,58,pdf_text,not_needed,stratum,"All unicondylar, cemented | lateral, mobile","All unicondylar, cemented","lateral, mobile",unicondylar,cemented,lateral,,mobile,Male,65-74,65 to 74,,,,,103,,5,11.08,6.29,19.14,,ok,True,cumulative_revision_km,"Kaplan-Meier (1-KM), percent",0.95,"All primary knee replacements, by sex, age group, fixation, constraint and bearing",
NJR,"England, Wales, Northern Ireland, Isle of Man, Guernsey",2025,to 2024-12-31,knee_casemix_sex_age_design,3.K6,UKA,NJR 22nd Annual Report 2025_Knees.pdf,58,pdf_text,not_needed,stratum,"All unicondylar, cemented | lateral, mobile","All unicondylar, cemented","lateral, mobile",unicondylar,cemented,lateral,,mobile,Male,65-74,65 to 74,,,,,103,,10,18.53,11.88,28.26,,ok,True,cumulative_revision_km,"Kaplan-Meier (1-KM), percent",0.95,"All primary knee replacements, by sex, age group, fixation, constraint and bearing",
NJR,"England, Wales, Northern Ireland, Isle of Man, Guernsey",2025,to 2024-12-31,knee_casemix_sex_age_design,3.K6,UKA,NJR 22nd Annual Report 2025_Knees.pdf,58,pdf_text,not_needed,stratum,"All unicondylar, cemented | lateral, mobile","All unicondylar, cemented","lateral, mobile",unicondylar,cemented,lateral,,mobile,Male,65-74,65 to 74,,,,,103,,15,18.53,11.88,28.26,,ok,True,cumulative_revision_km,"Kaplan-Meier (1-KM), percent",0.95,"All primary knee replacements, by sex, age group, fixation, constraint and bearing",
NJR,"England, Wales, Northern Ireland, Isle of Man, Guernsey",2025,to 2024-12-31,knee_casemix_sex_age_design,3.K6,UKA,NJR 22nd Annual Report 2025_Knees.pdf,58,pdf_text,not_needed,stratum,"All unicondylar, cemented | lateral, mobile","All unicondylar, cemented","lateral, mobile",unicondylar,cemented,lateral,,mobile,Male,65-74,65 to 74,,,,,103,,20,,,,,blank,False,cumulative_revision_km,"Kaplan-Meier (1-KM), percent",0.95,"All primary knee replacements, by sex, age group, fixation, constraint and bearing",
NJR,"England, Wales, Northern Ireland, Isle of Man, Guernsey",2025,to 2024-12-31,knee_casemix_sex_age_design,3.K6,UKA,NJR 22nd Annual Report 2025_Knees.pdf,58,pdf_text,not_needed,stratum,"All unicondylar, cemented | lateral, mobile","All unicondylar, cemented","lateral, mobile",unicondylar,cemented,lateral,,mobile,Female,65-74,65 to 74,,,,,255,,1,3.54,1.86,6.69,,ok,True,cumulative_revision_km,"Kaplan-Meier (1-KM), percent",0.95,"All primary knee replacements, by sex, age group, fixation, constraint and bearing",
NJR,"England, Wales, Northern Ireland, Isle of Man, Guernsey",2025,to 2024-12-31,knee_casemix_sex_age_design,3.K6,UKA,NJR 22nd Annual Report 2025_Knees.pdf,58,pdf_text,not_needed,stratum,"All unicondylar, cemented | lateral, mobile","All unicondylar, cemented","lateral, mobile",unicondylar,cemented,lateral,,mobile,Female,65-74,65 to 74,,,,,255,,3,4.34,2.42,7.69,,ok,True,cumulative_revision_km,"Kaplan-Meier (1-KM), percent",0.95,"All primary knee replacements, by sex, age group, fixation, constraint and bearing",
NJR,"England, Wales, Northern Ireland, Isle of Man, Guernsey",2025,to 2024-12-31,knee_casemix_sex_age_design,3.K6,UKA,NJR 22nd Annual Report 2025_Knees.pdf,58,pdf_text,not_needed,stratum,"All unicondylar, cemented | lateral, mobile","All unicondylar, cemented","lateral, mobile",unicondylar,cemented,lateral,,mobile,Female,65-74,65 to 74,,,,,255,,5,5.97,3.64,9.71,,ok,True,cumulative_revision_km,"Kaplan-Meier (1-KM), percent",0.95,"All primary knee replacements, by sex, age group, fixation, constraint and bearing",
NJR,"England, Wales, Northern Ireland, Isle of Man, Guernsey",2025,to 2024-12-31,knee_casemix_sex_age_design,3.K6,UKA,NJR 22nd Annual Report 2025_Knees.pdf,58,pdf_text,not_needed,stratum,"All unicondylar, cemented | lateral, mobile","All unicondylar, cemented","lateral, mobile",unicondylar,cemented,lateral,,mobile,Female,65-74,65 to 74,,,,,255,,10,8.2,5.36,12.44,,ok,True,cumulative_revision_km,"Kaplan-Meier (1-KM), percent",0.95,"All primary knee replacements, by sex, age group, fixation, constraint and bearing",
NJR,"England, Wales, Northern Ireland, Isle of Man, Guernsey",2025,to 2024-12-31,knee_casemix_sex_age_design,3.K6,UKA,NJR 22nd Annual Report 2025_Knees.pdf,58,pdf_text,not_needed,stratum,"All unicondylar, cemented | lateral, mobile","All unicondylar, cemented","lateral, mobile",unicondylar,cemented,lateral,,mobile,Female,65-74,65 to 74,,,,,255,,15,10.84,7.31,15.94,,ok,True,cumulative_revision_km,"Kaplan-Meier (1-KM), percent",0.95,"All primary knee replacements, by sex, age group, fixation, constraint and bearing",
NJR,"England, Wales, Northern Ireland, Isle of Man, Guernsey",2025,to 2024-12-31,knee_casemix_sex_age_design,3.K6,UKA,NJR 22nd Annual Report 2025_Knees.pdf,58,pdf_text,not_needed,stratum,"All unicondylar, cemented | lateral, mobile","All unicondylar, cemented","lateral, mobile",unicondylar,cemented,lateral,,mobile,Female,65-74,65 to 74,,,,,255,,20,,,,,blank,False,cumulative_revision_km,"Kaplan-Meier (1-KM), percent",0.95,"All primary knee replacements, by sex, age group, fixation, constraint and bearing",
NJR,"England, Wales, Northern Ireland, Isle of Man, Guernsey",2025,to 2024-12-31,knee_casemix_sex_age_design,3.K6,UKA,NJR 22nd Annual Report 2025_Knees.pdf,58,pdf_text,not_needed,stratum,"All unicondylar, cemented | lateral, MBT","All unicondylar, cemented","lateral, MBT",unicondylar,cemented,lateral,,MBT,Male,65-74,65 to 74,,,,,37,,1,,,,,blank,False,cumulative_revision_km,"Kaplan-Meier (1-KM), percent",0.95,"All primary knee replacements, by sex, age group, fixation, constraint and bearing",
NJR,"England, Wales, Northern Ireland, Isle of Man, Guernsey",2025,to 2024-12-31,knee_casemix_sex_age_design,3.K6,UKA,NJR 22nd Annual Report 2025_Knees.pdf,58,pdf_text,not_needed,stratum,"All unicondylar, cemented | lateral, MBT","All unicondylar, cemented","lateral, MBT",unicondylar,cemented,lateral,,MBT,Male,65-74,65 to 74,,,,,37,,3,0.0,,,,ci_not_estimable,True,cumulative_revision_km,"Kaplan-Meier (1-KM), percent",0.95,"All primary knee replacements, by sex, age group, fixation, constraint and bearing",
NJR,"England, Wales, Northern Ireland, Isle of Man, Guernsey",2025,to 2024-12-31,knee_casemix_sex_age_design,3.K6,UKA,NJR 22nd Annual Report 2025_Knees.pdf,58,pdf_text,not_needed,stratum,"All unicondylar, cemented | lateral, MBT","All unicondylar, cemented","lateral, MBT",unicondylar,cemented,lateral,,MBT,Male,65-74,65 to 74,,,,,37,,5,0.0,,,,ci_not_estimable,True,cumulative_revision_km,"Kaplan-Meier (1-KM), percent",0.95,"All primary knee replacements, by sex, age group, fixation, constraint and bearing",
NJR,"England, Wales, Northern Ireland, Isle of Man, Guernsey",2025,to 2024-12-31,knee_casemix_sex_age_design,3.K6,UKA,NJR 22nd Annual Report 2025_Knees.pdf,58,pdf_text,not_needed,stratum,"All unicondylar, cemented | lateral, MBT","All unicondylar, cemented","lateral, MBT",unicondylar,cemented,lateral,,MBT,Male,65-74,65 to 74,,,,,37,,10,6.45,1.65,23.41,,ok,True,cumulative_revision_km,"Kaplan-Meier (1-KM), percent",0.95,"All primary knee replacements, by sex, age group, fixation, constraint and bearing",
NJR,"England, Wales, Northern Ireland, Isle of Man, Guernsey",2025,to 2024-12-31,knee_casemix_sex_age_design,3.K6,UKA,NJR 22nd Annual Report 2025_Knees.pdf,58,pdf_text,not_needed,stratum,"All unicondylar, cemented | lateral, MBT","All unicondylar, cemented","lateral, MBT",unicondylar,cemented,lateral,,MBT,Male,65-74,65 to 74,,,,,37,,15,6.45,1.65,23.41,,ok,True,cumulative_revision_km,"Kaplan-Meier (1-KM), percent",0.95,"All primary knee replacements, by sex, age group, fixation, constraint and bearing",
NJR,"England, Wales, Northern Ireland, Isle of Man, Guernsey",2025,to 2024-12-31,knee_casemix_sex_age_design,3.K6,UKA,NJR 22nd Annual Report 2025_Knees.pdf,58,pdf_text,not_needed,stratum,"All unicondylar, cemented | lateral, MBT","All unicondylar, cemented","lateral, MBT",unicondylar,cemented,lateral,,MBT,Male,65-74,65 to 74,,,,,37,,20,,,,,blank,False,cumulative_revision_km,"Kaplan-Meier (1-KM), percent",0.95,"All primary knee replacements, by sex, age group, fixation, constraint and bearing",
NJR,"England, Wales, Northern Ireland, Isle of Man, Guernsey",2025,to 2024-12-31,knee_casemix_sex_age_design,3.K6,UKA,NJR 22nd Annual Report 2025_Knees.pdf,58,pdf_text,not_needed,stratum,"All unicondylar, cemented | lateral, MBT","All unicondylar, cemented","lateral, MBT",unicondylar,cemented,lateral,,MBT,Female,65-74,65 to 74,,,,,55,,1,0.0,,,,ci_not_estimable,True,cumulative_revision_km,"Kaplan-Meier (1-KM), percent",0.95,"All primary knee replacements, by sex, age group, fixation, constraint and bearing",
NJR,"England, Wales, Northern Ireland, Isle of Man, Guernsey",2025,to 2024-12-31,knee_casemix_sex_age_design,3.K6,UKA,NJR 22nd Annual Report 2025_Knees.pdf,58,pdf_text,not_needed,stratum,"All unicondylar, cemented | lateral, MBT","All unicondylar, cemented","lateral, MBT",unicondylar,cemented,lateral,,MBT,Female,65-74,65 to 74,,,,,55,,3,1.96,0.28,13.11,,ok,True,cumulative_revision_km,"Kaplan-Meier (1-KM), percent",0.95,"All primary knee replacements, by sex, age group, fixation, constraint and bearing",
NJR,"England, Wales, Northern Ireland, Isle of Man, Guernsey",2025,to 2024-12-31,knee_casemix_sex_age_design,3.K6,UKA,NJR 22nd Annual Report 2025_Knees.pdf,58,pdf_text,not_needed,stratum,"All unicondylar, cemented | lateral, MBT","All unicondylar, cemented","lateral, MBT",unicondylar,cemented,lateral,,MBT,Female,65-74,65 to 74,,,,,55,,5,1.96,0.28,13.11,,ok,True,cumulative_revision_km,"Kaplan-Meier (1-KM), percent",0.95,"All primary knee replacements, by sex, age group, fixation, constraint and bearing",
NJR,"England, Wales, Northern Ireland, Isle of Man, Guernsey",2025,to 2024-12-31,knee_casemix_sex_age_design,3.K6,UKA,NJR 22nd Annual Report 2025_Knees.pdf,58,pdf_text,not_needed,stratum,"All unicondylar, cemented | lateral, MBT","All unicondylar, cemented","lateral, MBT",unicondylar,cemented,lateral,,MBT,Female,65-74,65 to 74,,,,,55,,10,1.96,0.28,13.11,,ok,True,cumulative_revision_km,"Kaplan-Meier (1-KM), percent",0.95,"All primary knee replacements, by sex, age group, fixation, constraint and bearing",
NJR,"England, Wales, Northern Ireland, Isle of Man, Guernsey",2025,to 2024-12-31,knee_casemix_sex_age_design,3.K6,UKA,NJR 22nd Annual Report 2025_Knees.pdf,58,pdf_text,not_needed,stratum,"All unicondylar, cemented | lateral, MBT","All unicondylar, cemented","lateral, MBT",unicondylar,cemented,lateral,,MBT,Female,65-74,65 to 74,,,,,55,,15,5.46,1.32,21.2,,ok,True,cumulative_revision_km,"Kaplan-Meier (1-KM), percent",0.95,"All primary knee replacements, by sex, age group, fixation, constraint and bearing",
NJR,"England, Wales, Northern Ireland, Isle of Man, Guernsey",2025,to 2024-12-31,knee_casemix_sex_age_design,3.K6,UKA,NJR 22nd Annual Report 2025_Knees.pdf,58,pdf_text,not_needed,stratum,"All unicondylar, cemented | lateral, MBT","All unicondylar, cemented","lateral, MBT",unicondylar,cemented,lateral,,MBT,Female,65-74,65 to 74,,,,,55,,20,,,,,blank,False,cumulative_revision_km,"Kaplan-Meier (1-KM), percent",0.95,"All primary knee replacements, by sex, age group, fixation, constraint and bearing",
NJR,"England, Wales, Northern Ireland, Isle of Man, Guernsey",2025,to 2024-12-31,knee_casemix_sex_age_design,3.K6,UKA,NJR 22nd Annual Report 2025_Knees.pdf,58,pdf_text,not_needed,group,"All unicondylar, uncemented/hybrid","All unicondylar, uncemented/hybrid",,unicondylar,uncemented/hybrid,,,,Male,65-74,65 to 74,,,,,9682,,1,1.13,0.93,1.37,,ok,False,cumulative_revision_km,"Kaplan-Meier (1-KM), percent",0.95,"All primary knee replacements, by sex, age group, fixation, constraint and bearing",
NJR,"England, Wales, Northern Ireland, Isle of Man, Guernsey",2025,to 2024-12-31,knee_casemix_sex_age_design,3.K6,UKA,NJR 22nd Annual Report 2025_Knees.pdf,58,pdf_text,not_needed,group,"All unicondylar, uncemented/hybrid","All unicondylar, uncemented/hybrid",,unicondylar,uncemented/hybrid,,,,Male,65-74,65 to 74,,,,,9682,,3,2.02,1.74,2.35,,ok,False,cumulative_revision_km,"Kaplan-Meier (1-KM), percent",0.95,"All primary knee replacements, by sex, age group, fixation, constraint and bearing",
NJR,"England, Wales, Northern Ireland, Isle of Man, Guernsey",2025,to 2024-12-31,knee_casemix_sex_age_design,3.K6,UKA,NJR 22nd Annual Report 2025_Knees.pdf,58,pdf_text,not_needed,group,"All unicondylar, uncemented/hybrid","All unicondylar, uncemented/hybrid",,unicondylar,uncemented/hybrid,,,,Male,65-74,65 to 74,,,,,9682,,5,2.77,2.42,3.17,,ok,False,cumulative_revision_km,"Kaplan-Meier (1-KM), percent",0.95,"All primary knee replacements, by sex, age group, fixation, constraint and bearing",
NJR,"England, Wales, Northern Ireland, Isle of Man, Guernsey",2025,to 2024-12-31,knee_casemix_sex_age_design,3.K6,UKA,NJR 22nd Annual Report 2025_Knees.pdf,58,pdf_text,not_needed,group,"All unicondylar, uncemented/hybrid","All unicondylar, uncemented/hybrid",,unicondylar,uncemented/hybrid,,,,Male,65-74,65 to 74,,,,,9682,,10,5.71,4.96,6.56,,ok,False,cumulative_revision_km,"Kaplan-Meier (1-KM), percent",0.95,"All primary knee replacements, by sex, age group, fixation, constraint and bearing",
NJR,"England, Wales, Northern Ireland, Isle of Man, Guernsey",2025,to 2024-12-31,knee_casemix_sex_age_design,3.K6,UKA,NJR 22nd Annual Report 2025_Knees.pdf,58,pdf_text,not_needed,group,"All unicondylar, uncemented/hybrid","All unicondylar, uncemented/hybrid",,unicondylar,uncemented/hybrid,,,,Male,65-74,65 to 74,,,,,9682,,15,8.62,6.96,10.66,,ok,True,cumulative_revision_km,"Kaplan-Meier (1-KM), percent",0.95,"All primary knee replacements, by sex, age group, fixation, constraint and bearing",
NJR,"England, Wales, Northern Ireland, Isle of Man, Guernsey",2025,to 2024-12-31,knee_casemix_sex_age_design,3.K6,UKA,NJR 22nd Annual Report 2025_Knees.pdf,58,pdf_text,not_needed,group,"All unicondylar, uncemented/hybrid","All unicondylar, uncemented/hybrid",,unicondylar,uncemented/hybrid,,,,Male,65-74,65 to 74,,,,,9682,,20,,,,,blank,False,cumulative_revision_km,"Kaplan-Meier (1-KM), percent",0.95,"All primary knee replacements, by sex, age group, fixation, constraint and bearing",
NJR,"England, Wales, Northern Ireland, Isle of Man, Guernsey",2025,to 2024-12-31,knee_casemix_sex_age_design,3.K6,UKA,NJR 22nd Annual Report 2025_Knees.pdf,58,pdf_text,not_needed,group,"All unicondylar, uncemented/hybrid","All unicondylar, uncemented/hybrid",,unicondylar,uncemented/hybrid,,,,Female,65-74,65 to 74,,,,,7334,,1,0.94,0.74,1.2,,ok,False,cumulative_revision_km,"Kaplan-Meier (1-KM), percent",0.95,"All primary knee replacements, by sex, age group, fixation, constraint and bearing",
NJR,"England, Wales, Northern Ireland, Isle of Man, Guernsey",2025,to 2024-12-31,knee_casemix_sex_age_design,3.K6,UKA,NJR 22nd Annual Report 2025_Knees.pdf,58,pdf_text,not_needed,group,"All unicondylar, uncemented/hybrid","All unicondylar, uncemented/hybrid",,unicondylar,uncemented/hybrid,,,,Female,65-74,65 to 74,,,,,7334,,3,2.33,1.98,2.73,,ok,False,cumulative_revision_km,"Kaplan-Meier (1-KM), percent",0.95,"All primary knee replacements, by sex, age group, fixation, constraint and bearing",
NJR,"England, Wales, Northern Ireland, Isle of Man, Guernsey",2025,to 2024-12-31,knee_casemix_sex_age_design,3.K6,UKA,NJR 22nd Annual Report 2025_Knees.pdf,58,pdf_text,not_needed,group,"All unicondylar, uncemented/hybrid","All unicondylar, uncemented/hybrid",,unicondylar,uncemented/hybrid,,,,Female,65-74,65 to 74,,,,,7334,,5,3.14,2.71,3.64,,ok,False,cumulative_revision_km,"Kaplan-Meier (1-KM), percent",0.95,"All primary knee replacements, by sex, age group, fixation, constraint and bearing",
NJR,"England, Wales, Northern Ireland, Isle of Man, Guernsey",2025,to 2024-12-31,knee_casemix_sex_age_design,3.K6,UKA,NJR 22nd Annual Report 2025_Knees.pdf,58,pdf_text,not_needed,group,"All unicondylar, uncemented/hybrid","All unicondylar, uncemented/hybrid",,unicondylar,uncemented/hybrid,,,,Female,65-74,65 to 74,,,,,7334,,10,7.39,6.36,8.57,,ok,False,cumulative_revision_km,"Kaplan-Meier (1-KM), percent",0.95,"All primary knee replacements, by sex, age group, fixation, constraint and bearing",
NJR,"England, Wales, Northern Ireland, Isle of Man, Guernsey",2025,to 2024-12-31,knee_casemix_sex_age_design,3.K6,UKA,NJR 22nd Annual Report 2025_Knees.pdf,58,pdf_text,not_needed,group,"All unicondylar, uncemented/hybrid","All unicondylar, uncemented/hybrid",,unicondylar,uncemented/hybrid,,,,Female,65-74,65 to 74,,,,,7334,,15,13.02,9.94,16.96,,ok,True,cumulative_revision_km,"Kaplan-Meier (1-KM), percent",0.95,"All primary knee replacements, by sex, age group, fixation, constraint and bearing",
NJR,"England, Wales, Northern Ireland, Isle of Man, Guernsey",2025,to 2024-12-31,knee_casemix_sex_age_design,3.K6,UKA,NJR 22nd Annual Report 2025_Knees.pdf,58,pdf_text,not_needed,group,"All unicondylar, uncemented/hybrid","All unicondylar, uncemented/hybrid",,unicondylar,uncemented/hybrid,,,,Female,65-74,65 to 74,,,,,7334,,20,,,,,blank,False,cumulative_revision_km,"Kaplan-Meier (1-KM), percent",0.95,"All primary knee replacements, by sex, age group, fixation, constraint and bearing",
NJR,"England, Wales, Northern Ireland, Isle of Man, Guernsey",2025,to 2024-12-31,knee_casemix_sex_age_design,3.K6,UKA,NJR 22nd Annual Report 2025_Knees.pdf,58,pdf_text,not_needed,stratum,"All unicondylar, uncemented/hybrid | medial, fixed","All unicondylar, uncemented/hybrid","medial, fixed",unicondylar,uncemented/hybrid,medial,,fixed,Male,65-74,65 to 74,,,,,22,,1,,,,,blank,False,cumulative_revision_km,"Kaplan-Meier (1-KM), percent",0.95,"All primary knee replacements, by sex, age group, fixation, constraint and bearing",
NJR,"England, Wales, Northern Ireland, Isle of Man, Guernsey",2025,to 2024-12-31,knee_casemix_sex_age_design,3.K6,UKA,NJR 22nd Annual Report 2025_Knees.pdf,58,pdf_text,not_needed,stratum,"All unicondylar, uncemented/hybrid | medial, fixed","All unicondylar, uncemented/hybrid","medial, fixed",unicondylar,uncemented/hybrid,medial,,fixed,Male,65-74,65 to 74,,,,,22,,3,,,,,blank,False,cumulative_revision_km,"Kaplan-Meier (1-KM), percent",0.95,"All primary knee replacements, by sex, age group, fixation, constraint and bearing",
NJR,"England, Wales, Northern Ireland, Isle of Man, Guernsey",2025,to 2024-12-31,knee_casemix_sex_age_design,3.K6,UKA,NJR 22nd Annual Report 2025_Knees.pdf,58,pdf_text,not_needed,stratum,"All unicondylar, uncemented/hybrid | medial, fixed","All unicondylar, uncemented/hybrid","medial, fixed",unicondylar,uncemented/hybrid,medial,,fixed,Male,65-74,65 to 74,,,,,22,,5,4.55,0.65,28.13,,ok,True,cumulative_revision_km,"Kaplan-Meier (1-KM), percent",0.95,"All primary knee replacements, by sex, age group, fixation, constraint and bearing",
NJR,"England, Wales, Northern Ireland, Isle of Man, Guernsey",2025,to 2024-12-31,knee_casemix_sex_age_design,3.K6,UKA,NJR 22nd Annual Report 2025_Knees.pdf,58,pdf_text,not_needed,stratum,"All unicondylar, uncemented/hybrid | medial, fixed","All unicondylar, uncemented/hybrid","medial, fixed",unicondylar,uncemented/hybrid,medial,,fixed,Male,65-74,65 to 74,,,,,22,,10,,,,,blank,False,cumulative_revision_km,"Kaplan-Meier (1-KM), percent",0.95,"All primary knee replacements, by sex, age group, fixation, constraint and bearing",
NJR,"England, Wales, Northern Ireland, Isle of Man, Guernsey",2025,to 2024-12-31,knee_casemix_sex_age_design,3.K6,UKA,NJR 22nd Annual Report 2025_Knees.pdf,58,pdf_text,not_needed,stratum,"All unicondylar, uncemented/hybrid | medial, fixed","All unicondylar, uncemented/hybrid","medial, fixed",unicondylar,uncemented/hybrid,medial,,fixed,Male,65-74,65 to 74,,,,,22,,15,,,,,blank,False,cumulative_revision_km,"Kaplan-Meier (1-KM), percent",0.95,"All primary knee replacements, by sex, age group, fixation, constraint and bearing",
NJR,"England, Wales, Northern Ireland, Isle of Man, Guernsey",2025,to 2024-12-31,knee_casemix_sex_age_design,3.K6,UKA,NJR 22nd Annual Report 2025_Knees.pdf,58,pdf_text,not_needed,stratum,"All unicondylar, uncemented/hybrid | medial, fixed","All unicondylar, uncemented/hybrid","medial, fixed",unicondylar,uncemented/hybrid,medial,,fixed,Male,65-74,65 to 74,,,,,22,,20,,,,,blank,False,cumulative_revision_km,"Kaplan-Meier (1-KM), percent",0.95,"All primary knee replacements, by sex, age group, fixation, constraint and bearing",
NJR,"England, Wales, Northern Ireland, Isle of Man, Guernsey",2025,to 2024-12-31,knee_casemix_sex_age_design,3.K6,UKA,NJR 22nd Annual Report 2025_Knees.pdf,58,pdf_text,not_needed,stratum,"All unicondylar, uncemented/hybrid | medial, fixed","All unicondylar, uncemented/hybrid","medial, fixed",unicondylar,uncemented/hybrid,medial,,fixed,Female,65-74,65 to 74,,,,,12,,1,,,,,blank,False,cumulative_revision_km,"Kaplan-Meier (1-KM), percent",0.95,"All primary knee replacements, by sex, age group, fixation, constraint and bearing",
NJR,"England, Wales, Northern Ireland, Isle of Man, Guernsey",2025,to 2024-12-31,knee_casemix_sex_age_design,3.K6,UKA,NJR 22nd Annual Report 2025_Knees.pdf,58,pdf_text,not_needed,stratum,"All unicondylar, uncemented/hybrid | medial, fixed","All unicondylar, uncemented/hybrid","medial, fixed",unicondylar,uncemented/hybrid,medial,,fixed,Female,65-74,65 to 74,,,,,12,,3,8.33,1.22,46.1,,ok,True,cumulative_revision_km,"Kaplan-Meier (1-KM), percent",0.95,"All primary knee replacements, by sex, age group, fixation, constraint and bearing",
NJR,"England, Wales, Northern Ireland, Isle of Man, Guernsey",2025,to 2024-12-31,knee_casemix_sex_age_design,3.K6,UKA,NJR 22nd Annual Report 2025_Knees.pdf,58,pdf_text,not_needed,stratum,"All unicondylar, uncemented/hybrid | medial, fixed","All unicondylar, uncemented/hybrid","medial, fixed",unicondylar,uncemented/hybrid,medial,,fixed,Female,65-74,65 to 74,,,,,12,,5,16.67,4.45,51.83,,ok,True,cumulative_revision_km,"Kaplan-Meier (1-KM), percent",0.95,"All primary knee replacements, by sex, age group, fixation, constraint and bearing",
NJR,"England, Wales, Northern Ireland, Isle of Man, Guernsey",2025,to 2024-12-31,knee_casemix_sex_age_design,3.K6,UKA,NJR 22nd Annual Report 2025_Knees.pdf,58,pdf_text,not_needed,stratum,"All unicondylar, uncemented/hybrid | medial, fixed","All unicondylar, uncemented/hybrid","medial, fixed",unicondylar,uncemented/hybrid,medial,,fixed,Female,65-74,65 to 74,,,,,12,,10,,,,,blank,False,cumulative_revision_km,"Kaplan-Meier (1-KM), percent",0.95,"All primary knee replacements, by sex, age group, fixation, constraint and bearing",
NJR,"England, Wales, Northern Ireland, Isle of Man, Guernsey",2025,to 2024-12-31,knee_casemix_sex_age_design,3.K6,UKA,NJR 22nd Annual Report 2025_Knees.pdf,58,pdf_text,not_needed,stratum,"All unicondylar, uncemented/hybrid | medial, fixed","All unicondylar, uncemented/hybrid","medial, fixed",unicondylar,uncemented/hybrid,medial,,fixed,Female,65-74,65 to 74,,,,,12,,15,,,,,blank,False,cumulative_revision_km,"Kaplan-Meier (1-KM), percent",0.95,"All primary knee replacements, by sex, age group, fixation, constraint and bearing",
NJR,"England, Wales, Northern Ireland, Isle of Man, Guernsey",2025,to 2024-12-31,knee_casemix_sex_age_design,3.K6,UKA,NJR 22nd Annual Report 2025_Knees.pdf,58,pdf_text,not_needed,stratum,"All unicondylar, uncemented/hybrid | medial, fixed","All unicondylar, uncemented/hybrid","medial, fixed",unicondylar,uncemented/hybrid,medial,,fixed,Female,65-74,65 to 74,,,,,12,,20,,,,,blank,False,cumulative_revision_km,"Kaplan-Meier (1-KM), percent",0.95,"All primary knee replacements, by sex, age group, fixation, constraint and bearing",
NJR,"England, Wales, Northern Ireland, Isle of Man, Guernsey",2025,to 2024-12-31,knee_casemix_sex_age_design,3.K6,UKA,NJR 22nd Annual Report 2025_Knees.pdf,58,pdf_text,not_needed,stratum,"All unicondylar, uncemented/hybrid | medial, mobile","All unicondylar, uncemented/hybrid","medial, mobile",unicondylar,uncemented/hybrid,medial,,mobile,Male,65-74,65 to 74,,,,,9478,,1,1.13,0.93,1.37,,ok,False,cumulative_revision_km,"Kaplan-Meier (1-KM), percent",0.95,"All primary knee replacements, by sex, age group, fixation, constraint and bearing",
NJR,"England, Wales, Northern Ireland, Isle of Man, Guernsey",2025,to 2024-12-31,knee_casemix_sex_age_design,3.K6,UKA,NJR 22nd Annual Report 2025_Knees.pdf,58,pdf_text,not_needed,stratum,"All unicondylar, uncemented/hybrid | medial, mobile","All unicondylar, uncemented/hybrid","medial, mobile",unicondylar,uncemented/hybrid,medial,,mobile,Male,65-74,65 to 74,,,,,9478,,3,2.01,1.73,2.34,,ok,False,cumulative_revision_km,"Kaplan-Meier (1-KM), percent",0.95,"All primary knee replacements, by sex, age group, fixation, constraint and bearing",
NJR,"England, Wales, Northern Ireland, Isle of Man, Guernsey",2025,to 2024-12-31,knee_casemix_sex_age_design,3.K6,UKA,NJR 22nd Annual Report 2025_Knees.pdf,58,pdf_text,not_needed,stratum,"All unicondylar, uncemented/hybrid | medial, mobile","All unicondylar, uncemented/hybrid","medial, mobile",unicondylar,uncemented/hybrid,medial,,mobile,Male,65-74,65 to 74,,,,,9478,,5,2.69,2.34,3.09,,ok,False,cumulative_revision_km,"Kaplan-Meier (1-KM), percent",0.95,"All primary knee replacements, by sex, age group, fixation, constraint and bearing",
NJR,"England, Wales, Northern Ireland, Isle of Man, Guernsey",2025,to 2024-12-31,knee_casemix_sex_age_design,3.K6,UKA,NJR 22nd Annual Report 2025_Knees.pdf,58,pdf_text,not_needed,stratum,"All unicondylar, uncemented/hybrid | medial, mobile","All unicondylar, uncemented/hybrid","medial, mobile",unicondylar,uncemented/hybrid,medial,,mobile,Male,65-74,65 to 74,,,,,9478,,10,5.63,4.88,6.5,,ok,False,cumulative_revision_km,"Kaplan-Meier (1-KM), percent",0.95,"All primary knee replacements, by sex, age group, fixation, constraint and bearing",
NJR,"England, Wales, Northern Ireland, Isle of Man, Guernsey",2025,to 2024-12-31,knee_casemix_sex_age_design,3.K6,UKA,NJR 22nd Annual Report 2025_Knees.pdf,58,pdf_text,not_needed,stratum,"All unicondylar, uncemented/hybrid | medial, mobile","All unicondylar, uncemented/hybrid","medial, mobile",unicondylar,uncemented/hybrid,medial,,mobile,Male,65-74,65 to 74,,,,,9478,,15,8.35,6.66,10.44,,ok,True,cumulative_revision_km,"Kaplan-Meier (1-KM), percent",0.95,"All primary knee replacements, by sex, age group, fixation, constraint and bearing",
NJR,"England, Wales, Northern Ireland, Isle of Man, Guernsey",2025,to 2024-12-31,knee_casemix_sex_age_design,3.K6,UKA,NJR 22nd Annual Report 2025_Knees.pdf,58,pdf_text,not_needed,stratum,"All unicondylar, uncemented/hybrid | medial, mobile","All unicondylar, uncemented/hybrid","medial, mobile",unicondylar,uncemented/hybrid,medial,,mobile,Male,65-74,65 to 74,,,,,9478,,20,,,,,blank,False,cumulative_revision_km,"Kaplan-Meier (1-KM), percent",0.95,"All primary knee replacements, by sex, age group, fixation, constraint and bearing",
NJR,"England, Wales, Northern Ireland, Isle of Man, Guernsey",2025,to 2024-12-31,knee_casemix_sex_age_design,3.K6,UKA,NJR 22nd Annual Report 2025_Knees.pdf,58,pdf_text,not_needed,stratum,"All unicondylar, uncemented/hybrid | medial, mobile","All unicondylar, uncemented/hybrid","medial, mobile",unicondylar,uncemented/hybrid,medial,,mobile,Female,65-74,65 to 74,,,,,6978,,1,0.95,0.74,1.21,,ok,False,cumulative_revision_km,"Kaplan-Meier (1-KM), percent",0.95,"All primary knee replacements, by sex, age group, fixation, constraint and bearing",
NJR,"England, Wales, Northern Ireland, Isle of Man, Guernsey",2025,to 2024-12-31,knee_casemix_sex_age_design,3.K6,UKA,NJR 22nd Annual Report 2025_Knees.pdf,58,pdf_text,not_needed,stratum,"All unicondylar, uncemented/hybrid | medial, mobile","All unicondylar, uncemented/hybrid","medial, mobile",unicondylar,uncemented/hybrid,medial,,mobile,Female,65-74,65 to 74,,,,,6978,,3,2.29,1.94,2.71,,ok,False,cumulative_revision_km,"Kaplan-Meier (1-KM), percent",0.95,"All primary knee replacements, by sex, age group, fixation, constraint and bearing",
NJR,"England, Wales, Northern Ireland, Isle of Man, Guernsey",2025,to 2024-12-31,knee_casemix_sex_age_design,3.K6,UKA,NJR 22nd Annual Report 2025_Knees.pdf,58,pdf_text,not_needed,stratum,"All unicondylar, uncemented/hybrid | medial, mobile","All unicondylar, uncemented/hybrid","medial, mobile",unicondylar,uncemented/hybrid,medial,,mobile,Female,65-74,65 to 74,,,,,6978,,5,3.06,2.63,3.56,,ok,False,cumulative_revision_km,"Kaplan-Meier (1-KM), percent",0.95,"All primary knee replacements, by sex, age group, fixation, constraint and bearing",
NJR,"England, Wales, Northern Ireland, Isle of Man, Guernsey",2025,to 2024-12-31,knee_casemix_sex_age_design,3.K6,UKA,NJR 22nd Annual Report 2025_Knees.pdf,58,pdf_text,not_needed,stratum,"All unicondylar, uncemented/hybrid | medial, mobile","All unicondylar, uncemented/hybrid","medial, mobile",unicondylar,uncemented/hybrid,medial,,mobile,Female,65-74,65 to 74,,,,,6978,,10,7.36,6.27,8.63,,ok,False,cumulative_revision_km,"Kaplan-Meier (1-KM), percent",0.95,"All primary knee replacements, by sex, age group, fixation, constraint and bearing",
NJR,"England, Wales, Northern Ireland, Isle of Man, Guernsey",2025,to 2024-12-31,knee_casemix_sex_age_design,3.K6,UKA,NJR 22nd Annual Report 2025_Knees.pdf,58,pdf_text,not_needed,stratum,"All unicondylar, uncemented/hybrid | medial, mobile","All unicondylar, uncemented/hybrid","medial, mobile",unicondylar,uncemented/hybrid,medial,,mobile,Female,65-74,65 to 74,,,,,6978,,15,11.75,9.09,15.13,,ok,True,cumulative_revision_km,"Kaplan-Meier (1-KM), percent",0.95,"All primary knee replacements, by sex, age group, fixation, constraint and bearing",
NJR,"England, Wales, Northern Ireland, Isle of Man, Guernsey",2025,to 2024-12-31,knee_casemix_sex_age_design,3.K6,UKA,NJR 22nd Annual Report 2025_Knees.pdf,58,pdf_text,not_needed,stratum,"All unicondylar, uncemented/hybrid | medial, mobile","All unicondylar, uncemented/hybrid","medial, mobile",unicondylar,uncemented/hybrid,medial,,mobile,Female,65-74,65 to 74,,,,,6978,,20,,,,,blank,False,cumulative_revision_km,"Kaplan-Meier (1-KM), percent",0.95,"All primary knee replacements, by sex, age group, fixation, constraint and bearing",
NJR,"England, Wales, Northern Ireland, Isle of Man, Guernsey",2025,to 2024-12-31,knee_casemix_sex_age_design,3.K6,UKA,NJR 22nd Annual Report 2025_Knees.pdf,59,pdf_text,not_needed,stratum,"All unicondylar, uncemented/hybrid | medial, MBT","All unicondylar, uncemented/hybrid","medial, MBT",unicondylar,uncemented/hybrid,medial,,MBT,Male,65-74,65 to 74,,,,,59,,1,1.69,0.24,11.43,,ok,True,cumulative_revision_km,"Kaplan-Meier (1-KM), percent",0.95,"All primary knee replacements, by sex, age group, fixation, constraint and bearing",
NJR,"England, Wales, Northern Ireland, Isle of Man, Guernsey",2025,to 2024-12-31,knee_casemix_sex_age_design,3.K6,UKA,NJR 22nd Annual Report 2025_Knees.pdf,59,pdf_text,not_needed,stratum,"All unicondylar, uncemented/hybrid | medial, MBT","All unicondylar, uncemented/hybrid","medial, MBT",unicondylar,uncemented/hybrid,medial,,MBT,Male,65-74,65 to 74,,,,,59,,3,5.21,1.71,15.28,,ok,True,cumulative_revision_km,"Kaplan-Meier (1-KM), percent",0.95,"All primary knee replacements, by sex, age group, fixation, constraint and bearing",
NJR,"England, Wales, Northern Ireland, Isle of Man, Guernsey",2025,to 2024-12-31,knee_casemix_sex_age_design,3.K6,UKA,NJR 22nd Annual Report 2025_Knees.pdf,59,pdf_text,not_needed,stratum,"All unicondylar, uncemented/hybrid | medial, MBT","All unicondylar, uncemented/hybrid","medial, MBT",unicondylar,uncemented/hybrid,medial,,MBT,Male,65-74,65 to 74,,,,,59,,5,7.03,2.7,17.67,,ok,True,cumulative_revision_km,"Kaplan-Meier (1-KM), percent",0.95,"All primary knee replacements, by sex, age group, fixation, constraint and bearing",
NJR,"England, Wales, Northern Ireland, Isle of Man, Guernsey",2025,to 2024-12-31,knee_casemix_sex_age_design,3.K6,UKA,NJR 22nd Annual Report 2025_Knees.pdf,59,pdf_text,not_needed,stratum,"All unicondylar, uncemented/hybrid | medial, MBT","All unicondylar, uncemented/hybrid","medial, MBT",unicondylar,uncemented/hybrid,medial,,MBT,Male,65-74,65 to 74,,,,,59,,10,8.85,3.78,19.98,,ok,True,cumulative_revision_km,"Kaplan-Meier (1-KM), percent",0.95,"All primary knee replacements, by sex, age group, fixation, constraint and bearing",
NJR,"England, Wales, Northern Ireland, Isle of Man, Guernsey",2025,to 2024-12-31,knee_casemix_sex_age_design,3.K6,UKA,NJR 22nd Annual Report 2025_Knees.pdf,59,pdf_text,not_needed,stratum,"All unicondylar, uncemented/hybrid | medial, MBT","All unicondylar, uncemented/hybrid","medial, MBT",unicondylar,uncemented/hybrid,medial,,MBT,Male,65-74,65 to 74,,,,,59,,15,,,,,blank,False,cumulative_revision_km,"Kaplan-Meier (1-KM), percent",0.95,"All primary knee replacements, by sex, age group, fixation, constraint and bearing",
NJR,"England, Wales, Northern Ireland, Isle of Man, Guernsey",2025,to 2024-12-31,knee_casemix_sex_age_design,3.K6,UKA,NJR 22nd Annual Report 2025_Knees.pdf,59,pdf_text,not_needed,stratum,"All unicondylar, uncemented/hybrid | medial, MBT","All unicondylar, uncemented/hybrid","medial, MBT",unicondylar,uncemented/hybrid,medial,,MBT,Male,65-74,65 to 74,,,,,59,,20,,,,,blank,False,cumulative_revision_km,"Kaplan-Meier (1-KM), percent",0.95,"All primary knee replacements, by sex, age group, fixation, constraint and bearing",
NJR,"England, Wales, Northern Ireland, Isle of Man, Guernsey",2025,to 2024-12-31,knee_casemix_sex_age_design,3.K6,UKA,NJR 22nd Annual Report 2025_Knees.pdf,59,pdf_text,not_needed,stratum,"All unicondylar, uncemented/hybrid | medial, MBT","All unicondylar, uncemented/hybrid","medial, MBT",unicondylar,uncemented/hybrid,medial,,MBT,Female,65-74,65 to 74,,,,,67,,1,0.0,,,,ci_not_estimable,True,cumulative_revision_km,"Kaplan-Meier (1-KM), percent",0.95,"All primary knee replacements, by sex, age group, fixation, constraint and bearing",
NJR,"England, Wales, Northern Ireland, Isle of Man, Guernsey",2025,to 2024-12-31,knee_casemix_sex_age_design,3.K6,UKA,NJR 22nd Annual Report 2025_Knees.pdf,59,pdf_text,not_needed,stratum,"All unicondylar, uncemented/hybrid | medial, MBT","All unicondylar, uncemented/hybrid","medial, MBT",unicondylar,uncemented/hybrid,medial,,MBT,Female,65-74,65 to 74,,,,,67,,3,3.03,0.77,11.58,,ok,True,cumulative_revision_km,"Kaplan-Meier (1-KM), percent",0.95,"All primary knee replacements, by sex, age group, fixation, constraint and bearing",
NJR,"England, Wales, Northern Ireland, Isle of Man, Guernsey",2025,to 2024-12-31,knee_casemix_sex_age_design,3.K6,UKA,NJR 22nd Annual Report 2025_Knees.pdf,59,pdf_text,not_needed,stratum,"All unicondylar, uncemented/hybrid | medial, MBT","All unicondylar, uncemented/hybrid","medial, MBT",unicondylar,uncemented/hybrid,medial,,MBT,Female,65-74,65 to 74,,,,,67,,5,4.55,1.49,13.43,,ok,True,cumulative_revision_km,"Kaplan-Meier (1-KM), percent",0.95,"All primary knee replacements, by sex, age group, fixation, constraint and bearing",
NJR,"England, Wales, Northern Ireland, Isle of Man, Guernsey",2025,to 2024-12-31,knee_casemix_sex_age_design,3.K6,UKA,NJR 22nd Annual Report 2025_Knees.pdf,59,pdf_text,not_needed,stratum,"All unicondylar, uncemented/hybrid | medial, MBT","All unicondylar, uncemented/hybrid","medial, MBT",unicondylar,uncemented/hybrid,medial,,MBT,Female,65-74,65 to 74,,,,,67,,10,6.19,2.37,15.68,,ok,True,cumulative_revision_km,"Kaplan-Meier (1-KM), percent",0.95,"All primary knee replacements, by sex, age group, fixation, constraint and bearing",
NJR,"England, Wales, Northern Ireland, Isle of Man, Guernsey",2025,to 2024-12-31,knee_casemix_sex_age_design,3.K6,UKA,NJR 22nd Annual Report 2025_Knees.pdf,59,pdf_text,not_needed,stratum,"All unicondylar, uncemented/hybrid | medial, MBT","All unicondylar, uncemented/hybrid","medial, MBT",unicondylar,uncemented/hybrid,medial,,MBT,Female,65-74,65 to 74,,,,,67,,15,16.89,6.81,38.44,,ok,True,cumulative_revision_km,"Kaplan-Meier (1-KM), percent",0.95,"All primary knee replacements, by sex, age group, fixation, constraint and bearing",
NJR,"England, Wales, Northern Ireland, Isle of Man, Guernsey",2025,to 2024-12-31,knee_casemix_sex_age_design,3.K6,UKA,NJR 22nd Annual Report 2025_Knees.pdf,59,pdf_text,not_needed,stratum,"All unicondylar, uncemented/hybrid | medial, MBT","All unicondylar, uncemented/hybrid","medial, MBT",unicondylar,uncemented/hybrid,medial,,MBT,Female,65-74,65 to 74,,,,,67,,20,,,,,blank,False,cumulative_revision_km,"Kaplan-Meier (1-KM), percent",0.95,"All primary knee replacements, by sex, age group, fixation, constraint and bearing",
NJR,"England, Wales, Northern Ireland, Isle of Man, Guernsey",2025,to 2024-12-31,knee_casemix_sex_age_design,3.K6,UKA,NJR 22nd Annual Report 2025_Knees.pdf,59,pdf_text,not_needed,stratum,"All unicondylar, uncemented/hybrid | lateral, fixed","All unicondylar, uncemented/hybrid","lateral, fixed",unicondylar,uncemented/hybrid,lateral,,fixed,Male,65-74,65 to 74,,,,,66,,1,0.0,,,,ci_not_estimable,True,cumulative_revision_km,"Kaplan-Meier (1-KM), percent",0.95,"All primary knee replacements, by sex, age group, fixation, constraint and bearing",
NJR,"England, Wales, Northern Ireland, Isle of Man, Guernsey",2025,to 2024-12-31,knee_casemix_sex_age_design,3.K6,UKA,NJR 22nd Annual Report 2025_Knees.pdf,59,pdf_text,not_needed,stratum,"All unicondylar, uncemented/hybrid | lateral, fixed","All unicondylar, uncemented/hybrid","lateral, fixed",unicondylar,uncemented/hybrid,lateral,,fixed,Male,65-74,65 to 74,,,,,66,,3,0.0,,,,ci_not_estimable,True,cumulative_revision_km,"Kaplan-Meier (1-KM), percent",0.95,"All primary knee replacements, by sex, age group, fixation, constraint and bearing",
NJR,"England, Wales, Northern Ireland, Isle of Man, Guernsey",2025,to 2024-12-31,knee_casemix_sex_age_design,3.K6,UKA,NJR 22nd Annual Report 2025_Knees.pdf,59,pdf_text,not_needed,stratum,"All unicondylar, uncemented/hybrid | lateral, fixed","All unicondylar, uncemented/hybrid","lateral, fixed",unicondylar,uncemented/hybrid,lateral,,fixed,Male,65-74,65 to 74,,,,,66,,5,3.7,0.53,23.51,,ok,True,cumulative_revision_km,"Kaplan-Meier (1-KM), percent",0.95,"All primary knee replacements, by sex, age group, fixation, constraint and bearing",
NJR,"England, Wales, Northern Ireland, Isle of Man, Guernsey",2025,to 2024-12-31,knee_casemix_sex_age_design,3.K6,UKA,NJR 22nd Annual Report 2025_Knees.pdf,59,pdf_text,not_needed,stratum,"All unicondylar, uncemented/hybrid | lateral, fixed","All unicondylar, uncemented/hybrid","lateral, fixed",unicondylar,uncemented/hybrid,lateral,,fixed,Male,65-74,65 to 74,,,,,66,,10,,,,,blank,False,cumulative_revision_km,"Kaplan-Meier (1-KM), percent",0.95,"All primary knee replacements, by sex, age group, fixation, constraint and bearing",
NJR,"England, Wales, Northern Ireland, Isle of Man, Guernsey",2025,to 2024-12-31,knee_casemix_sex_age_design,3.K6,UKA,NJR 22nd Annual Report 2025_Knees.pdf,59,pdf_text,not_needed,stratum,"All unicondylar, uncemented/hybrid | lateral, fixed","All unicondylar, uncemented/hybrid","lateral, fixed",unicondylar,uncemented/hybrid,lateral,,fixed,Male,65-74,65 to 74,,,,,66,,15,,,,,blank,False,cumulative_revision_km,"Kaplan-Meier (1-KM), percent",0.95,"All primary knee replacements, by sex, age group, fixation, constraint and bearing",
NJR,"England, Wales, Northern Ireland, Isle of Man, Guernsey",2025,to 2024-12-31,knee_casemix_sex_age_design,3.K6,UKA,NJR 22nd Annual Report 2025_Knees.pdf,59,pdf_text,not_needed,stratum,"All unicondylar, uncemented/hybrid | lateral, fixed","All unicondylar, uncemented/hybrid","lateral, fixed",unicondylar,uncemented/hybrid,lateral,,fixed,Male,65-74,65 to 74,,,,,66,,20,,,,,blank,False,cumulative_revision_km,"Kaplan-Meier (1-KM), percent",0.95,"All primary knee replacements, by sex, age group, fixation, constraint and bearing",
NJR,"England, Wales, Northern Ireland, Isle of Man, Guernsey",2025,to 2024-12-31,knee_casemix_sex_age_design,3.K6,UKA,NJR 22nd Annual Report 2025_Knees.pdf,59,pdf_text,not_needed,stratum,"All unicondylar, uncemented/hybrid | lateral, fixed","All unicondylar, uncemented/hybrid","lateral, fixed",unicondylar,uncemented/hybrid,lateral,,fixed,Female,65-74,65 to 74,,,,,170,,1,0.0,,,,ci_not_estimable,True,cumulative_revision_km,"Kaplan-Meier (1-KM), percent",0.95,"All primary knee replacements, by sex, age group, fixation, constraint and bearing",
NJR,"England, Wales, Northern Ireland, Isle of Man, Guernsey",2025,to 2024-12-31,knee_casemix_sex_age_design,3.K6,UKA,NJR 22nd Annual Report 2025_Knees.pdf,59,pdf_text,not_needed,stratum,"All unicondylar, uncemented/hybrid | lateral, fixed","All unicondylar, uncemented/hybrid","lateral, fixed",unicondylar,uncemented/hybrid,lateral,,fixed,Female,65-74,65 to 74,,,,,170,,3,0.0,,,,ci_not_estimable,True,cumulative_revision_km,"Kaplan-Meier (1-KM), percent",0.95,"All primary knee replacements, by sex, age group, fixation, constraint and bearing",
NJR,"England, Wales, Northern Ireland, Isle of Man, Guernsey",2025,to 2024-12-31,knee_casemix_sex_age_design,3.K6,UKA,NJR 22nd Annual Report 2025_Knees.pdf,59,pdf_text,not_needed,stratum,"All unicondylar, uncemented/hybrid | lateral, fixed","All unicondylar, uncemented/hybrid","lateral, fixed",unicondylar,uncemented/hybrid,lateral,,fixed,Female,65-74,65 to 74,,,,,170,,5,1.37,0.19,9.33,,ok,True,cumulative_revision_km,"Kaplan-Meier (1-KM), percent",0.95,"All primary knee replacements, by sex, age group, fixation, constraint and bearing",
NJR,"England, Wales, Northern Ireland, Isle of Man, Guernsey",2025,to 2024-12-31,knee_casemix_sex_age_design,3.K6,UKA,NJR 22nd Annual Report 2025_Knees.pdf,59,pdf_text,not_needed,stratum,"All unicondylar, uncemented/hybrid | lateral, fixed","All unicondylar, uncemented/hybrid","lateral, fixed",unicondylar,uncemented/hybrid,lateral,,fixed,Female,65-74,65 to 74,,,,,170,,10,,,,,blank,False,cumulative_revision_km,"Kaplan-Meier (1-KM), percent",0.95,"All primary knee replacements, by sex, age group, fixation, constraint and bearing",
NJR,"England, Wales, Northern Ireland, Isle of Man, Guernsey",2025,to 2024-12-31,knee_casemix_sex_age_design,3.K6,UKA,NJR 22nd Annual Report 2025_Knees.pdf,59,pdf_text,not_needed,stratum,"All unicondylar, uncemented/hybrid | lateral, fixed","All unicondylar, uncemented/hybrid","lateral, fixed",unicondylar,uncemented/hybrid,lateral,,fixed,Female,65-74,65 to 74,,,,,170,,15,,,,,blank,False,cumulative_revision_km,"Kaplan-Meier (1-KM), percent",0.95,"All primary knee replacements, by sex, age group, fixation, constraint and bearing",
NJR,"England, Wales, Northern Ireland, Isle of Man, Guernsey",2025,to 2024-12-31,knee_casemix_sex_age_design,3.K6,UKA,NJR 22nd Annual Report 2025_Knees.pdf,59,pdf_text,not_needed,stratum,"All unicondylar, uncemented/hybrid | lateral, fixed","All unicondylar, uncemented/hybrid","lateral, fixed",unicondylar,uncemented/hybrid,lateral,,fixed,Female,65-74,65 to 74,,,,,170,,20,,,,,blank,False,cumulative_revision_km,"Kaplan-Meier (1-KM), percent",0.95,"All primary knee replacements, by sex, age group, fixation, constraint and bearing",
NJR,"England, Wales, Northern Ireland, Isle of Man, Guernsey",2025,to 2024-12-31,knee_casemix_sex_age_design,3.K6,UKA,NJR 22nd Annual Report 2025_Knees.pdf,59,pdf_text,not_needed,stratum,"All unicondylar, uncemented/hybrid | lateral, mobile","All unicondylar, uncemented/hybrid","lateral, mobile",unicondylar,uncemented/hybrid,lateral,,mobile,Male,65-74,65 to 74,,,,,51,,1,1.96,0.28,13.11,,ok,True,cumulative_revision_km,"Kaplan-Meier (1-KM), percent",0.95,"All primary knee replacements, by sex, age group, fixation, constraint and bearing",
NJR,"England, Wales, Northern Ireland, Isle of Man, Guernsey",2025,to 2024-12-31,knee_casemix_sex_age_design,3.K6,UKA,NJR 22nd Annual Report 2025_Knees.pdf,59,pdf_text,not_needed,stratum,"All unicondylar, uncemented/hybrid | lateral, mobile","All unicondylar, uncemented/hybrid","lateral, mobile",unicondylar,uncemented/hybrid,lateral,,mobile,Male,65-74,65 to 74,,,,,51,,3,3.92,1.0,14.78,,ok,True,cumulative_revision_km,"Kaplan-Meier (1-KM), percent",0.95,"All primary knee replacements, by sex, age group, fixation, constraint and bearing",
NJR,"England, Wales, Northern Ireland, Isle of Man, Guernsey",2025,to 2024-12-31,knee_casemix_sex_age_design,3.K6,UKA,NJR 22nd Annual Report 2025_Knees.pdf,59,pdf_text,not_needed,stratum,"All unicondylar, uncemented/hybrid | lateral, mobile","All unicondylar, uncemented/hybrid","lateral, mobile",unicondylar,uncemented/hybrid,lateral,,mobile,Male,65-74,65 to 74,,,,,51,,5,7.92,3.05,19.76,,ok,True,cumulative_revision_km,"Kaplan-Meier (1-KM), percent",0.95,"All primary knee replacements, by sex, age group, fixation, constraint and bearing",
NJR,"England, Wales, Northern Ireland, Isle of Man, Guernsey",2025,to 2024-12-31,knee_casemix_sex_age_design,3.K6,UKA,NJR 22nd Annual Report 2025_Knees.pdf,59,pdf_text,not_needed,stratum,"All unicondylar, uncemented/hybrid | lateral, mobile","All unicondylar, uncemented/hybrid","lateral, mobile",unicondylar,uncemented/hybrid,lateral,,mobile,Male,65-74,65 to 74,,,,,51,,10,14.75,6.39,31.99,,ok,True,cumulative_revision_km,"Kaplan-Meier (1-KM), percent",0.95,"All primary knee replacements, by sex, age group, fixation, constraint and bearing",
NJR,"England, Wales, Northern Ireland, Isle of Man, Guernsey",2025,to 2024-12-31,knee_casemix_sex_age_design,3.K6,UKA,NJR 22nd Annual Report 2025_Knees.pdf,59,pdf_text,not_needed,stratum,"All unicondylar, uncemented/hybrid | lateral, mobile","All unicondylar, uncemented/hybrid","lateral, mobile",unicondylar,uncemented/hybrid,lateral,,mobile,Male,65-74,65 to 74,,,,,51,,15,,,,,blank,False,cumulative_revision_km,"Kaplan-Meier (1-KM), percent",0.95,"All primary knee replacements, by sex, age group, fixation, constraint and bearing",
NJR,"England, Wales, Northern Ireland, Isle of Man, Guernsey",2025,to 2024-12-31,knee_casemix_sex_age_design,3.K6,UKA,NJR 22nd Annual Report 2025_Knees.pdf,59,pdf_text,not_needed,stratum,"All unicondylar, uncemented/hybrid | lateral, mobile","All unicondylar, uncemented/hybrid","lateral, mobile",unicondylar,uncemented/hybrid,lateral,,mobile,Male,65-74,65 to 74,,,,,51,,20,,,,,blank,False,cumulative_revision_km,"Kaplan-Meier (1-KM), percent",0.95,"All primary knee replacements, by sex, age group, fixation, constraint and bearing",
NJR,"England, Wales, Northern Ireland, Isle of Man, Guernsey",2025,to 2024-12-31,knee_casemix_sex_age_design,3.K6,UKA,NJR 22nd Annual Report 2025_Knees.pdf,59,pdf_text,not_needed,stratum,"All unicondylar, uncemented/hybrid | lateral, mobile","All unicondylar, uncemented/hybrid","lateral, mobile",unicondylar,uncemented/hybrid,lateral,,mobile,Female,65-74,65 to 74,,,,,88,,1,3.44,1.12,10.28,,ok,True,cumulative_revision_km,"Kaplan-Meier (1-KM), percent",0.95,"All primary knee replacements, by sex, age group, fixation, constraint and bearing",
NJR,"England, Wales, Northern Ireland, Isle of Man, Guernsey",2025,to 2024-12-31,knee_casemix_sex_age_design,3.K6,UKA,NJR 22nd Annual Report 2025_Knees.pdf,59,pdf_text,not_needed,stratum,"All unicondylar, uncemented/hybrid | lateral, mobile","All unicondylar, uncemented/hybrid","lateral, mobile",unicondylar,uncemented/hybrid,lateral,,mobile,Female,65-74,65 to 74,,,,,88,,3,6.94,3.18,14.8,,ok,True,cumulative_revision_km,"Kaplan-Meier (1-KM), percent",0.95,"All primary knee replacements, by sex, age group, fixation, constraint and bearing",
NJR,"England, Wales, Northern Ireland, Isle of Man, Guernsey",2025,to 2024-12-31,knee_casemix_sex_age_design,3.K6,UKA,NJR 22nd Annual Report 2025_Knees.pdf,59,pdf_text,not_needed,stratum,"All unicondylar, uncemented/hybrid | lateral, mobile","All unicondylar, uncemented/hybrid","lateral, mobile",unicondylar,uncemented/hybrid,lateral,,mobile,Female,65-74,65 to 74,,,,,88,,5,8.12,3.95,16.28,,ok,True,cumulative_revision_km,"Kaplan-Meier (1-KM), percent",0.95,"All primary knee replacements, by sex, age group, fixation, constraint and bearing",
NJR,"England, Wales, Northern Ireland, Isle of Man, Guernsey",2025,to 2024-12-31,knee_casemix_sex_age_design,3.K6,UKA,NJR 22nd Annual Report 2025_Knees.pdf,59,pdf_text,not_needed,stratum,"All unicondylar, uncemented/hybrid | lateral, mobile","All unicondylar, uncemented/hybrid","lateral, mobile",unicondylar,uncemented/hybrid,lateral,,mobile,Female,65-74,65 to 74,,,,,88,,10,14.72,8.57,24.66,,ok,True,cumulative_revision_km,"Kaplan-Meier (1-KM), percent",0.95,"All primary knee replacements, by sex, age group, fixation, constraint and bearing",
NJR,"England, Wales, Northern Ireland, Isle of Man, Guernsey",2025,to 2024-12-31,knee_casemix_sex_age_design,3.K6,UKA,NJR 22nd Annual Report 2025_Knees.pdf,59,pdf_text,not_needed,stratum,"All unicondylar, uncemented/hybrid | lateral, mobile","All unicondylar, uncemented/hybrid","lateral, mobile",unicondylar,uncemented/hybrid,lateral,,mobile,Female,65-74,65 to 74,,,,,88,,15,,,,,blank,False,cumulative_revision_km,"Kaplan-Meier (1-KM), percent",0.95,"All primary knee replacements, by sex, age group, fixation, constraint and bearing",
NJR,"England, Wales, Northern Ireland, Isle of Man, Guernsey",2025,to 2024-12-31,knee_casemix_sex_age_design,3.K6,UKA,NJR 22nd Annual Report 2025_Knees.pdf,59,pdf_text,not_needed,stratum,"All unicondylar, uncemented/hybrid | lateral, mobile","All unicondylar, uncemented/hybrid","lateral, mobile",unicondylar,uncemented/hybrid,lateral,,mobile,Female,65-74,65 to 74,,,,,88,,20,,,,,blank,False,cumulative_revision_km,"Kaplan-Meier (1-KM), percent",0.95,"All primary knee replacements, by sex, age group, fixation, constraint and bearing",
NJR,"England, Wales, Northern Ireland, Isle of Man, Guernsey",2025,to 2024-12-31,knee_casemix_sex_age_design,3.K6,UKA,NJR 22nd Annual Report 2025_Knees.pdf,59,pdf_text,not_needed,stratum,"All unicondylar, uncemented/hybrid | lateral, MBT","All unicondylar, uncemented/hybrid","lateral, MBT",unicondylar,uncemented/hybrid,lateral,,MBT,Male,65-74,65 to 74,,,,,6,,1,,,,,blank,False,cumulative_revision_km,"Kaplan-Meier (1-KM), percent",0.95,"All primary knee replacements, by sex, age group, fixation, constraint and bearing",
NJR,"England, Wales, Northern Ireland, Isle of Man, Guernsey",2025,to 2024-12-31,knee_casemix_sex_age_design,3.K6,UKA,NJR 22nd Annual Report 2025_Knees.pdf,59,pdf_text,not_needed,stratum,"All unicondylar, uncemented/hybrid | lateral, MBT","All unicondylar, uncemented/hybrid","lateral, MBT",unicondylar,uncemented/hybrid,lateral,,MBT,Male,65-74,65 to 74,,,,,6,,3,,,,,blank,False,cumulative_revision_km,"Kaplan-Meier (1-KM), percent",0.95,"All primary knee replacements, by sex, age group, fixation, constraint and bearing",
NJR,"England, Wales, Northern Ireland, Isle of Man, Guernsey",2025,to 2024-12-31,knee_casemix_sex_age_design,3.K6,UKA,NJR 22nd Annual Report 2025_Knees.pdf,59,pdf_text,not_needed,stratum,"All unicondylar, uncemented/hybrid | lateral, MBT","All unicondylar, uncemented/hybrid","lateral, MBT",unicondylar,uncemented/hybrid,lateral,,MBT,Male,65-74,65 to 74,,,,,6,,5,,,,,blank,False,cumulative_revision_km,"Kaplan-Meier (1-KM), percent",0.95,"All primary knee replacements, by sex, age group, fixation, constraint and bearing",
NJR,"England, Wales, Northern Ireland, Isle of Man, Guernsey",2025,to 2024-12-31,knee_casemix_sex_age_design,3.K6,UKA,NJR 22nd Annual Report 2025_Knees.pdf,59,pdf_text,not_needed,stratum,"All unicondylar, uncemented/hybrid | lateral, MBT","All unicondylar, uncemented/hybrid","lateral, MBT",unicondylar,uncemented/hybrid,lateral,,MBT,Male,65-74,65 to 74,,,,,6,,10,,,,,blank,False,cumulative_revision_km,"Kaplan-Meier (1-KM), percent",0.95,"All primary knee replacements, by sex, age group, fixation, constraint and bearing",
NJR,"England, Wales, Northern Ireland, Isle of Man, Guernsey",2025,to 2024-12-31,knee_casemix_sex_age_design,3.K6,UKA,NJR 22nd Annual Report 2025_Knees.pdf,59,pdf_text,not_needed,stratum,"All unicondylar, uncemented/hybrid | lateral, MBT","All unicondylar, uncemented/hybrid","lateral, MBT",unicondylar,uncemented/hybrid,lateral,,MBT,Male,65-74,65 to 74,,,,,6,,15,,,,,blank,False,cumulative_revision_km,"Kaplan-Meier (1-KM), percent",0.95,"All primary knee replacements, by sex, age group, fixation, constraint and bearing",
NJR,"England, Wales, Northern Ireland, Isle of Man, Guernsey",2025,to 2024-12-31,knee_casemix_sex_age_design,3.K6,UKA,NJR 22nd Annual Report 2025_Knees.pdf,59,pdf_text,not_needed,stratum,"All unicondylar, uncemented/hybrid | lateral, MBT","All unicondylar, uncemented/hybrid","lateral, MBT",unicondylar,uncemented/hybrid,lateral,,MBT,Male,65-74,65 to 74,,,,,6,,20,,,,,blank,False,cumulative_revision_km,"Kaplan-Meier (1-KM), percent",0.95,"All primary knee replacements, by sex, age group, fixation, constraint and bearing",
NJR,"England, Wales, Northern Ireland, Isle of Man, Guernsey",2025,to 2024-12-31,knee_casemix_sex_age_design,3.K6,UKA,NJR 22nd Annual Report 2025_Knees.pdf,59,pdf_text,not_needed,stratum,"All unicondylar, uncemented/hybrid | lateral, MBT","All unicondylar, uncemented/hybrid","lateral, MBT",unicondylar,uncemented/hybrid,lateral,,MBT,Female,65-74,65 to 74,,,,,19,,1,,,,,blank,False,cumulative_revision_km,"Kaplan-Meier (1-KM), percent",0.95,"All primary knee replacements, by sex, age group, fixation, constraint and bearing",
NJR,"England, Wales, Northern Ireland, Isle of Man, Guernsey",2025,to 2024-12-31,knee_casemix_sex_age_design,3.K6,UKA,NJR 22nd Annual Report 2025_Knees.pdf,59,pdf_text,not_needed,stratum,"All unicondylar, uncemented/hybrid | lateral, MBT","All unicondylar, uncemented/hybrid","lateral, MBT",unicondylar,uncemented/hybrid,lateral,,MBT,Female,65-74,65 to 74,,,,,19,,3,,,,,blank,False,cumulative_revision_km,"Kaplan-Meier (1-KM), percent",0.95,"All primary knee replacements, by sex, age group, fixation, constraint and bearing",
NJR,"England, Wales, Northern Ireland, Isle of Man, Guernsey",2025,to 2024-12-31,knee_casemix_sex_age_design,3.K6,UKA,NJR 22nd Annual Report 2025_Knees.pdf,59,pdf_text,not_needed,stratum,"All unicondylar, uncemented/hybrid | lateral, MBT","All unicondylar, uncemented/hybrid","lateral, MBT",unicondylar,uncemented/hybrid,lateral,,MBT,Female,65-74,65 to 74,,,,,19,,5,,,,,blank,False,cumulative_revision_km,"Kaplan-Meier (1-KM), percent",0.95,"All primary knee replacements, by sex, age group, fixation, constraint and bearing",
NJR,"England, Wales, Northern Ireland, Isle of Man, Guernsey",2025,to 2024-12-31,knee_casemix_sex_age_design,3.K6,UKA,NJR 22nd Annual Report 2025_Knees.pdf,59,pdf_text,not_needed,stratum,"All unicondylar, uncemented/hybrid | lateral, MBT","All unicondylar, uncemented/hybrid","lateral, MBT",unicondylar,uncemented/hybrid,lateral,,MBT,Female,65-74,65 to 74,,,,,19,,10,5.56,0.8,33.36,,ok,True,cumulative_revision_km,"Kaplan-Meier (1-KM), percent",0.95,"All primary knee replacements, by sex, age group, fixation, constraint and bearing",
NJR,"England, Wales, Northern Ireland, Isle of Man, Guernsey",2025,to 2024-12-31,knee_casemix_sex_age_design,3.K6,UKA,NJR 22nd Annual Report 2025_Knees.pdf,59,pdf_text,not_needed,stratum,"All unicondylar, uncemented/hybrid | lateral, MBT","All unicondylar, uncemented/hybrid","lateral, MBT",unicondylar,uncemented/hybrid,lateral,,MBT,Female,65-74,65 to 74,,,,,19,,15,,,,,blank,False,cumulative_revision_km,"Kaplan-Meier (1-KM), percent",0.95,"All primary knee replacements, by sex, age group, fixation, constraint and bearing",
NJR,"England, Wales, Northern Ireland, Isle of Man, Guernsey",2025,to 2024-12-31,knee_casemix_sex_age_design,3.K6,UKA,NJR 22nd Annual Report 2025_Knees.pdf,59,pdf_text,not_needed,stratum,"All unicondylar, uncemented/hybrid | lateral, MBT","All unicondylar, uncemented/hybrid","lateral, MBT",unicondylar,uncemented/hybrid,lateral,,MBT,Female,65-74,65 to 74,,,,,19,,20,,,,,blank,False,cumulative_revision_km,"Kaplan-Meier (1-KM), percent",0.95,"All primary knee replacements, by sex, age group, fixation, constraint and bearing",
NJR,"England, Wales, Northern Ireland, Isle of Man, Guernsey",2025,to 2024-12-31,knee_casemix_sex_age_design,3.K6,UKA,NJR 22nd Annual Report 2025_Knees.pdf,60,pdf_text,not_needed,group,"All unicondylar, cemented","All unicondylar, cemented",,unicondylar,cemented,,,,Male,>=75,≥75,,,,,12101,,1,0.66,0.52,0.82,,ok,False,cumulative_revision_km,"Kaplan-Meier (1-KM), percent",0.95,"All primary knee replacements, by sex, age group, fixation, constraint and bearing",
NJR,"England, Wales, Northern Ireland, Isle of Man, Guernsey",2025,to 2024-12-31,knee_casemix_sex_age_design,3.K6,UKA,NJR 22nd Annual Report 2025_Knees.pdf,60,pdf_text,not_needed,group,"All unicondylar, cemented","All unicondylar, cemented",,unicondylar,cemented,,,,Male,>=75,≥75,,,,,12101,,3,1.72,1.48,2.0,,ok,False,cumulative_revision_km,"Kaplan-Meier (1-KM), percent",0.95,"All primary knee replacements, by sex, age group, fixation, constraint and bearing",
NJR,"England, Wales, Northern Ireland, Isle of Man, Guernsey",2025,to 2024-12-31,knee_casemix_sex_age_design,3.K6,UKA,NJR 22nd Annual Report 2025_Knees.pdf,60,pdf_text,not_needed,group,"All unicondylar, cemented","All unicondylar, cemented",,unicondylar,cemented,,,,Male,>=75,≥75,,,,,12101,,5,2.43,2.12,2.78,,ok,False,cumulative_revision_km,"Kaplan-Meier (1-KM), percent",0.95,"All primary knee replacements, by sex, age group, fixation, constraint and bearing",
NJR,"England, Wales, Northern Ireland, Isle of Man, Guernsey",2025,to 2024-12-31,knee_casemix_sex_age_design,3.K6,UKA,NJR 22nd Annual Report 2025_Knees.pdf,60,pdf_text,not_needed,group,"All unicondylar, cemented","All unicondylar, cemented",,unicondylar,cemented,,,,Male,>=75,≥75,,,,,12101,,10,4.52,3.99,5.12,,ok,False,cumulative_revision_km,"Kaplan-Meier (1-KM), percent",0.95,"All primary knee replacements, by sex, age group, fixation, constraint and bearing",
NJR,"England, Wales, Northern Ireland, Isle of Man, Guernsey",2025,to 2024-12-31,knee_casemix_sex_age_design,3.K6,UKA,NJR 22nd Annual Report 2025_Knees.pdf,60,pdf_text,not_needed,group,"All unicondylar, cemented","All unicondylar, cemented",,unicondylar,cemented,,,,Male,>=75,≥75,,,,,12101,,15,6.11,5.2,7.16,,ok,False,cumulative_revision_km,"Kaplan-Meier (1-KM), percent",0.95,"All primary knee replacements, by sex, age group, fixation, constraint and bearing",
NJR,"England, Wales, Northern Ireland, Isle of Man, Guernsey",2025,to 2024-12-31,knee_casemix_sex_age_design,3.K6,UKA,NJR 22nd Annual Report 2025_Knees.pdf,60,pdf_text,not_needed,group,"All unicondylar, cemented","All unicondylar, cemented",,unicondylar,cemented,,,,Male,>=75,≥75,,,,,12101,,20,6.93,5.51,8.69,,ok,True,cumulative_revision_km,"Kaplan-Meier (1-KM), percent",0.95,"All primary knee replacements, by sex, age group, fixation, constraint and bearing",
NJR,"England, Wales, Northern Ireland, Isle of Man, Guernsey",2025,to 2024-12-31,knee_casemix_sex_age_design,3.K6,UKA,NJR 22nd Annual Report 2025_Knees.pdf,60,pdf_text,not_needed,group,"All unicondylar, cemented","All unicondylar, cemented",,unicondylar,cemented,,,,Female,>=75,≥75,,,,,10283,,1,0.91,0.73,1.12,,ok,False,cumulative_revision_km,"Kaplan-Meier (1-KM), percent",0.95,"All primary knee replacements, by sex, age group, fixation, constraint and bearing",
NJR,"England, Wales, Northern Ireland, Isle of Man, Guernsey",2025,to 2024-12-31,knee_casemix_sex_age_design,3.K6,UKA,NJR 22nd Annual Report 2025_Knees.pdf,60,pdf_text,not_needed,group,"All unicondylar, cemented","All unicondylar, cemented",,unicondylar,cemented,,,,Female,>=75,≥75,,,,,10283,,3,2.7,2.37,3.07,,ok,False,cumulative_revision_km,"Kaplan-Meier (1-KM), percent",0.95,"All primary knee replacements, by sex, age group, fixation, constraint and bearing",
NJR,"England, Wales, Northern Ireland, Isle of Man, Guernsey",2025,to 2024-12-31,knee_casemix_sex_age_design,3.K6,UKA,NJR 22nd Annual Report 2025_Knees.pdf,60,pdf_text,not_needed,group,"All unicondylar, cemented","All unicondylar, cemented",,unicondylar,cemented,,,,Female,>=75,≥75,,,,,10283,,5,4.09,3.67,4.56,,ok,False,cumulative_revision_km,"Kaplan-Meier (1-KM), percent",0.95,"All primary knee replacements, by sex, age group, fixation, constraint and bearing",
NJR,"England, Wales, Northern Ireland, Isle of Man, Guernsey",2025,to 2024-12-31,knee_casemix_sex_age_design,3.K6,UKA,NJR 22nd Annual Report 2025_Knees.pdf,60,pdf_text,not_needed,group,"All unicondylar, cemented","All unicondylar, cemented",,unicondylar,cemented,,,,Female,>=75,≥75,,,,,10283,,10,6.94,6.29,7.64,,ok,False,cumulative_revision_km,"Kaplan-Meier (1-KM), percent",0.95,"All primary knee replacements, by sex, age group, fixation, constraint and bearing",
NJR,"England, Wales, Northern Ireland, Isle of Man, Guernsey",2025,to 2024-12-31,knee_casemix_sex_age_design,3.K6,UKA,NJR 22nd Annual Report 2025_Knees.pdf,60,pdf_text,not_needed,group,"All unicondylar, cemented","All unicondylar, cemented",,unicondylar,cemented,,,,Female,>=75,≥75,,,,,10283,,15,8.93,8.02,9.95,,ok,False,cumulative_revision_km,"Kaplan-Meier (1-KM), percent",0.95,"All primary knee replacements, by sex, age group, fixation, constraint and bearing",
NJR,"England, Wales, Northern Ireland, Isle of Man, Guernsey",2025,to 2024-12-31,knee_casemix_sex_age_design,3.K6,UKA,NJR 22nd Annual Report 2025_Knees.pdf,60,pdf_text,not_needed,group,"All unicondylar, cemented","All unicondylar, cemented",,unicondylar,cemented,,,,Female,>=75,≥75,,,,,10283,,20,9.55,8.43,10.82,,ok,True,cumulative_revision_km,"Kaplan-Meier (1-KM), percent",0.95,"All primary knee replacements, by sex, age group, fixation, constraint and bearing",
NJR,"England, Wales, Northern Ireland, Isle of Man, Guernsey",2025,to 2024-12-31,knee_casemix_sex_age_design,3.K6,UKA,NJR 22nd Annual Report 2025_Knees.pdf,60,pdf_text,not_needed,stratum,"All unicondylar, cemented | medial, fixed","All unicondylar, cemented","medial, fixed",unicondylar,cemented,medial,,fixed,Male,>=75,≥75,,,,,7295,,1,0.43,0.3,0.63,,ok,False,cumulative_revision_km,"Kaplan-Meier (1-KM), percent",0.95,"All primary knee replacements, by sex, age group, fixation, constraint and bearing",
NJR,"England, Wales, Northern Ireland, Isle of Man, Guernsey",2025,to 2024-12-31,knee_casemix_sex_age_design,3.K6,UKA,NJR 22nd Annual Report 2025_Knees.pdf,60,pdf_text,not_needed,stratum,"All unicondylar, cemented | medial, fixed","All unicondylar, cemented","medial, fixed",unicondylar,cemented,medial,,fixed,Male,>=75,≥75,,,,,7295,,3,1.0,0.77,1.31,,ok,False,cumulative_revision_km,"Kaplan-Meier (1-KM), percent",0.95,"All primary knee replacements, by sex, age group, fixation, constraint and bearing",
NJR,"England, Wales, Northern Ireland, Isle of Man, Guernsey",2025,to 2024-12-31,knee_casemix_sex_age_design,3.K6,UKA,NJR 22nd Annual Report 2025_Knees.pdf,60,pdf_text,not_needed,stratum,"All unicondylar, cemented | medial, fixed","All unicondylar, cemented","medial, fixed",unicondylar,cemented,medial,,fixed,Male,>=75,≥75,,,,,7295,,5,1.33,1.03,1.72,,ok,False,cumulative_revision_km,"Kaplan-Meier (1-KM), percent",0.95,"All primary knee replacements, by sex, age group, fixation, constraint and bearing",
NJR,"England, Wales, Northern Ireland, Isle of Man, Guernsey",2025,to 2024-12-31,knee_casemix_sex_age_design,3.K6,UKA,NJR 22nd Annual Report 2025_Knees.pdf,60,pdf_text,not_needed,stratum,"All unicondylar, cemented | medial, fixed","All unicondylar, cemented","medial, fixed",unicondylar,cemented,medial,,fixed,Male,>=75,≥75,,,,,7295,,10,2.93,2.15,3.97,,ok,False,cumulative_revision_km,"Kaplan-Meier (1-KM), percent",0.95,"All primary knee replacements, by sex, age group, fixation, constraint and bearing",
NJR,"England, Wales, Northern Ireland, Isle of Man, Guernsey",2025,to 2024-12-31,knee_casemix_sex_age_design,3.K6,UKA,NJR 22nd Annual Report 2025_Knees.pdf,60,pdf_text,not_needed,stratum,"All unicondylar, cemented | medial, fixed","All unicondylar, cemented","medial, fixed",unicondylar,cemented,medial,,fixed,Male,>=75,≥75,,,,,7295,,15,4.14,2.77,6.15,,ok,True,cumulative_revision_km,"Kaplan-Meier (1-KM), percent",0.95,"All primary knee replacements, by sex, age group, fixation, constraint and bearing",
NJR,"England, Wales, Northern Ireland, Isle of Man, Guernsey",2025,to 2024-12-31,knee_casemix_sex_age_design,3.K6,UKA,NJR 22nd Annual Report 2025_Knees.pdf,60,pdf_text,not_needed,stratum,"All unicondylar, cemented | medial, fixed","All unicondylar, cemented","medial, fixed",unicondylar,cemented,medial,,fixed,Male,>=75,≥75,,,,,7295,,20,,,,,blank,False,cumulative_revision_km,"Kaplan-Meier (1-KM), percent",0.95,"All primary knee replacements, by sex, age group, fixation, constraint and bearing",
NJR,"England, Wales, Northern Ireland, Isle of Man, Guernsey",2025,to 2024-12-31,knee_casemix_sex_age_design,3.K6,UKA,NJR 22nd Annual Report 2025_Knees.pdf,60,pdf_text,not_needed,stratum,"All unicondylar, cemented | medial, fixed","All unicondylar, cemented","medial, fixed",unicondylar,cemented,medial,,fixed,Female,>=75,≥75,,,,,5323,,1,0.58,0.4,0.85,,ok,False,cumulative_revision_km,"Kaplan-Meier (1-KM), percent",0.95,"All primary knee replacements, by sex, age group, fixation, constraint and bearing",
NJR,"England, Wales, Northern Ireland, Isle of Man, Guernsey",2025,to 2024-12-31,knee_casemix_sex_age_design,3.K6,UKA,NJR 22nd Annual Report 2025_Knees.pdf,60,pdf_text,not_needed,stratum,"All unicondylar, cemented | medial, fixed","All unicondylar, cemented","medial, fixed",unicondylar,cemented,medial,,fixed,Female,>=75,≥75,,,,,5323,,3,1.94,1.54,2.45,,ok,False,cumulative_revision_km,"Kaplan-Meier (1-KM), percent",0.95,"All primary knee replacements, by sex, age group, fixation, constraint and bearing",
NJR,"England, Wales, Northern Ireland, Isle of Man, Guernsey",2025,to 2024-12-31,knee_casemix_sex_age_design,3.K6,UKA,NJR 22nd Annual Report 2025_Knees.pdf,60,pdf_text,not_needed,stratum,"All unicondylar, cemented | medial, fixed","All unicondylar, cemented","medial, fixed",unicondylar,cemented,medial,,fixed,Female,>=75,≥75,,,,,5323,,5,2.84,2.3,3.5,,ok,False,cumulative_revision_km,"Kaplan-Meier (1-KM), percent",0.95,"All primary knee replacements, by sex, age group, fixation, constraint and bearing",
NJR,"England, Wales, Northern Ireland, Isle of Man, Guernsey",2025,to 2024-12-31,knee_casemix_sex_age_design,3.K6,UKA,NJR 22nd Annual Report 2025_Knees.pdf,60,pdf_text,not_needed,stratum,"All unicondylar, cemented | medial, fixed","All unicondylar, cemented","medial, fixed",unicondylar,cemented,medial,,fixed,Female,>=75,≥75,,,,,5323,,10,4.31,3.42,5.43,,ok,False,cumulative_revision_km,"Kaplan-Meier (1-KM), percent",0.95,"All primary knee replacements, by sex, age group, fixation, constraint and bearing",
NJR,"England, Wales, Northern Ireland, Isle of Man, Guernsey",2025,to 2024-12-31,knee_casemix_sex_age_design,3.K6,UKA,NJR 22nd Annual Report 2025_Knees.pdf,60,pdf_text,not_needed,stratum,"All unicondylar, cemented | medial, fixed","All unicondylar, cemented","medial, fixed",unicondylar,cemented,medial,,fixed,Female,>=75,≥75,,,,,5323,,15,5.86,4.24,8.08,,ok,True,cumulative_revision_km,"Kaplan-Meier (1-KM), percent",0.95,"All primary knee replacements, by sex, age group, fixation, constraint and bearing",
NJR,"England, Wales, Northern Ireland, Isle of Man, Guernsey",2025,to 2024-12-31,knee_casemix_sex_age_design,3.K6,UKA,NJR 22nd Annual Report 2025_Knees.pdf,60,pdf_text,not_needed,stratum,"All unicondylar, cemented | medial, fixed","All unicondylar, cemented","medial, fixed",unicondylar,cemented,medial,,fixed,Female,>=75,≥75,,,,,5323,,20,,,,,blank,False,cumulative_revision_km,"Kaplan-Meier (1-KM), percent",0.95,"All primary knee replacements, by sex, age group, fixation, constraint and bearing",
NJR,"England, Wales, Northern Ireland, Isle of Man, Guernsey",2025,to 2024-12-31,knee_casemix_sex_age_design,3.K6,UKA,NJR 22nd Annual Report 2025_Knees.pdf,61,pdf_text,not_needed,stratum,"All unicondylar, cemented | medial, mobile","All unicondylar, cemented","medial, mobile",unicondylar,cemented,medial,,mobile,Male,>=75,≥75,,,,,3897,,1,1.02,0.74,1.39,,ok,False,cumulative_revision_km,"Kaplan-Meier (1-KM), percent",0.95,"All primary knee replacements, by sex, age group, fixation, constraint and bearing",
NJR,"England, Wales, Northern Ireland, Isle of Man, Guernsey",2025,to 2024-12-31,knee_casemix_sex_age_design,3.K6,UKA,NJR 22nd Annual Report 2025_Knees.pdf,61,pdf_text,not_needed,stratum,"All unicondylar, cemented | medial, mobile","All unicondylar, cemented","medial, mobile",unicondylar,cemented,medial,,mobile,Male,>=75,≥75,,,,,3897,,3,2.61,2.15,3.18,,ok,False,cumulative_revision_km,"Kaplan-Meier (1-KM), percent",0.95,"All primary knee replacements, by sex, age group, fixation, constraint and bearing",
NJR,"England, Wales, Northern Ireland, Isle of Man, Guernsey",2025,to 2024-12-31,knee_casemix_sex_age_design,3.K6,UKA,NJR 22nd Annual Report 2025_Knees.pdf,61,pdf_text,not_needed,stratum,"All unicondylar, cemented | medial, mobile","All unicondylar, cemented","medial, mobile",unicondylar,cemented,medial,,mobile,Male,>=75,≥75,,,,,3897,,5,3.46,2.91,4.11,,ok,False,cumulative_revision_km,"Kaplan-Meier (1-KM), percent",0.95,"All primary knee replacements, by sex, age group, fixation, constraint and bearing",
NJR,"England, Wales, Northern Ireland, Isle of Man, Guernsey",2025,to 2024-12-31,knee_casemix_sex_age_design,3.K6,UKA,NJR 22nd Annual Report 2025_Knees.pdf,61,pdf_text,not_needed,stratum,"All unicondylar, cemented | medial, mobile","All unicondylar, cemented","medial, mobile",unicondylar,cemented,medial,,mobile,Male,>=75,≥75,,,,,3897,,10,5.75,4.96,6.65,,ok,False,cumulative_revision_km,"Kaplan-Meier (1-KM), percent",0.95,"All primary knee replacements, by sex, age group, fixation, constraint and bearing",
NJR,"England, Wales, Northern Ireland, Isle of Man, Guernsey",2025,to 2024-12-31,knee_casemix_sex_age_design,3.K6,UKA,NJR 22nd Annual Report 2025_Knees.pdf,61,pdf_text,not_needed,stratum,"All unicondylar, cemented | medial, mobile","All unicondylar, cemented","medial, mobile",unicondylar,cemented,medial,,mobile,Male,>=75,≥75,,,,,3897,,15,7.45,6.28,8.83,,ok,False,cumulative_revision_km,"Kaplan-Meier (1-KM), percent",0.95,"All primary knee replacements, by sex, age group, fixation, constraint and bearing",
NJR,"England, Wales, Northern Ireland, Isle of Man, Guernsey",2025,to 2024-12-31,knee_casemix_sex_age_design,3.K6,UKA,NJR 22nd Annual Report 2025_Knees.pdf,61,pdf_text,not_needed,stratum,"All unicondylar, cemented | medial, mobile","All unicondylar, cemented","medial, mobile",unicondylar,cemented,medial,,mobile,Male,>=75,≥75,,,,,3897,,20,8.46,6.69,10.67,,ok,True,cumulative_revision_km,"Kaplan-Meier (1-KM), percent",0.95,"All primary knee replacements, by sex, age group, fixation, constraint and bearing",
NJR,"England, Wales, Northern Ireland, Isle of Man, Guernsey",2025,to 2024-12-31,knee_casemix_sex_age_design,3.K6,UKA,NJR 22nd Annual Report 2025_Knees.pdf,61,pdf_text,not_needed,stratum,"All unicondylar, cemented | medial, mobile","All unicondylar, cemented","medial, mobile",unicondylar,cemented,medial,,mobile,Female,>=75,≥75,,,,,3633,,1,1.22,0.91,1.64,,ok,False,cumulative_revision_km,"Kaplan-Meier (1-KM), percent",0.95,"All primary knee replacements, by sex, age group, fixation, constraint and bearing",
NJR,"England, Wales, Northern Ireland, Isle of Man, Guernsey",2025,to 2024-12-31,knee_casemix_sex_age_design,3.K6,UKA,NJR 22nd Annual Report 2025_Knees.pdf,61,pdf_text,not_needed,stratum,"All unicondylar, cemented | medial, mobile","All unicondylar, cemented","medial, mobile",unicondylar,cemented,medial,,mobile,Female,>=75,≥75,,,,,3633,,3,3.54,2.98,4.2,,ok,False,cumulative_revision_km,"Kaplan-Meier (1-KM), percent",0.95,"All primary knee replacements, by sex, age group, fixation, constraint and bearing",
NJR,"England, Wales, Northern Ireland, Isle of Man, Guernsey",2025,to 2024-12-31,knee_casemix_sex_age_design,3.K6,UKA,NJR 22nd Annual Report 2025_Knees.pdf,61,pdf_text,not_needed,stratum,"All unicondylar, cemented | medial, mobile","All unicondylar, cemented","medial, mobile",unicondylar,cemented,medial,,mobile,Female,>=75,≥75,,,,,3633,,5,5.28,4.58,6.08,,ok,False,cumulative_revision_km,"Kaplan-Meier (1-KM), percent",0.95,"All primary knee replacements, by sex, age group, fixation, constraint and bearing",
NJR,"England, Wales, Northern Ireland, Isle of Man, Guernsey",2025,to 2024-12-31,knee_casemix_sex_age_design,3.K6,UKA,NJR 22nd Annual Report 2025_Knees.pdf,61,pdf_text,not_needed,stratum,"All unicondylar, cemented | medial, mobile","All unicondylar, cemented","medial, mobile",unicondylar,cemented,medial,,mobile,Female,>=75,≥75,,,,,3633,,10,8.69,7.74,9.76,,ok,False,cumulative_revision_km,"Kaplan-Meier (1-KM), percent",0.95,"All primary knee replacements, by sex, age group, fixation, constraint and bearing",
NJR,"England, Wales, Northern Ireland, Isle of Man, Guernsey",2025,to 2024-12-31,knee_casemix_sex_age_design,3.K6,UKA,NJR 22nd Annual Report 2025_Knees.pdf,61,pdf_text,not_needed,stratum,"All unicondylar, cemented | medial, mobile","All unicondylar, cemented","medial, mobile",unicondylar,cemented,medial,,mobile,Female,>=75,≥75,,,,,3633,,15,11.09,9.82,12.5,,ok,False,cumulative_revision_km,"Kaplan-Meier (1-KM), percent",0.95,"All primary knee replacements, by sex, age group, fixation, constraint and bearing",
NJR,"England, Wales, Northern Ireland, Isle of Man, Guernsey",2025,to 2024-12-31,knee_casemix_sex_age_design,3.K6,UKA,NJR 22nd Annual Report 2025_Knees.pdf,61,pdf_text,not_needed,stratum,"All unicondylar, cemented | medial, mobile","All unicondylar, cemented","medial, mobile",unicondylar,cemented,medial,,mobile,Female,>=75,≥75,,,,,3633,,20,11.89,10.37,13.61,,ok,True,cumulative_revision_km,"Kaplan-Meier (1-KM), percent",0.95,"All primary knee replacements, by sex, age group, fixation, constraint and bearing",
NJR,"England, Wales, Northern Ireland, Isle of Man, Guernsey",2025,to 2024-12-31,knee_casemix_sex_age_design,3.K6,UKA,NJR 22nd Annual Report 2025_Knees.pdf,61,pdf_text,not_needed,stratum,"All unicondylar, cemented | medial, MBT","All unicondylar, cemented","medial, MBT",unicondylar,cemented,medial,,MBT,Male,>=75,≥75,,,,,599,,1,0.0,,,,ci_not_estimable,False,cumulative_revision_km,"Kaplan-Meier (1-KM), percent",0.95,"All primary knee replacements, by sex, age group, fixation, constraint and bearing",
NJR,"England, Wales, Northern Ireland, Isle of Man, Guernsey",2025,to 2024-12-31,knee_casemix_sex_age_design,3.K6,UKA,NJR 22nd Annual Report 2025_Knees.pdf,61,pdf_text,not_needed,stratum,"All unicondylar, cemented | medial, MBT","All unicondylar, cemented","medial, MBT",unicondylar,cemented,medial,,MBT,Male,>=75,≥75,,,,,599,,3,0.94,0.39,2.24,,ok,False,cumulative_revision_km,"Kaplan-Meier (1-KM), percent",0.95,"All primary knee replacements, by sex, age group, fixation, constraint and bearing",
NJR,"England, Wales, Northern Ireland, Isle of Man, Guernsey",2025,to 2024-12-31,knee_casemix_sex_age_design,3.K6,UKA,NJR 22nd Annual Report 2025_Knees.pdf,61,pdf_text,not_needed,stratum,"All unicondylar, cemented | medial, MBT","All unicondylar, cemented","medial, MBT",unicondylar,cemented,medial,,MBT,Male,>=75,≥75,,,,,599,,5,2.55,1.45,4.46,,ok,False,cumulative_revision_km,"Kaplan-Meier (1-KM), percent",0.95,"All primary knee replacements, by sex, age group, fixation, constraint and bearing",
NJR,"England, Wales, Northern Ireland, Isle of Man, Guernsey",2025,to 2024-12-31,knee_casemix_sex_age_design,3.K6,UKA,NJR 22nd Annual Report 2025_Knees.pdf,61,pdf_text,not_needed,stratum,"All unicondylar, cemented | medial, MBT","All unicondylar, cemented","medial, MBT",unicondylar,cemented,medial,,MBT,Male,>=75,≥75,,,,,599,,10,5.54,3.57,8.55,,ok,True,cumulative_revision_km,"Kaplan-Meier (1-KM), percent",0.95,"All primary knee replacements, by sex, age group, fixation, constraint and bearing",
NJR,"England, Wales, Northern Ireland, Isle of Man, Guernsey",2025,to 2024-12-31,knee_casemix_sex_age_design,3.K6,UKA,NJR 22nd Annual Report 2025_Knees.pdf,61,pdf_text,not_needed,stratum,"All unicondylar, cemented | medial, MBT","All unicondylar, cemented","medial, MBT",unicondylar,cemented,medial,,MBT,Male,>=75,≥75,,,,,599,,15,5.54,3.57,8.55,,ok,True,cumulative_revision_km,"Kaplan-Meier (1-KM), percent",0.95,"All primary knee replacements, by sex, age group, fixation, constraint and bearing",
NJR,"England, Wales, Northern Ireland, Isle of Man, Guernsey",2025,to 2024-12-31,knee_casemix_sex_age_design,3.K6,UKA,NJR 22nd Annual Report 2025_Knees.pdf,61,pdf_text,not_needed,stratum,"All unicondylar, cemented | medial, MBT","All unicondylar, cemented","medial, MBT",unicondylar,cemented,medial,,MBT,Male,>=75,≥75,,,,,599,,20,,,,,blank,False,cumulative_revision_km,"Kaplan-Meier (1-KM), percent",0.95,"All primary knee replacements, by sex, age group, fixation, constraint and bearing",
NJR,"England, Wales, Northern Ireland, Isle of Man, Guernsey",2025,to 2024-12-31,knee_casemix_sex_age_design,3.K6,UKA,NJR 22nd Annual Report 2025_Knees.pdf,61,pdf_text,not_needed,stratum,"All unicondylar, cemented | medial, MBT","All unicondylar, cemented","medial, MBT",unicondylar,cemented,medial,,MBT,Female,>=75,≥75,,,,,495,,1,1.04,0.43,2.47,,ok,False,cumulative_revision_km,"Kaplan-Meier (1-KM), percent",0.95,"All primary knee replacements, by sex, age group, fixation, constraint and bearing",
NJR,"England, Wales, Northern Ireland, Isle of Man, Guernsey",2025,to 2024-12-31,knee_casemix_sex_age_design,3.K6,UKA,NJR 22nd Annual Report 2025_Knees.pdf,61,pdf_text,not_needed,stratum,"All unicondylar, cemented | medial, MBT","All unicondylar, cemented","medial, MBT",unicondylar,cemented,medial,,MBT,Female,>=75,≥75,,,,,495,,3,2.45,1.36,4.38,,ok,False,cumulative_revision_km,"Kaplan-Meier (1-KM), percent",0.95,"All primary knee replacements, by sex, age group, fixation, constraint and bearing",
NJR,"England, Wales, Northern Ireland, Isle of Man, Guernsey",2025,to 2024-12-31,knee_casemix_sex_age_design,3.K6,UKA,NJR 22nd Annual Report 2025_Knees.pdf,61,pdf_text,not_needed,stratum,"All unicondylar, cemented | medial, MBT","All unicondylar, cemented","medial, MBT",unicondylar,cemented,medial,,MBT,Female,>=75,≥75,,,,,495,,5,3.73,2.3,6.04,,ok,False,cumulative_revision_km,"Kaplan-Meier (1-KM), percent",0.95,"All primary knee replacements, by sex, age group, fixation, constraint and bearing",
NJR,"England, Wales, Northern Ireland, Isle of Man, Guernsey",2025,to 2024-12-31,knee_casemix_sex_age_design,3.K6,UKA,NJR 22nd Annual Report 2025_Knees.pdf,61,pdf_text,not_needed,stratum,"All unicondylar, cemented | medial, MBT","All unicondylar, cemented","medial, MBT",unicondylar,cemented,medial,,MBT,Female,>=75,≥75,,,,,495,,10,5.96,3.97,8.91,,ok,True,cumulative_revision_km,"Kaplan-Meier (1-KM), percent",0.95,"All primary knee replacements, by sex, age group, fixation, constraint and bearing",
NJR,"England, Wales, Northern Ireland, Isle of Man, Guernsey",2025,to 2024-12-31,knee_casemix_sex_age_design,3.K6,UKA,NJR 22nd Annual Report 2025_Knees.pdf,61,pdf_text,not_needed,stratum,"All unicondylar, cemented | medial, MBT","All unicondylar, cemented","medial, MBT",unicondylar,cemented,medial,,MBT,Female,>=75,≥75,,,,,495,,15,5.96,3.97,8.91,,ok,True,cumulative_revision_km,"Kaplan-Meier (1-KM), percent",0.95,"All primary knee replacements, by sex, age group, fixation, constraint and bearing",
NJR,"England, Wales, Northern Ireland, Isle of Man, Guernsey",2025,to 2024-12-31,knee_casemix_sex_age_design,3.K6,UKA,NJR 22nd Annual Report 2025_Knees.pdf,61,pdf_text,not_needed,stratum,"All unicondylar, cemented | medial, MBT","All unicondylar, cemented","medial, MBT",unicondylar,cemented,medial,,MBT,Female,>=75,≥75,,,,,495,,20,,,,,blank,False,cumulative_revision_km,"Kaplan-Meier (1-KM), percent",0.95,"All primary knee replacements, by sex, age group, fixation, constraint and bearing",
NJR,"England, Wales, Northern Ireland, Isle of Man, Guernsey",2025,to 2024-12-31,knee_casemix_sex_age_design,3.K6,UKA,NJR 22nd Annual Report 2025_Knees.pdf,61,pdf_text,not_needed,stratum,"All unicondylar, cemented | lateral, fixed","All unicondylar, cemented","lateral, fixed",unicondylar,cemented,lateral,,fixed,Male,>=75,≥75,,,,,231,,1,1.38,0.45,4.21,,ok,True,cumulative_revision_km,"Kaplan-Meier (1-KM), percent",0.95,"All primary knee replacements, by sex, age group, fixation, constraint and bearing",
NJR,"England, Wales, Northern Ireland, Isle of Man, Guernsey",2025,to 2024-12-31,knee_casemix_sex_age_design,3.K6,UKA,NJR 22nd Annual Report 2025_Knees.pdf,61,pdf_text,not_needed,stratum,"All unicondylar, cemented | lateral, fixed","All unicondylar, cemented","lateral, fixed",unicondylar,cemented,lateral,,fixed,Male,>=75,≥75,,,,,231,,3,2.68,1.11,6.41,,ok,True,cumulative_revision_km,"Kaplan-Meier (1-KM), percent",0.95,"All primary knee replacements, by sex, age group, fixation, constraint and bearing",
NJR,"England, Wales, Northern Ireland, Isle of Man, Guernsey",2025,to 2024-12-31,knee_casemix_sex_age_design,3.K6,UKA,NJR 22nd Annual Report 2025_Knees.pdf,61,pdf_text,not_needed,stratum,"All unicondylar, cemented | lateral, fixed","All unicondylar, cemented","lateral, fixed",unicondylar,cemented,lateral,,fixed,Male,>=75,≥75,,,,,231,,5,4.07,1.68,9.67,,ok,True,cumulative_revision_km,"Kaplan-Meier (1-KM), percent",0.95,"All primary knee replacements, by sex, age group, fixation, constraint and bearing",
NJR,"England, Wales, Northern Ireland, Isle of Man, Guernsey",2025,to 2024-12-31,knee_casemix_sex_age_design,3.K6,UKA,NJR 22nd Annual Report 2025_Knees.pdf,61,pdf_text,not_needed,stratum,"All unicondylar, cemented | lateral, fixed","All unicondylar, cemented","lateral, fixed",unicondylar,cemented,lateral,,fixed,Male,>=75,≥75,,,,,231,,10,5.81,2.49,13.24,,ok,True,cumulative_revision_km,"Kaplan-Meier (1-KM), percent",0.95,"All primary knee replacements, by sex, age group, fixation, constraint and bearing",
NJR,"England, Wales, Northern Ireland, Isle of Man, Guernsey",2025,to 2024-12-31,knee_casemix_sex_age_design,3.K6,UKA,NJR 22nd Annual Report 2025_Knees.pdf,61,pdf_text,not_needed,stratum,"All unicondylar, cemented | lateral, fixed","All unicondylar, cemented","lateral, fixed",unicondylar,cemented,lateral,,fixed,Male,>=75,≥75,,,,,231,,15,,,,,blank,False,cumulative_revision_km,"Kaplan-Meier (1-KM), percent",0.95,"All primary knee replacements, by sex, age group, fixation, constraint and bearing",
NJR,"England, Wales, Northern Ireland, Isle of Man, Guernsey",2025,to 2024-12-31,knee_casemix_sex_age_design,3.K6,UKA,NJR 22nd Annual Report 2025_Knees.pdf,61,pdf_text,not_needed,stratum,"All unicondylar, cemented | lateral, fixed","All unicondylar, cemented","lateral, fixed",unicondylar,cemented,lateral,,fixed,Male,>=75,≥75,,,,,231,,20,,,,,blank,False,cumulative_revision_km,"Kaplan-Meier (1-KM), percent",0.95,"All primary knee replacements, by sex, age group, fixation, constraint and bearing",
NJR,"England, Wales, Northern Ireland, Isle of Man, Guernsey",2025,to 2024-12-31,knee_casemix_sex_age_design,3.K6,UKA,NJR 22nd Annual Report 2025_Knees.pdf,61,pdf_text,not_needed,stratum,"All unicondylar, cemented | lateral, fixed","All unicondylar, cemented","lateral, fixed",unicondylar,cemented,lateral,,fixed,Female,>=75,≥75,,,,,575,,1,0.75,0.28,1.98,,ok,False,cumulative_revision_km,"Kaplan-Meier (1-KM), percent",0.95,"All primary knee replacements, by sex, age group, fixation, constraint and bearing",
NJR,"England, Wales, Northern Ireland, Isle of Man, Guernsey",2025,to 2024-12-31,knee_casemix_sex_age_design,3.K6,UKA,NJR 22nd Annual Report 2025_Knees.pdf,61,pdf_text,not_needed,stratum,"All unicondylar, cemented | lateral, fixed","All unicondylar, cemented","lateral, fixed",unicondylar,cemented,lateral,,fixed,Female,>=75,≥75,,,,,575,,3,2.52,1.39,4.57,,ok,False,cumulative_revision_km,"Kaplan-Meier (1-KM), percent",0.95,"All primary knee replacements, by sex, age group, fixation, constraint and bearing",
NJR,"England, Wales, Northern Ireland, Isle of Man, Guernsey",2025,to 2024-12-31,knee_casemix_sex_age_design,3.K6,UKA,NJR 22nd Annual Report 2025_Knees.pdf,61,pdf_text,not_needed,stratum,"All unicondylar, cemented | lateral, fixed","All unicondylar, cemented","lateral, fixed",unicondylar,cemented,lateral,,fixed,Female,>=75,≥75,,,,,575,,5,4.52,2.72,7.47,,ok,True,cumulative_revision_km,"Kaplan-Meier (1-KM), percent",0.95,"All primary knee replacements, by sex, age group, fixation, constraint and bearing",
NJR,"England, Wales, Northern Ireland, Isle of Man, Guernsey",2025,to 2024-12-31,knee_casemix_sex_age_design,3.K6,UKA,NJR 22nd Annual Report 2025_Knees.pdf,61,pdf_text,not_needed,stratum,"All unicondylar, cemented | lateral, fixed","All unicondylar, cemented","lateral, fixed",unicondylar,cemented,lateral,,fixed,Female,>=75,≥75,,,,,575,,10,7.08,4.18,11.87,,ok,True,cumulative_revision_km,"Kaplan-Meier (1-KM), percent",0.95,"All primary knee replacements, by sex, age group, fixation, constraint and bearing",
NJR,"England, Wales, Northern Ireland, Isle of Man, Guernsey",2025,to 2024-12-31,knee_casemix_sex_age_design,3.K6,UKA,NJR 22nd Annual Report 2025_Knees.pdf,61,pdf_text,not_needed,stratum,"All unicondylar, cemented | lateral, fixed","All unicondylar, cemented","lateral, fixed",unicondylar,cemented,lateral,,fixed,Female,>=75,≥75,,,,,575,,15,7.08,4.18,11.87,,ok,True,cumulative_revision_km,"Kaplan-Meier (1-KM), percent",0.95,"All primary knee replacements, by sex, age group, fixation, constraint and bearing",
NJR,"England, Wales, Northern Ireland, Isle of Man, Guernsey",2025,to 2024-12-31,knee_casemix_sex_age_design,3.K6,UKA,NJR 22nd Annual Report 2025_Knees.pdf,61,pdf_text,not_needed,stratum,"All unicondylar, cemented | lateral, fixed","All unicondylar, cemented","lateral, fixed",unicondylar,cemented,lateral,,fixed,Female,>=75,≥75,,,,,575,,20,,,,,blank,False,cumulative_revision_km,"Kaplan-Meier (1-KM), percent",0.95,"All primary knee replacements, by sex, age group, fixation, constraint and bearing",
NJR,"England, Wales, Northern Ireland, Isle of Man, Guernsey",2025,to 2024-12-31,knee_casemix_sex_age_design,3.K6,UKA,NJR 22nd Annual Report 2025_Knees.pdf,61,pdf_text,not_needed,stratum,"All unicondylar, cemented | lateral, mobile","All unicondylar, cemented","lateral, mobile",unicondylar,cemented,lateral,,mobile,Male,>=75,≥75,,,,,57,,1,3.51,0.89,13.31,,ok,True,cumulative_revision_km,"Kaplan-Meier (1-KM), percent",0.95,"All primary knee replacements, by sex, age group, fixation, constraint and bearing",
NJR,"England, Wales, Northern Ireland, Isle of Man, Guernsey",2025,to 2024-12-31,knee_casemix_sex_age_design,3.K6,UKA,NJR 22nd Annual Report 2025_Knees.pdf,61,pdf_text,not_needed,stratum,"All unicondylar, cemented | lateral, mobile","All unicondylar, cemented","lateral, mobile",unicondylar,cemented,lateral,,mobile,Male,>=75,≥75,,,,,57,,3,7.05,2.71,17.71,,ok,True,cumulative_revision_km,"Kaplan-Meier (1-KM), percent",0.95,"All primary knee replacements, by sex, age group, fixation, constraint and bearing",
NJR,"England, Wales, Northern Ireland, Isle of Man, Guernsey",2025,to 2024-12-31,knee_casemix_sex_age_design,3.K6,UKA,NJR 22nd Annual Report 2025_Knees.pdf,61,pdf_text,not_needed,stratum,"All unicondylar, cemented | lateral, mobile","All unicondylar, cemented","lateral, mobile",unicondylar,cemented,lateral,,mobile,Male,>=75,≥75,,,,,57,,5,10.84,5.02,22.58,,ok,True,cumulative_revision_km,"Kaplan-Meier (1-KM), percent",0.95,"All primary knee replacements, by sex, age group, fixation, constraint and bearing",
NJR,"England, Wales, Northern Ireland, Isle of Man, Guernsey",2025,to 2024-12-31,knee_casemix_sex_age_design,3.K6,UKA,NJR 22nd Annual Report 2025_Knees.pdf,61,pdf_text,not_needed,stratum,"All unicondylar, cemented | lateral, mobile","All unicondylar, cemented","lateral, mobile",unicondylar,cemented,lateral,,mobile,Male,>=75,≥75,,,,,57,,10,10.84,5.02,22.58,,ok,True,cumulative_revision_km,"Kaplan-Meier (1-KM), percent",0.95,"All primary knee replacements, by sex, age group, fixation, constraint and bearing",
NJR,"England, Wales, Northern Ireland, Isle of Man, Guernsey",2025,to 2024-12-31,knee_casemix_sex_age_design,3.K6,UKA,NJR 22nd Annual Report 2025_Knees.pdf,61,pdf_text,not_needed,stratum,"All unicondylar, cemented | lateral, mobile","All unicondylar, cemented","lateral, mobile",unicondylar,cemented,lateral,,mobile,Male,>=75,≥75,,,,,57,,15,,,,,blank,False,cumulative_revision_km,"Kaplan-Meier (1-KM), percent",0.95,"All primary knee replacements, by sex, age group, fixation, constraint and bearing",
NJR,"England, Wales, Northern Ireland, Isle of Man, Guernsey",2025,to 2024-12-31,knee_casemix_sex_age_design,3.K6,UKA,NJR 22nd Annual Report 2025_Knees.pdf,61,pdf_text,not_needed,stratum,"All unicondylar, cemented | lateral, mobile","All unicondylar, cemented","lateral, mobile",unicondylar,cemented,lateral,,mobile,Male,>=75,≥75,,,,,57,,20,,,,,blank,False,cumulative_revision_km,"Kaplan-Meier (1-KM), percent",0.95,"All primary knee replacements, by sex, age group, fixation, constraint and bearing",
NJR,"England, Wales, Northern Ireland, Isle of Man, Guernsey",2025,to 2024-12-31,knee_casemix_sex_age_design,3.K6,UKA,NJR 22nd Annual Report 2025_Knees.pdf,61,pdf_text,not_needed,stratum,"All unicondylar, cemented | lateral, mobile","All unicondylar, cemented","lateral, mobile",unicondylar,cemented,lateral,,mobile,Female,>=75,≥75,,,,,206,,1,2.93,1.33,6.42,,ok,True,cumulative_revision_km,"Kaplan-Meier (1-KM), percent",0.95,"All primary knee replacements, by sex, age group, fixation, constraint and bearing",
NJR,"England, Wales, Northern Ireland, Isle of Man, Guernsey",2025,to 2024-12-31,knee_casemix_sex_age_design,3.K6,UKA,NJR 22nd Annual Report 2025_Knees.pdf,61,pdf_text,not_needed,stratum,"All unicondylar, cemented | lateral, mobile","All unicondylar, cemented","lateral, mobile",unicondylar,cemented,lateral,,mobile,Female,>=75,≥75,,,,,206,,3,3.97,2.01,7.79,,ok,True,cumulative_revision_km,"Kaplan-Meier (1-KM), percent",0.95,"All primary knee replacements, by sex, age group, fixation, constraint and bearing",
NJR,"England, Wales, Northern Ireland, Isle of Man, Guernsey",2025,to 2024-12-31,knee_casemix_sex_age_design,3.K6,UKA,NJR 22nd Annual Report 2025_Knees.pdf,61,pdf_text,not_needed,stratum,"All unicondylar, cemented | lateral, mobile","All unicondylar, cemented","lateral, mobile",unicondylar,cemented,lateral,,mobile,Female,>=75,≥75,,,,,206,,5,5.07,2.76,9.22,,ok,True,cumulative_revision_km,"Kaplan-Meier (1-KM), percent",0.95,"All primary knee replacements, by sex, age group, fixation, constraint and bearing",
NJR,"England, Wales, Northern Ireland, Isle of Man, Guernsey",2025,to 2024-12-31,knee_casemix_sex_age_design,3.K6,UKA,NJR 22nd Annual Report 2025_Knees.pdf,61,pdf_text,not_needed,stratum,"All unicondylar, cemented | lateral, mobile","All unicondylar, cemented","lateral, mobile",unicondylar,cemented,lateral,,mobile,Female,>=75,≥75,,,,,206,,10,9.77,6.14,15.36,,ok,True,cumulative_revision_km,"Kaplan-Meier (1-KM), percent",0.95,"All primary knee replacements, by sex, age group, fixation, constraint and bearing",
NJR,"England, Wales, Northern Ireland, Isle of Man, Guernsey",2025,to 2024-12-31,knee_casemix_sex_age_design,3.K6,UKA,NJR 22nd Annual Report 2025_Knees.pdf,61,pdf_text,not_needed,stratum,"All unicondylar, cemented | lateral, mobile","All unicondylar, cemented","lateral, mobile",unicondylar,cemented,lateral,,mobile,Female,>=75,≥75,,,,,206,,15,9.77,6.14,15.36,,ok,True,cumulative_revision_km,"Kaplan-Meier (1-KM), percent",0.95,"All primary knee replacements, by sex, age group, fixation, constraint and bearing",
NJR,"England, Wales, Northern Ireland, Isle of Man, Guernsey",2025,to 2024-12-31,knee_casemix_sex_age_design,3.K6,UKA,NJR 22nd Annual Report 2025_Knees.pdf,61,pdf_text,not_needed,stratum,"All unicondylar, cemented | lateral, mobile","All unicondylar, cemented","lateral, mobile",unicondylar,cemented,lateral,,mobile,Female,>=75,≥75,,,,,206,,20,,,,,blank,False,cumulative_revision_km,"Kaplan-Meier (1-KM), percent",0.95,"All primary knee replacements, by sex, age group, fixation, constraint and bearing",
NJR,"England, Wales, Northern Ireland, Isle of Man, Guernsey",2025,to 2024-12-31,knee_casemix_sex_age_design,3.K6,UKA,NJR 22nd Annual Report 2025_Knees.pdf,61,pdf_text,not_needed,stratum,"All unicondylar, cemented | lateral, MBT","All unicondylar, cemented","lateral, MBT",unicondylar,cemented,lateral,,MBT,Male,>=75,≥75,,,,,22,,1,4.55,0.65,28.13,,ok,True,cumulative_revision_km,"Kaplan-Meier (1-KM), percent",0.95,"All primary knee replacements, by sex, age group, fixation, constraint and bearing",
NJR,"England, Wales, Northern Ireland, Isle of Man, Guernsey",2025,to 2024-12-31,knee_casemix_sex_age_design,3.K6,UKA,NJR 22nd Annual Report 2025_Knees.pdf,61,pdf_text,not_needed,stratum,"All unicondylar, cemented | lateral, MBT","All unicondylar, cemented","lateral, MBT",unicondylar,cemented,lateral,,MBT,Male,>=75,≥75,,,,,22,,3,9.57,2.47,33.22,,ok,True,cumulative_revision_km,"Kaplan-Meier (1-KM), percent",0.95,"All primary knee replacements, by sex, age group, fixation, constraint and bearing",
NJR,"England, Wales, Northern Ireland, Isle of Man, Guernsey",2025,to 2024-12-31,knee_casemix_sex_age_design,3.K6,UKA,NJR 22nd Annual Report 2025_Knees.pdf,61,pdf_text,not_needed,stratum,"All unicondylar, cemented | lateral, MBT","All unicondylar, cemented","lateral, MBT",unicondylar,cemented,lateral,,MBT,Male,>=75,≥75,,,,,22,,5,9.57,2.47,33.22,,ok,True,cumulative_revision_km,"Kaplan-Meier (1-KM), percent",0.95,"All primary knee replacements, by sex, age group, fixation, constraint and bearing",
NJR,"England, Wales, Northern Ireland, Isle of Man, Guernsey",2025,to 2024-12-31,knee_casemix_sex_age_design,3.K6,UKA,NJR 22nd Annual Report 2025_Knees.pdf,61,pdf_text,not_needed,stratum,"All unicondylar, cemented | lateral, MBT","All unicondylar, cemented","lateral, MBT",unicondylar,cemented,lateral,,MBT,Male,>=75,≥75,,,,,22,,10,,,,,blank,False,cumulative_revision_km,"Kaplan-Meier (1-KM), percent",0.95,"All primary knee replacements, by sex, age group, fixation, constraint and bearing",
NJR,"England, Wales, Northern Ireland, Isle of Man, Guernsey",2025,to 2024-12-31,knee_casemix_sex_age_design,3.K6,UKA,NJR 22nd Annual Report 2025_Knees.pdf,61,pdf_text,not_needed,stratum,"All unicondylar, cemented | lateral, MBT","All unicondylar, cemented","lateral, MBT",unicondylar,cemented,lateral,,MBT,Male,>=75,≥75,,,,,22,,15,,,,,blank,False,cumulative_revision_km,"Kaplan-Meier (1-KM), percent",0.95,"All primary knee replacements, by sex, age group, fixation, constraint and bearing",
NJR,"England, Wales, Northern Ireland, Isle of Man, Guernsey",2025,to 2024-12-31,knee_casemix_sex_age_design,3.K6,UKA,NJR 22nd Annual Report 2025_Knees.pdf,61,pdf_text,not_needed,stratum,"All unicondylar, cemented | lateral, MBT","All unicondylar, cemented","lateral, MBT",unicondylar,cemented,lateral,,MBT,Male,>=75,≥75,,,,,22,,20,,,,,blank,False,cumulative_revision_km,"Kaplan-Meier (1-KM), percent",0.95,"All primary knee replacements, by sex, age group, fixation, constraint and bearing",
NJR,"England, Wales, Northern Ireland, Isle of Man, Guernsey",2025,to 2024-12-31,knee_casemix_sex_age_design,3.K6,UKA,NJR 22nd Annual Report 2025_Knees.pdf,61,pdf_text,not_needed,stratum,"All unicondylar, cemented | lateral, MBT","All unicondylar, cemented","lateral, MBT",unicondylar,cemented,lateral,,MBT,Female,>=75,≥75,,,,,51,,1,0.0,,,,ci_not_estimable,True,cumulative_revision_km,"Kaplan-Meier (1-KM), percent",0.95,"All primary knee replacements, by sex, age group, fixation, constraint and bearing",
NJR,"England, Wales, Northern Ireland, Isle of Man, Guernsey",2025,to 2024-12-31,knee_casemix_sex_age_design,3.K6,UKA,NJR 22nd Annual Report 2025_Knees.pdf,61,pdf_text,not_needed,stratum,"All unicondylar, cemented | lateral, MBT","All unicondylar, cemented","lateral, MBT",unicondylar,cemented,lateral,,MBT,Female,>=75,≥75,,,,,51,,3,0.0,,,,ci_not_estimable,True,cumulative_revision_km,"Kaplan-Meier (1-KM), percent",0.95,"All primary knee replacements, by sex, age group, fixation, constraint and bearing",
NJR,"England, Wales, Northern Ireland, Isle of Man, Guernsey",2025,to 2024-12-31,knee_casemix_sex_age_design,3.K6,UKA,NJR 22nd Annual Report 2025_Knees.pdf,61,pdf_text,not_needed,stratum,"All unicondylar, cemented | lateral, MBT","All unicondylar, cemented","lateral, MBT",unicondylar,cemented,lateral,,MBT,Female,>=75,≥75,,,,,51,,5,0.0,,,,ci_not_estimable,True,cumulative_revision_km,"Kaplan-Meier (1-KM), percent",0.95,"All primary knee replacements, by sex, age group, fixation, constraint and bearing",
NJR,"England, Wales, Northern Ireland, Isle of Man, Guernsey",2025,to 2024-12-31,knee_casemix_sex_age_design,3.K6,UKA,NJR 22nd Annual Report 2025_Knees.pdf,61,pdf_text,not_needed,stratum,"All unicondylar, cemented | lateral, MBT","All unicondylar, cemented","lateral, MBT",unicondylar,cemented,lateral,,MBT,Female,>=75,≥75,,,,,51,,10,0.0,,,,ci_not_estimable,True,cumulative_revision_km,"Kaplan-Meier (1-KM), percent",0.95,"All primary knee replacements, by sex, age group, fixation, constraint and bearing",
NJR,"England, Wales, Northern Ireland, Isle of Man, Guernsey",2025,to 2024-12-31,knee_casemix_sex_age_design,3.K6,UKA,NJR 22nd Annual Report 2025_Knees.pdf,61,pdf_text,not_needed,stratum,"All unicondylar, cemented | lateral, MBT","All unicondylar, cemented","lateral, MBT",unicondylar,cemented,lateral,,MBT,Female,>=75,≥75,,,,,51,,15,,,,,blank,False,cumulative_revision_km,"Kaplan-Meier (1-KM), percent",0.95,"All primary knee replacements, by sex, age group, fixation, constraint and bearing",
NJR,"England, Wales, Northern Ireland, Isle of Man, Guernsey",2025,to 2024-12-31,knee_casemix_sex_age_design,3.K6,UKA,NJR 22nd Annual Report 2025_Knees.pdf,61,pdf_text,not_needed,stratum,"All unicondylar, cemented | lateral, MBT","All unicondylar, cemented","lateral, MBT",unicondylar,cemented,lateral,,MBT,Female,>=75,≥75,,,,,51,,20,,,,,blank,False,cumulative_revision_km,"Kaplan-Meier (1-KM), percent",0.95,"All primary knee replacements, by sex, age group, fixation, constraint and bearing",
NJR,"England, Wales, Northern Ireland, Isle of Man, Guernsey",2025,to 2024-12-31,knee_casemix_sex_age_design,3.K6,UKA,NJR 22nd Annual Report 2025_Knees.pdf,61,pdf_text,not_needed,group,"All unicondylar, uncemented/hybrid","All unicondylar, uncemented/hybrid",,unicondylar,uncemented/hybrid,,,,Male,>=75,≥75,,,,,4902,,1,1.22,0.95,1.59,,ok,False,cumulative_revision_km,"Kaplan-Meier (1-KM), percent",0.95,"All primary knee replacements, by sex, age group, fixation, constraint and bearing",
NJR,"England, Wales, Northern Ireland, Isle of Man, Guernsey",2025,to 2024-12-31,knee_casemix_sex_age_design,3.K6,UKA,NJR 22nd Annual Report 2025_Knees.pdf,61,pdf_text,not_needed,group,"All unicondylar, uncemented/hybrid","All unicondylar, uncemented/hybrid",,unicondylar,uncemented/hybrid,,,,Male,>=75,≥75,,,,,4902,,3,1.95,1.57,2.42,,ok,False,cumulative_revision_km,"Kaplan-Meier (1-KM), percent",0.95,"All primary knee replacements, by sex, age group, fixation, constraint and bearing",
NJR,"England, Wales, Northern Ireland, Isle of Man, Guernsey",2025,to 2024-12-31,knee_casemix_sex_age_design,3.K6,UKA,NJR 22nd Annual Report 2025_Knees.pdf,61,pdf_text,not_needed,group,"All unicondylar, uncemented/hybrid","All unicondylar, uncemented/hybrid",,unicondylar,uncemented/hybrid,,,,Male,>=75,≥75,,,,,4902,,5,2.46,1.99,3.03,,ok,False,cumulative_revision_km,"Kaplan-Meier (1-KM), percent",0.95,"All primary knee replacements, by sex, age group, fixation, constraint and bearing",
NJR,"England, Wales, Northern Ireland, Isle of Man, Guernsey",2025,to 2024-12-31,knee_casemix_sex_age_design,3.K6,UKA,NJR 22nd Annual Report 2025_Knees.pdf,61,pdf_text,not_needed,group,"All unicondylar, uncemented/hybrid","All unicondylar, uncemented/hybrid",,unicondylar,uncemented/hybrid,,,,Male,>=75,≥75,,,,,4902,,10,4.35,3.32,5.68,,ok,False,cumulative_revision_km,"Kaplan-Meier (1-KM), percent",0.95,"All primary knee replacements, by sex, age group, fixation, constraint and bearing",
NJR,"England, Wales, Northern Ireland, Isle of Man, Guernsey",2025,to 2024-12-31,knee_casemix_sex_age_design,3.K6,UKA,NJR 22nd Annual Report 2025_Knees.pdf,61,pdf_text,not_needed,group,"All unicondylar, uncemented/hybrid","All unicondylar, uncemented/hybrid",,unicondylar,uncemented/hybrid,,,,Male,>=75,≥75,,,,,4902,,15,4.76,3.53,6.39,,ok,True,cumulative_revision_km,"Kaplan-Meier (1-KM), percent",0.95,"All primary knee replacements, by sex, age group, fixation, constraint and bearing",
NJR,"England, Wales, Northern Ireland, Isle of Man, Guernsey",2025,to 2024-12-31,knee_casemix_sex_age_design,3.K6,UKA,NJR 22nd Annual Report 2025_Knees.pdf,61,pdf_text,not_needed,group,"All unicondylar, uncemented/hybrid","All unicondylar, uncemented/hybrid",,unicondylar,uncemented/hybrid,,,,Male,>=75,≥75,,,,,4902,,20,,,,,blank,False,cumulative_revision_km,"Kaplan-Meier (1-KM), percent",0.95,"All primary knee replacements, by sex, age group, fixation, constraint and bearing",
NJR,"England, Wales, Northern Ireland, Isle of Man, Guernsey",2025,to 2024-12-31,knee_casemix_sex_age_design,3.K6,UKA,NJR 22nd Annual Report 2025_Knees.pdf,61,pdf_text,not_needed,group,"All unicondylar, uncemented/hybrid","All unicondylar, uncemented/hybrid",,unicondylar,uncemented/hybrid,,,,Female,>=75,≥75,,,,,3738,,1,0.79,0.55,1.15,,ok,False,cumulative_revision_km,"Kaplan-Meier (1-KM), percent",0.95,"All primary knee replacements, by sex, age group, fixation, constraint and bearing",
NJR,"England, Wales, Northern Ireland, Isle of Man, Guernsey",2025,to 2024-12-31,knee_casemix_sex_age_design,3.K6,UKA,NJR 22nd Annual Report 2025_Knees.pdf,61,pdf_text,not_needed,group,"All unicondylar, uncemented/hybrid","All unicondylar, uncemented/hybrid",,unicondylar,uncemented/hybrid,,,,Female,>=75,≥75,,,,,3738,,3,2.04,1.59,2.61,,ok,False,cumulative_revision_km,"Kaplan-Meier (1-KM), percent",0.95,"All primary knee replacements, by sex, age group, fixation, constraint and bearing",
NJR,"England, Wales, Northern Ireland, Isle of Man, Guernsey",2025,to 2024-12-31,knee_casemix_sex_age_design,3.K6,UKA,NJR 22nd Annual Report 2025_Knees.pdf,61,pdf_text,not_needed,group,"All unicondylar, uncemented/hybrid","All unicondylar, uncemented/hybrid",,unicondylar,uncemented/hybrid,,,,Female,>=75,≥75,,,,,3738,,5,2.86,2.29,3.58,,ok,False,cumulative_revision_km,"Kaplan-Meier (1-KM), percent",0.95,"All primary knee replacements, by sex, age group, fixation, constraint and bearing",
NJR,"England, Wales, Northern Ireland, Isle of Man, Guernsey",2025,to 2024-12-31,knee_casemix_sex_age_design,3.K6,UKA,NJR 22nd Annual Report 2025_Knees.pdf,61,pdf_text,not_needed,group,"All unicondylar, uncemented/hybrid","All unicondylar, uncemented/hybrid",,unicondylar,uncemented/hybrid,,,,Female,>=75,≥75,,,,,3738,,10,6.01,4.69,7.69,,ok,False,cumulative_revision_km,"Kaplan-Meier (1-KM), percent",0.95,"All primary knee replacements, by sex, age group, fixation, constraint and bearing",
NJR,"England, Wales, Northern Ireland, Isle of Man, Guernsey",2025,to 2024-12-31,knee_casemix_sex_age_design,3.K6,UKA,NJR 22nd Annual Report 2025_Knees.pdf,61,pdf_text,not_needed,group,"All unicondylar, uncemented/hybrid","All unicondylar, uncemented/hybrid",,unicondylar,uncemented/hybrid,,,,Female,>=75,≥75,,,,,3738,,15,6.49,4.95,8.48,,ok,True,cumulative_revision_km,"Kaplan-Meier (1-KM), percent",0.95,"All primary knee replacements, by sex, age group, fixation, constraint and bearing",
NJR,"England, Wales, Northern Ireland, Isle of Man, Guernsey",2025,to 2024-12-31,knee_casemix_sex_age_design,3.K6,UKA,NJR 22nd Annual Report 2025_Knees.pdf,61,pdf_text,not_needed,group,"All unicondylar, uncemented/hybrid","All unicondylar, uncemented/hybrid",,unicondylar,uncemented/hybrid,,,,Female,>=75,≥75,,,,,3738,,20,,,,,blank,False,cumulative_revision_km,"Kaplan-Meier (1-KM), percent",0.95,"All primary knee replacements, by sex, age group, fixation, constraint and bearing",
NJR,"England, Wales, Northern Ireland, Isle of Man, Guernsey",2025,to 2024-12-31,knee_casemix_sex_age_design,3.K6,UKA,NJR 22nd Annual Report 2025_Knees.pdf,61,pdf_text,not_needed,stratum,"All unicondylar, uncemented/hybrid | medial, fixed","All unicondylar, uncemented/hybrid","medial, fixed",unicondylar,uncemented/hybrid,medial,,fixed,Male,>=75,≥75,,,,,10,,1,,,,,blank,False,cumulative_revision_km,"Kaplan-Meier (1-KM), percent",0.95,"All primary knee replacements, by sex, age group, fixation, constraint and bearing",
NJR,"England, Wales, Northern Ireland, Isle of Man, Guernsey",2025,to 2024-12-31,knee_casemix_sex_age_design,3.K6,UKA,NJR 22nd Annual Report 2025_Knees.pdf,61,pdf_text,not_needed,stratum,"All unicondylar, uncemented/hybrid | medial, fixed","All unicondylar, uncemented/hybrid","medial, fixed",unicondylar,uncemented/hybrid,medial,,fixed,Male,>=75,≥75,,,,,10,,3,,,,,blank,False,cumulative_revision_km,"Kaplan-Meier (1-KM), percent",0.95,"All primary knee replacements, by sex, age group, fixation, constraint and bearing",
NJR,"England, Wales, Northern Ireland, Isle of Man, Guernsey",2025,to 2024-12-31,knee_casemix_sex_age_design,3.K6,UKA,NJR 22nd Annual Report 2025_Knees.pdf,61,pdf_text,not_needed,stratum,"All unicondylar, uncemented/hybrid | medial, fixed","All unicondylar, uncemented/hybrid","medial, fixed",unicondylar,uncemented/hybrid,medial,,fixed,Male,>=75,≥75,,,,,10,,5,,,,,blank,False,cumulative_revision_km,"Kaplan-Meier (1-KM), percent",0.95,"All primary knee replacements, by sex, age group, fixation, constraint and bearing",
NJR,"England, Wales, Northern Ireland, Isle of Man, Guernsey",2025,to 2024-12-31,knee_casemix_sex_age_design,3.K6,UKA,NJR 22nd Annual Report 2025_Knees.pdf,61,pdf_text,not_needed,stratum,"All unicondylar, uncemented/hybrid | medial, fixed","All unicondylar, uncemented/hybrid","medial, fixed",unicondylar,uncemented/hybrid,medial,,fixed,Male,>=75,≥75,,,,,10,,10,,,,,blank,False,cumulative_revision_km,"Kaplan-Meier (1-KM), percent",0.95,"All primary knee replacements, by sex, age group, fixation, constraint and bearing",
NJR,"England, Wales, Northern Ireland, Isle of Man, Guernsey",2025,to 2024-12-31,knee_casemix_sex_age_design,3.K6,UKA,NJR 22nd Annual Report 2025_Knees.pdf,61,pdf_text,not_needed,stratum,"All unicondylar, uncemented/hybrid | medial, fixed","All unicondylar, uncemented/hybrid","medial, fixed",unicondylar,uncemented/hybrid,medial,,fixed,Male,>=75,≥75,,,,,10,,15,,,,,blank,False,cumulative_revision_km,"Kaplan-Meier (1-KM), percent",0.95,"All primary knee replacements, by sex, age group, fixation, constraint and bearing",
NJR,"England, Wales, Northern Ireland, Isle of Man, Guernsey",2025,to 2024-12-31,knee_casemix_sex_age_design,3.K6,UKA,NJR 22nd Annual Report 2025_Knees.pdf,61,pdf_text,not_needed,stratum,"All unicondylar, uncemented/hybrid | medial, fixed","All unicondylar, uncemented/hybrid","medial, fixed",unicondylar,uncemented/hybrid,medial,,fixed,Male,>=75,≥75,,,,,10,,20,,,,,blank,False,cumulative_revision_km,"Kaplan-Meier (1-KM), percent",0.95,"All primary knee replacements, by sex, age group, fixation, constraint and bearing",
NJR,"England, Wales, Northern Ireland, Isle of Man, Guernsey",2025,to 2024-12-31,knee_casemix_sex_age_design,3.K6,UKA,NJR 22nd Annual Report 2025_Knees.pdf,61,pdf_text,not_needed,stratum,"All unicondylar, uncemented/hybrid | medial, fixed","All unicondylar, uncemented/hybrid","medial, fixed",unicondylar,uncemented/hybrid,medial,,fixed,Female,>=75,≥75,,,,,4,,1,,,,,blank,False,cumulative_revision_km,"Kaplan-Meier (1-KM), percent",0.95,"All primary knee replacements, by sex, age group, fixation, constraint and bearing",
NJR,"England, Wales, Northern Ireland, Isle of Man, Guernsey",2025,to 2024-12-31,knee_casemix_sex_age_design,3.K6,UKA,NJR 22nd Annual Report 2025_Knees.pdf,61,pdf_text,not_needed,stratum,"All unicondylar, uncemented/hybrid | medial, fixed","All unicondylar, uncemented/hybrid","medial, fixed",unicondylar,uncemented/hybrid,medial,,fixed,Female,>=75,≥75,,,,,4,,3,,,,,blank,False,cumulative_revision_km,"Kaplan-Meier (1-KM), percent",0.95,"All primary knee replacements, by sex, age group, fixation, constraint and bearing",
NJR,"England, Wales, Northern Ireland, Isle of Man, Guernsey",2025,to 2024-12-31,knee_casemix_sex_age_design,3.K6,UKA,NJR 22nd Annual Report 2025_Knees.pdf,61,pdf_text,not_needed,stratum,"All unicondylar, uncemented/hybrid | medial, fixed","All unicondylar, uncemented/hybrid","medial, fixed",unicondylar,uncemented/hybrid,medial,,fixed,Female,>=75,≥75,,,,,4,,5,,,,,blank,False,cumulative_revision_km,"Kaplan-Meier (1-KM), percent",0.95,"All primary knee replacements, by sex, age group, fixation, constraint and bearing",
NJR,"England, Wales, Northern Ireland, Isle of Man, Guernsey",2025,to 2024-12-31,knee_casemix_sex_age_design,3.K6,UKA,NJR 22nd Annual Report 2025_Knees.pdf,61,pdf_text,not_needed,stratum,"All unicondylar, uncemented/hybrid | medial, fixed","All unicondylar, uncemented/hybrid","medial, fixed",unicondylar,uncemented/hybrid,medial,,fixed,Female,>=75,≥75,,,,,4,,10,,,,,blank,False,cumulative_revision_km,"Kaplan-Meier (1-KM), percent",0.95,"All primary knee replacements, by sex, age group, fixation, constraint and bearing",
NJR,"England, Wales, Northern Ireland, Isle of Man, Guernsey",2025,to 2024-12-31,knee_casemix_sex_age_design,3.K6,UKA,NJR 22nd Annual Report 2025_Knees.pdf,61,pdf_text,not_needed,stratum,"All unicondylar, uncemented/hybrid | medial, fixed","All unicondylar, uncemented/hybrid","medial, fixed",unicondylar,uncemented/hybrid,medial,,fixed,Female,>=75,≥75,,,,,4,,15,,,,,blank,False,cumulative_revision_km,"Kaplan-Meier (1-KM), percent",0.95,"All primary knee replacements, by sex, age group, fixation, constraint and bearing",
NJR,"England, Wales, Northern Ireland, Isle of Man, Guernsey",2025,to 2024-12-31,knee_casemix_sex_age_design,3.K6,UKA,NJR 22nd Annual Report 2025_Knees.pdf,61,pdf_text,not_needed,stratum,"All unicondylar, uncemented/hybrid | medial, fixed","All unicondylar, uncemented/hybrid","medial, fixed",unicondylar,uncemented/hybrid,medial,,fixed,Female,>=75,≥75,,,,,4,,20,,,,,blank,False,cumulative_revision_km,"Kaplan-Meier (1-KM), percent",0.95,"All primary knee replacements, by sex, age group, fixation, constraint and bearing",
NJR,"England, Wales, Northern Ireland, Isle of Man, Guernsey",2025,to 2024-12-31,knee_casemix_sex_age_design,3.K6,UKA,NJR 22nd Annual Report 2025_Knees.pdf,61,pdf_text,not_needed,stratum,"All unicondylar, uncemented/hybrid | medial, mobile","All unicondylar, uncemented/hybrid","medial, mobile",unicondylar,uncemented/hybrid,medial,,mobile,Male,>=75,≥75,,,,,4746,,1,1.22,0.94,1.59,,ok,False,cumulative_revision_km,"Kaplan-Meier (1-KM), percent",0.95,"All primary knee replacements, by sex, age group, fixation, constraint and bearing",
NJR,"England, Wales, Northern Ireland, Isle of Man, Guernsey",2025,to 2024-12-31,knee_casemix_sex_age_design,3.K6,UKA,NJR 22nd Annual Report 2025_Knees.pdf,61,pdf_text,not_needed,stratum,"All unicondylar, uncemented/hybrid | medial, mobile","All unicondylar, uncemented/hybrid","medial, mobile",unicondylar,uncemented/hybrid,medial,,mobile,Male,>=75,≥75,,,,,4746,,3,1.95,1.57,2.43,,ok,False,cumulative_revision_km,"Kaplan-Meier (1-KM), percent",0.95,"All primary knee replacements, by sex, age group, fixation, constraint and bearing",
NJR,"England, Wales, Northern Ireland, Isle of Man, Guernsey",2025,to 2024-12-31,knee_casemix_sex_age_design,3.K6,UKA,NJR 22nd Annual Report 2025_Knees.pdf,61,pdf_text,not_needed,stratum,"All unicondylar, uncemented/hybrid | medial, mobile","All unicondylar, uncemented/hybrid","medial, mobile",unicondylar,uncemented/hybrid,medial,,mobile,Male,>=75,≥75,,,,,4746,,5,2.48,2.0,3.07,,ok,False,cumulative_revision_km,"Kaplan-Meier (1-KM), percent",0.95,"All primary knee replacements, by sex, age group, fixation, constraint and bearing",
NJR,"England, Wales, Northern Ireland, Isle of Man, Guernsey",2025,to 2024-12-31,knee_casemix_sex_age_design,3.K6,UKA,NJR 22nd Annual Report 2025_Knees.pdf,61,pdf_text,not_needed,stratum,"All unicondylar, uncemented/hybrid | medial, mobile","All unicondylar, uncemented/hybrid","medial, mobile",unicondylar,uncemented/hybrid,medial,,mobile,Male,>=75,≥75,,,,,4746,,10,4.5,3.41,5.93,,ok,False,cumulative_revision_km,"Kaplan-Meier (1-KM), percent",0.95,"All primary knee replacements, by sex, age group, fixation, constraint and bearing",
NJR,"England, Wales, Northern Ireland, Isle of Man, Guernsey",2025,to 2024-12-31,knee_casemix_sex_age_design,3.K6,UKA,NJR 22nd Annual Report 2025_Knees.pdf,61,pdf_text,not_needed,stratum,"All unicondylar, uncemented/hybrid | medial, mobile","All unicondylar, uncemented/hybrid","medial, mobile",unicondylar,uncemented/hybrid,medial,,mobile,Male,>=75,≥75,,,,,4746,,15,4.94,3.64,6.69,,ok,True,cumulative_revision_km,"Kaplan-Meier (1-KM), percent",0.95,"All primary knee replacements, by sex, age group, fixation, constraint and bearing",
NJR,"England, Wales, Northern Ireland, Isle of Man, Guernsey",2025,to 2024-12-31,knee_casemix_sex_age_design,3.K6,UKA,NJR 22nd Annual Report 2025_Knees.pdf,61,pdf_text,not_needed,stratum,"All unicondylar, uncemented/hybrid | medial, mobile","All unicondylar, uncemented/hybrid","medial, mobile",unicondylar,uncemented/hybrid,medial,,mobile,Male,>=75,≥75,,,,,4746,,20,,,,,blank,False,cumulative_revision_km,"Kaplan-Meier (1-KM), percent",0.95,"All primary knee replacements, by sex, age group, fixation, constraint and bearing",
NJR,"England, Wales, Northern Ireland, Isle of Man, Guernsey",2025,to 2024-12-31,knee_casemix_sex_age_design,3.K6,UKA,NJR 22nd Annual Report 2025_Knees.pdf,61,pdf_text,not_needed,stratum,"All unicondylar, uncemented/hybrid | medial, mobile","All unicondylar, uncemented/hybrid","medial, mobile",unicondylar,uncemented/hybrid,medial,,mobile,Female,>=75,≥75,,,,,3405,,1,0.78,0.52,1.15,,ok,False,cumulative_revision_km,"Kaplan-Meier (1-KM), percent",0.95,"All primary knee replacements, by sex, age group, fixation, constraint and bearing",
NJR,"England, Wales, Northern Ireland, Isle of Man, Guernsey",2025,to 2024-12-31,knee_casemix_sex_age_design,3.K6,UKA,NJR 22nd Annual Report 2025_Knees.pdf,61,pdf_text,not_needed,stratum,"All unicondylar, uncemented/hybrid | medial, mobile","All unicondylar, uncemented/hybrid","medial, mobile",unicondylar,uncemented/hybrid,medial,,mobile,Female,>=75,≥75,,,,,3405,,3,2.02,1.56,2.62,,ok,False,cumulative_revision_km,"Kaplan-Meier (1-KM), percent",0.95,"All primary knee replacements, by sex, age group, fixation, constraint and bearing",
NJR,"England, Wales, Northern Ireland, Isle of Man, Guernsey",2025,to 2024-12-31,knee_casemix_sex_age_design,3.K6,UKA,NJR 22nd Annual Report 2025_Knees.pdf,61,pdf_text,not_needed,stratum,"All unicondylar, uncemented/hybrid | medial, mobile","All unicondylar, uncemented/hybrid","medial, mobile",unicondylar,uncemented/hybrid,medial,,mobile,Female,>=75,≥75,,,,,3405,,5,2.77,2.18,3.52,,ok,False,cumulative_revision_km,"Kaplan-Meier (1-KM), percent",0.95,"All primary knee replacements, by sex, age group, fixation, constraint and bearing",
NJR,"England, Wales, Northern Ireland, Isle of Man, Guernsey",2025,to 2024-12-31,knee_casemix_sex_age_design,3.K6,UKA,NJR 22nd Annual Report 2025_Knees.pdf,61,pdf_text,not_needed,stratum,"All unicondylar, uncemented/hybrid | medial, mobile","All unicondylar, uncemented/hybrid","medial, mobile",unicondylar,uncemented/hybrid,medial,,mobile,Female,>=75,≥75,,,,,3405,,10,6.11,4.67,7.97,,ok,True,cumulative_revision_km,"Kaplan-Meier (1-KM), percent",0.95,"All primary knee replacements, by sex, age group, fixation, constraint and bearing",
NJR,"England, Wales, Northern Ireland, Isle of Man, Guernsey",2025,to 2024-12-31,knee_casemix_sex_age_design,3.K6,UKA,NJR 22nd Annual Report 2025_Knees.pdf,61,pdf_text,not_needed,stratum,"All unicondylar, uncemented/hybrid | medial, mobile","All unicondylar, uncemented/hybrid","medial, mobile",unicondylar,uncemented/hybrid,medial,,mobile,Female,>=75,≥75,,,,,3405,,15,6.66,4.96,8.9,,ok,True,cumulative_revision_km,"Kaplan-Meier (1-KM), percent",0.95,"All primary knee replacements, by sex, age group, fixation, constraint and bearing",
NJR,"England, Wales, Northern Ireland, Isle of Man, Guernsey",2025,to 2024-12-31,knee_casemix_sex_age_design,3.K6,UKA,NJR 22nd Annual Report 2025_Knees.pdf,61,pdf_text,not_needed,stratum,"All unicondylar, uncemented/hybrid | medial, mobile","All unicondylar, uncemented/hybrid","medial, mobile",unicondylar,uncemented/hybrid,medial,,mobile,Female,>=75,≥75,,,,,3405,,20,,,,,blank,False,cumulative_revision_km,"Kaplan-Meier (1-KM), percent",0.95,"All primary knee replacements, by sex, age group, fixation, constraint and bearing",
NJR,"England, Wales, Northern Ireland, Isle of Man, Guernsey",2025,to 2024-12-31,knee_casemix_sex_age_design,3.K6,UKA,NJR 22nd Annual Report 2025_Knees.pdf,61,pdf_text,not_needed,stratum,"All unicondylar, uncemented/hybrid | medial, MBT","All unicondylar, uncemented/hybrid","medial, MBT",unicondylar,uncemented/hybrid,medial,,MBT,Male,>=75,≥75,,,,,32,,1,,,,,blank,False,cumulative_revision_km,"Kaplan-Meier (1-KM), percent",0.95,"All primary knee replacements, by sex, age group, fixation, constraint and bearing",
NJR,"England, Wales, Northern Ireland, Isle of Man, Guernsey",2025,to 2024-12-31,knee_casemix_sex_age_design,3.K6,UKA,NJR 22nd Annual Report 2025_Knees.pdf,61,pdf_text,not_needed,stratum,"All unicondylar, uncemented/hybrid | medial, MBT","All unicondylar, uncemented/hybrid","medial, MBT",unicondylar,uncemented/hybrid,medial,,MBT,Male,>=75,≥75,,,,,32,,3,0.0,,,,ci_not_estimable,True,cumulative_revision_km,"Kaplan-Meier (1-KM), percent",0.95,"All primary knee replacements, by sex, age group, fixation, constraint and bearing",
NJR,"England, Wales, Northern Ireland, Isle of Man, Guernsey",2025,to 2024-12-31,knee_casemix_sex_age_design,3.K6,UKA,NJR 22nd Annual Report 2025_Knees.pdf,61,pdf_text,not_needed,stratum,"All unicondylar, uncemented/hybrid | medial, MBT","All unicondylar, uncemented/hybrid","medial, MBT",unicondylar,uncemented/hybrid,medial,,MBT,Male,>=75,≥75,,,,,32,,5,0.0,,,,ci_not_estimable,True,cumulative_revision_km,"Kaplan-Meier (1-KM), percent",0.95,"All primary knee replacements, by sex, age group, fixation, constraint and bearing",
NJR,"England, Wales, Northern Ireland, Isle of Man, Guernsey",2025,to 2024-12-31,knee_casemix_sex_age_design,3.K6,UKA,NJR 22nd Annual Report 2025_Knees.pdf,61,pdf_text,not_needed,stratum,"All unicondylar, uncemented/hybrid | medial, MBT","All unicondylar, uncemented/hybrid","medial, MBT",unicondylar,uncemented/hybrid,medial,,MBT,Male,>=75,≥75,,,,,32,,10,0.0,,,,ci_not_estimable,True,cumulative_revision_km,"Kaplan-Meier (1-KM), percent",0.95,"All primary knee replacements, by sex, age group, fixation, constraint and bearing",
NJR,"England, Wales, Northern Ireland, Isle of Man, Guernsey",2025,to 2024-12-31,knee_casemix_sex_age_design,3.K6,UKA,NJR 22nd Annual Report 2025_Knees.pdf,61,pdf_text,not_needed,stratum,"All unicondylar, uncemented/hybrid | medial, MBT","All unicondylar, uncemented/hybrid","medial, MBT",unicondylar,uncemented/hybrid,medial,,MBT,Male,>=75,≥75,,,,,32,,15,,,,,blank,False,cumulative_revision_km,"Kaplan-Meier (1-KM), percent",0.95,"All primary knee replacements, by sex, age group, fixation, constraint and bearing",
NJR,"England, Wales, Northern Ireland, Isle of Man, Guernsey",2025,to 2024-12-31,knee_casemix_sex_age_design,3.K6,UKA,NJR 22nd Annual Report 2025_Knees.pdf,61,pdf_text,not_needed,stratum,"All unicondylar, uncemented/hybrid | medial, MBT","All unicondylar, uncemented/hybrid","medial, MBT",unicondylar,uncemented/hybrid,medial,,MBT,Male,>=75,≥75,,,,,32,,20,,,,,blank,False,cumulative_revision_km,"Kaplan-Meier (1-KM), percent",0.95,"All primary knee replacements, by sex, age group, fixation, constraint and bearing",
NJR,"England, Wales, Northern Ireland, Isle of Man, Guernsey",2025,to 2024-12-31,knee_casemix_sex_age_design,3.K6,UKA,NJR 22nd Annual Report 2025_Knees.pdf,61,pdf_text,not_needed,stratum,"All unicondylar, uncemented/hybrid | medial, MBT","All unicondylar, uncemented/hybrid","medial, MBT",unicondylar,uncemented/hybrid,medial,,MBT,Female,>=75,≥75,,,,,27,,1,,,,,blank,False,cumulative_revision_km,"Kaplan-Meier (1-KM), percent",0.95,"All primary knee replacements, by sex, age group, fixation, constraint and bearing",
NJR,"England, Wales, Northern Ireland, Isle of Man, Guernsey",2025,to 2024-12-31,knee_casemix_sex_age_design,3.K6,UKA,NJR 22nd Annual Report 2025_Knees.pdf,61,pdf_text,not_needed,stratum,"All unicondylar, uncemented/hybrid | medial, MBT","All unicondylar, uncemented/hybrid","medial, MBT",unicondylar,uncemented/hybrid,medial,,MBT,Female,>=75,≥75,,,,,27,,3,,,,,blank,False,cumulative_revision_km,"Kaplan-Meier (1-KM), percent",0.95,"All primary knee replacements, by sex, age group, fixation, constraint and bearing",
NJR,"England, Wales, Northern Ireland, Isle of Man, Guernsey",2025,to 2024-12-31,knee_casemix_sex_age_design,3.K6,UKA,NJR 22nd Annual Report 2025_Knees.pdf,61,pdf_text,not_needed,stratum,"All unicondylar, uncemented/hybrid | medial, MBT","All unicondylar, uncemented/hybrid","medial, MBT",unicondylar,uncemented/hybrid,medial,,MBT,Female,>=75,≥75,,,,,27,,5,0.0,,,,ci_not_estimable,True,cumulative_revision_km,"Kaplan-Meier (1-KM), percent",0.95,"All primary knee replacements, by sex, age group, fixation, constraint and bearing",
NJR,"England, Wales, Northern Ireland, Isle of Man, Guernsey",2025,to 2024-12-31,knee_casemix_sex_age_design,3.K6,UKA,NJR 22nd Annual Report 2025_Knees.pdf,61,pdf_text,not_needed,stratum,"All unicondylar, uncemented/hybrid | medial, MBT","All unicondylar, uncemented/hybrid","medial, MBT",unicondylar,uncemented/hybrid,medial,,MBT,Female,>=75,≥75,,,,,27,,10,0.0,,,,ci_not_estimable,True,cumulative_revision_km,"Kaplan-Meier (1-KM), percent",0.95,"All primary knee replacements, by sex, age group, fixation, constraint and bearing",
NJR,"England, Wales, Northern Ireland, Isle of Man, Guernsey",2025,to 2024-12-31,knee_casemix_sex_age_design,3.K6,UKA,NJR 22nd Annual Report 2025_Knees.pdf,61,pdf_text,not_needed,stratum,"All unicondylar, uncemented/hybrid | medial, MBT","All unicondylar, uncemented/hybrid","medial, MBT",unicondylar,uncemented/hybrid,medial,,MBT,Female,>=75,≥75,,,,,27,,15,,,,,blank,False,cumulative_revision_km,"Kaplan-Meier (1-KM), percent",0.95,"All primary knee replacements, by sex, age group, fixation, constraint and bearing",
NJR,"England, Wales, Northern Ireland, Isle of Man, Guernsey",2025,to 2024-12-31,knee_casemix_sex_age_design,3.K6,UKA,NJR 22nd Annual Report 2025_Knees.pdf,61,pdf_text,not_needed,stratum,"All unicondylar, uncemented/hybrid | medial, MBT","All unicondylar, uncemented/hybrid","medial, MBT",unicondylar,uncemented/hybrid,medial,,MBT,Female,>=75,≥75,,,,,27,,20,,,,,blank,False,cumulative_revision_km,"Kaplan-Meier (1-KM), percent",0.95,"All primary knee replacements, by sex, age group, fixation, constraint and bearing",
NJR,"England, Wales, Northern Ireland, Isle of Man, Guernsey",2025,to 2024-12-31,knee_casemix_sex_age_design,3.K6,UKA,NJR 22nd Annual Report 2025_Knees.pdf,61,pdf_text,not_needed,stratum,"All unicondylar, uncemented/hybrid | lateral, fixed","All unicondylar, uncemented/hybrid","lateral, fixed",unicondylar,uncemented/hybrid,lateral,,fixed,Male,>=75,≥75,,,,,75,,1,1.35,0.19,9.21,,ok,True,cumulative_revision_km,"Kaplan-Meier (1-KM), percent",0.95,"All primary knee replacements, by sex, age group, fixation, constraint and bearing",
NJR,"England, Wales, Northern Ireland, Isle of Man, Guernsey",2025,to 2024-12-31,knee_casemix_sex_age_design,3.K6,UKA,NJR 22nd Annual Report 2025_Knees.pdf,61,pdf_text,not_needed,stratum,"All unicondylar, uncemented/hybrid | lateral, fixed","All unicondylar, uncemented/hybrid","lateral, fixed",unicondylar,uncemented/hybrid,lateral,,fixed,Male,>=75,≥75,,,,,75,,3,3.08,0.77,11.9,,ok,True,cumulative_revision_km,"Kaplan-Meier (1-KM), percent",0.95,"All primary knee replacements, by sex, age group, fixation, constraint and bearing",
NJR,"England, Wales, Northern Ireland, Isle of Man, Guernsey",2025,to 2024-12-31,knee_casemix_sex_age_design,3.K6,UKA,NJR 22nd Annual Report 2025_Knees.pdf,61,pdf_text,not_needed,stratum,"All unicondylar, uncemented/hybrid | lateral, fixed","All unicondylar, uncemented/hybrid","lateral, fixed",unicondylar,uncemented/hybrid,lateral,,fixed,Male,>=75,≥75,,,,,75,,5,3.08,0.77,11.9,,ok,True,cumulative_revision_km,"Kaplan-Meier (1-KM), percent",0.95,"All primary knee replacements, by sex, age group, fixation, constraint and bearing",
NJR,"England, Wales, Northern Ireland, Isle of Man, Guernsey",2025,to 2024-12-31,knee_casemix_sex_age_design,3.K6,UKA,NJR 22nd Annual Report 2025_Knees.pdf,61,pdf_text,not_needed,stratum,"All unicondylar, uncemented/hybrid | lateral, fixed","All unicondylar, uncemented/hybrid","lateral, fixed",unicondylar,uncemented/hybrid,lateral,,fixed,Male,>=75,≥75,,,,,75,,10,,,,,blank,False,cumulative_revision_km,"Kaplan-Meier (1-KM), percent",0.95,"All primary knee replacements, by sex, age group, fixation, constraint and bearing",
NJR,"England, Wales, Northern Ireland, Isle of Man, Guernsey",2025,to 2024-12-31,knee_casemix_sex_age_design,3.K6,UKA,NJR 22nd Annual Report 2025_Knees.pdf,61,pdf_text,not_needed,stratum,"All unicondylar, uncemented/hybrid | lateral, fixed","All unicondylar, uncemented/hybrid","lateral, fixed",unicondylar,uncemented/hybrid,lateral,,fixed,Male,>=75,≥75,,,,,75,,15,,,,,blank,False,cumulative_revision_km,"Kaplan-Meier (1-KM), percent",0.95,"All primary knee replacements, by sex, age group, fixation, constraint and bearing",
NJR,"England, Wales, Northern Ireland, Isle of Man, Guernsey",2025,to 2024-12-31,knee_casemix_sex_age_design,3.K6,UKA,NJR 22nd Annual Report 2025_Knees.pdf,61,pdf_text,not_needed,stratum,"All unicondylar, uncemented/hybrid | lateral, fixed","All unicondylar, uncemented/hybrid","lateral, fixed",unicondylar,uncemented/hybrid,lateral,,fixed,Male,>=75,≥75,,,,,75,,20,,,,,blank,False,cumulative_revision_km,"Kaplan-Meier (1-KM), percent",0.95,"All primary knee replacements, by sex, age group, fixation, constraint and bearing",
NJR,"England, Wales, Northern Ireland, Isle of Man, Guernsey",2025,to 2024-12-31,knee_casemix_sex_age_design,3.K6,UKA,NJR 22nd Annual Report 2025_Knees.pdf,61,pdf_text,not_needed,stratum,"All unicondylar, uncemented/hybrid | lateral, fixed","All unicondylar, uncemented/hybrid","lateral, fixed",unicondylar,uncemented/hybrid,lateral,,fixed,Female,>=75,≥75,,,,,225,,1,1.47,0.48,4.5,,ok,True,cumulative_revision_km,"Kaplan-Meier (1-KM), percent",0.95,"All primary knee replacements, by sex, age group, fixation, constraint and bearing",
NJR,"England, Wales, Northern Ireland, Isle of Man, Guernsey",2025,to 2024-12-31,knee_casemix_sex_age_design,3.K6,UKA,NJR 22nd Annual Report 2025_Knees.pdf,61,pdf_text,not_needed,stratum,"All unicondylar, uncemented/hybrid | lateral, fixed","All unicondylar, uncemented/hybrid","lateral, fixed",unicondylar,uncemented/hybrid,lateral,,fixed,Female,>=75,≥75,,,,,225,,3,2.23,0.82,5.96,,ok,True,cumulative_revision_km,"Kaplan-Meier (1-KM), percent",0.95,"All primary knee replacements, by sex, age group, fixation, constraint and bearing",
NJR,"England, Wales, Northern Ireland, Isle of Man, Guernsey",2025,to 2024-12-31,knee_casemix_sex_age_design,3.K6,UKA,NJR 22nd Annual Report 2025_Knees.pdf,61,pdf_text,not_needed,stratum,"All unicondylar, uncemented/hybrid | lateral, fixed","All unicondylar, uncemented/hybrid","lateral, fixed",unicondylar,uncemented/hybrid,lateral,,fixed,Female,>=75,≥75,,,,,225,,5,5.01,2.03,12.08,,ok,True,cumulative_revision_km,"Kaplan-Meier (1-KM), percent",0.95,"All primary knee replacements, by sex, age group, fixation, constraint and bearing",
NJR,"England, Wales, Northern Ireland, Isle of Man, Guernsey",2025,to 2024-12-31,knee_casemix_sex_age_design,3.K6,UKA,NJR 22nd Annual Report 2025_Knees.pdf,61,pdf_text,not_needed,stratum,"All unicondylar, uncemented/hybrid | lateral, fixed","All unicondylar, uncemented/hybrid","lateral, fixed",unicondylar,uncemented/hybrid,lateral,,fixed,Female,>=75,≥75,,,,,225,,10,,,,,blank,False,cumulative_revision_km,"Kaplan-Meier (1-KM), percent",0.95,"All primary knee replacements, by sex, age group, fixation, constraint and bearing",
NJR,"England, Wales, Northern Ireland, Isle of Man, Guernsey",2025,to 2024-12-31,knee_casemix_sex_age_design,3.K6,UKA,NJR 22nd Annual Report 2025_Knees.pdf,61,pdf_text,not_needed,stratum,"All unicondylar, uncemented/hybrid | lateral, fixed","All unicondylar, uncemented/hybrid","lateral, fixed",unicondylar,uncemented/hybrid,lateral,,fixed,Female,>=75,≥75,,,,,225,,15,,,,,blank,False,cumulative_revision_km,"Kaplan-Meier (1-KM), percent",0.95,"All primary knee replacements, by sex, age group, fixation, constraint and bearing",
NJR,"England, Wales, Northern Ireland, Isle of Man, Guernsey",2025,to 2024-12-31,knee_casemix_sex_age_design,3.K6,UKA,NJR 22nd Annual Report 2025_Knees.pdf,61,pdf_text,not_needed,stratum,"All unicondylar, uncemented/hybrid | lateral, fixed","All unicondylar, uncemented/hybrid","lateral, fixed",unicondylar,uncemented/hybrid,lateral,,fixed,Female,>=75,≥75,,,,,225,,20,,,,,blank,False,cumulative_revision_km,"Kaplan-Meier (1-KM), percent",0.95,"All primary knee replacements, by sex, age group, fixation, constraint and bearing",
NJR,"England, Wales, Northern Ireland, Isle of Man, Guernsey",2025,to 2024-12-31,knee_casemix_sex_age_design,3.K6,UKA,NJR 22nd Annual Report 2025_Knees.pdf,61,pdf_text,not_needed,stratum,"All unicondylar, uncemented/hybrid | lateral, mobile","All unicondylar, uncemented/hybrid","lateral, mobile",unicondylar,uncemented/hybrid,lateral,,mobile,Male,>=75,≥75,,,,,37,,1,2.7,0.39,17.68,,ok,True,cumulative_revision_km,"Kaplan-Meier (1-KM), percent",0.95,"All primary knee replacements, by sex, age group, fixation, constraint and bearing",
NJR,"England, Wales, Northern Ireland, Isle of Man, Guernsey",2025,to 2024-12-31,knee_casemix_sex_age_design,3.K6,UKA,NJR 22nd Annual Report 2025_Knees.pdf,61,pdf_text,not_needed,stratum,"All unicondylar, uncemented/hybrid | lateral, mobile","All unicondylar, uncemented/hybrid","lateral, mobile",unicondylar,uncemented/hybrid,lateral,,mobile,Male,>=75,≥75,,,,,37,,3,2.7,0.39,17.68,,ok,True,cumulative_revision_km,"Kaplan-Meier (1-KM), percent",0.95,"All primary knee replacements, by sex, age group, fixation, constraint and bearing",
NJR,"England, Wales, Northern Ireland, Isle of Man, Guernsey",2025,to 2024-12-31,knee_casemix_sex_age_design,3.K6,UKA,NJR 22nd Annual Report 2025_Knees.pdf,61,pdf_text,not_needed,stratum,"All unicondylar, uncemented/hybrid | lateral, mobile","All unicondylar, uncemented/hybrid","lateral, mobile",unicondylar,uncemented/hybrid,lateral,,mobile,Male,>=75,≥75,,,,,37,,5,2.7,0.39,17.68,,ok,True,cumulative_revision_km,"Kaplan-Meier (1-KM), percent",0.95,"All primary knee replacements, by sex, age group, fixation, constraint and bearing",
NJR,"England, Wales, Northern Ireland, Isle of Man, Guernsey",2025,to 2024-12-31,knee_casemix_sex_age_design,3.K6,UKA,NJR 22nd Annual Report 2025_Knees.pdf,61,pdf_text,not_needed,stratum,"All unicondylar, uncemented/hybrid | lateral, mobile","All unicondylar, uncemented/hybrid","lateral, mobile",unicondylar,uncemented/hybrid,lateral,,mobile,Male,>=75,≥75,,,,,37,,10,2.7,0.39,17.68,,ok,True,cumulative_revision_km,"Kaplan-Meier (1-KM), percent",0.95,"All primary knee replacements, by sex, age group, fixation, constraint and bearing",
NJR,"England, Wales, Northern Ireland, Isle of Man, Guernsey",2025,to 2024-12-31,knee_casemix_sex_age_design,3.K6,UKA,NJR 22nd Annual Report 2025_Knees.pdf,61,pdf_text,not_needed,stratum,"All unicondylar, uncemented/hybrid | lateral, mobile","All unicondylar, uncemented/hybrid","lateral, mobile",unicondylar,uncemented/hybrid,lateral,,mobile,Male,>=75,≥75,,,,,37,,15,,,,,blank,False,cumulative_revision_km,"Kaplan-Meier (1-KM), percent",0.95,"All primary knee replacements, by sex, age group, fixation, constraint and bearing",
NJR,"England, Wales, Northern Ireland, Isle of Man, Guernsey",2025,to 2024-12-31,knee_casemix_sex_age_design,3.K6,UKA,NJR 22nd Annual Report 2025_Knees.pdf,61,pdf_text,not_needed,stratum,"All unicondylar, uncemented/hybrid | lateral, mobile","All unicondylar, uncemented/hybrid","lateral, mobile",unicondylar,uncemented/hybrid,lateral,,mobile,Male,>=75,≥75,,,,,37,,20,,,,,blank,False,cumulative_revision_km,"Kaplan-Meier (1-KM), percent",0.95,"All primary knee replacements, by sex, age group, fixation, constraint and bearing",
NJR,"England, Wales, Northern Ireland, Isle of Man, Guernsey",2025,to 2024-12-31,knee_casemix_sex_age_design,3.K6,UKA,NJR 22nd Annual Report 2025_Knees.pdf,61,pdf_text,not_needed,stratum,"All unicondylar, uncemented/hybrid | lateral, mobile","All unicondylar, uncemented/hybrid","lateral, mobile",unicondylar,uncemented/hybrid,lateral,,mobile,Female,>=75,≥75,,,,,71,,1,,,,,blank,False,cumulative_revision_km,"Kaplan-Meier (1-KM), percent",0.95,"All primary knee replacements, by sex, age group, fixation, constraint and bearing",
NJR,"England, Wales, Northern Ireland, Isle of Man, Guernsey",2025,to 2024-12-31,knee_casemix_sex_age_design,3.K6,UKA,NJR 22nd Annual Report 2025_Knees.pdf,61,pdf_text,not_needed,stratum,"All unicondylar, uncemented/hybrid | lateral, mobile","All unicondylar, uncemented/hybrid","lateral, mobile",unicondylar,uncemented/hybrid,lateral,,mobile,Female,>=75,≥75,,,,,71,,3,2.88,0.73,11.03,,ok,True,cumulative_revision_km,"Kaplan-Meier (1-KM), percent",0.95,"All primary knee replacements, by sex, age group, fixation, constraint and bearing",
NJR,"England, Wales, Northern Ireland, Isle of Man, Guernsey",2025,to 2024-12-31,knee_casemix_sex_age_design,3.K6,UKA,NJR 22nd Annual Report 2025_Knees.pdf,61,pdf_text,not_needed,stratum,"All unicondylar, uncemented/hybrid | lateral, mobile","All unicondylar, uncemented/hybrid","lateral, mobile",unicondylar,uncemented/hybrid,lateral,,mobile,Female,>=75,≥75,,,,,71,,5,4.35,1.42,12.89,,ok,True,cumulative_revision_km,"Kaplan-Meier (1-KM), percent",0.95,"All primary knee replacements, by sex, age group, fixation, constraint and bearing",
NJR,"England, Wales, Northern Ireland, Isle of Man, Guernsey",2025,to 2024-12-31,knee_casemix_sex_age_design,3.K6,UKA,NJR 22nd Annual Report 2025_Knees.pdf,61,pdf_text,not_needed,stratum,"All unicondylar, uncemented/hybrid | lateral, mobile","All unicondylar, uncemented/hybrid","lateral, mobile",unicondylar,uncemented/hybrid,lateral,,mobile,Female,>=75,≥75,,,,,71,,10,7.89,3.34,18.03,,ok,True,cumulative_revision_km,"Kaplan-Meier (1-KM), percent",0.95,"All primary knee replacements, by sex, age group, fixation, constraint and bearing",
NJR,"England, Wales, Northern Ireland, Isle of Man, Guernsey",2025,to 2024-12-31,knee_casemix_sex_age_design,3.K6,UKA,NJR 22nd Annual Report 2025_Knees.pdf,61,pdf_text,not_needed,stratum,"All unicondylar, uncemented/hybrid | lateral, mobile","All unicondylar, uncemented/hybrid","lateral, mobile",unicondylar,uncemented/hybrid,lateral,,mobile,Female,>=75,≥75,,,,,71,,15,,,,,blank,False,cumulative_revision_km,"Kaplan-Meier (1-KM), percent",0.95,"All primary knee replacements, by sex, age group, fixation, constraint and bearing",
NJR,"England, Wales, Northern Ireland, Isle of Man, Guernsey",2025,to 2024-12-31,knee_casemix_sex_age_design,3.K6,UKA,NJR 22nd Annual Report 2025_Knees.pdf,61,pdf_text,not_needed,stratum,"All unicondylar, uncemented/hybrid | lateral, mobile","All unicondylar, uncemented/hybrid","lateral, mobile",unicondylar,uncemented/hybrid,lateral,,mobile,Female,>=75,≥75,,,,,71,,20,,,,,blank,False,cumulative_revision_km,"Kaplan-Meier (1-KM), percent",0.95,"All primary knee replacements, by sex, age group, fixation, constraint and bearing",
NJR,"England, Wales, Northern Ireland, Isle of Man, Guernsey",2025,to 2024-12-31,knee_casemix_sex_age_design,3.K6,UKA,NJR 22nd Annual Report 2025_Knees.pdf,61,pdf_text,not_needed,stratum,"All unicondylar, uncemented/hybrid | lateral, MBT","All unicondylar, uncemented/hybrid","lateral, MBT",unicondylar,uncemented/hybrid,lateral,,MBT,Male,>=75,≥75,,,,,,,1,,,,,blank,False,cumulative_revision_km,"Kaplan-Meier (1-KM), percent",0.95,"All primary knee replacements, by sex, age group, fixation, constraint and bearing",n_total_m:suppressed<4
NJR,"England, Wales, Northern Ireland, Isle of Man, Guernsey",2025,to 2024-12-31,knee_casemix_sex_age_design,3.K6,UKA,NJR 22nd Annual Report 2025_Knees.pdf,61,pdf_text,not_needed,stratum,"All unicondylar, uncemented/hybrid | lateral, MBT","All unicondylar, uncemented/hybrid","lateral, MBT",unicondylar,uncemented/hybrid,lateral,,MBT,Male,>=75,≥75,,,,,,,3,,,,,blank,False,cumulative_revision_km,"Kaplan-Meier (1-KM), percent",0.95,"All primary knee replacements, by sex, age group, fixation, constraint and bearing",n_total_m:suppressed<4
NJR,"England, Wales, Northern Ireland, Isle of Man, Guernsey",2025,to 2024-12-31,knee_casemix_sex_age_design,3.K6,UKA,NJR 22nd Annual Report 2025_Knees.pdf,61,pdf_text,not_needed,stratum,"All unicondylar, uncemented/hybrid | lateral, MBT","All unicondylar, uncemented/hybrid","lateral, MBT",unicondylar,uncemented/hybrid,lateral,,MBT,Male,>=75,≥75,,,,,,,5,,,,,blank,False,cumulative_revision_km,"Kaplan-Meier (1-KM), percent",0.95,"All primary knee replacements, by sex, age group, fixation, constraint and bearing",n_total_m:suppressed<4
NJR,"England, Wales, Northern Ireland, Isle of Man, Guernsey",2025,to 2024-12-31,knee_casemix_sex_age_design,3.K6,UKA,NJR 22nd Annual Report 2025_Knees.pdf,61,pdf_text,not_needed,stratum,"All unicondylar, uncemented/hybrid | lateral, MBT","All unicondylar, uncemented/hybrid","lateral, MBT",unicondylar,uncemented/hybrid,lateral,,MBT,Male,>=75,≥75,,,,,,,10,,,,,blank,False,cumulative_revision_km,"Kaplan-Meier (1-KM), percent",0.95,"All primary knee replacements, by sex, age group, fixation, constraint and bearing",n_total_m:suppressed<4
NJR,"England, Wales, Northern Ireland, Isle of Man, Guernsey",2025,to 2024-12-31,knee_casemix_sex_age_design,3.K6,UKA,NJR 22nd Annual Report 2025_Knees.pdf,61,pdf_text,not_needed,stratum,"All unicondylar, uncemented/hybrid | lateral, MBT","All unicondylar, uncemented/hybrid","lateral, MBT",unicondylar,uncemented/hybrid,lateral,,MBT,Male,>=75,≥75,,,,,,,15,,,,,blank,False,cumulative_revision_km,"Kaplan-Meier (1-KM), percent",0.95,"All primary knee replacements, by sex, age group, fixation, constraint and bearing",n_total_m:suppressed<4
NJR,"England, Wales, Northern Ireland, Isle of Man, Guernsey",2025,to 2024-12-31,knee_casemix_sex_age_design,3.K6,UKA,NJR 22nd Annual Report 2025_Knees.pdf,61,pdf_text,not_needed,stratum,"All unicondylar, uncemented/hybrid | lateral, MBT","All unicondylar, uncemented/hybrid","lateral, MBT",unicondylar,uncemented/hybrid,lateral,,MBT,Male,>=75,≥75,,,,,,,20,,,,,blank,False,cumulative_revision_km,"Kaplan-Meier (1-KM), percent",0.95,"All primary knee replacements, by sex, age group, fixation, constraint and bearing",n_total_m:suppressed<4
NJR,"England, Wales, Northern Ireland, Isle of Man, Guernsey",2025,to 2024-12-31,knee_casemix_sex_age_design,3.K6,UKA,NJR 22nd Annual Report 2025_Knees.pdf,61,pdf_text,not_needed,stratum,"All unicondylar, uncemented/hybrid | lateral, MBT","All unicondylar, uncemented/hybrid","lateral, MBT",unicondylar,uncemented/hybrid,lateral,,MBT,Female,>=75,≥75,,,,,6,,1,,,,,blank,False,cumulative_revision_km,"Kaplan-Meier (1-KM), percent",0.95,"All primary knee replacements, by sex, age group, fixation, constraint and bearing",
NJR,"England, Wales, Northern Ireland, Isle of Man, Guernsey",2025,to 2024-12-31,knee_casemix_sex_age_design,3.K6,UKA,NJR 22nd Annual Report 2025_Knees.pdf,61,pdf_text,not_needed,stratum,"All unicondylar, uncemented/hybrid | lateral, MBT","All unicondylar, uncemented/hybrid","lateral, MBT",unicondylar,uncemented/hybrid,lateral,,MBT,Female,>=75,≥75,,,,,6,,3,,,,,blank,False,cumulative_revision_km,"Kaplan-Meier (1-KM), percent",0.95,"All primary knee replacements, by sex, age group, fixation, constraint and bearing",
NJR,"England, Wales, Northern Ireland, Isle of Man, Guernsey",2025,to 2024-12-31,knee_casemix_sex_age_design,3.K6,UKA,NJR 22nd Annual Report 2025_Knees.pdf,61,pdf_text,not_needed,stratum,"All unicondylar, uncemented/hybrid | lateral, MBT","All unicondylar, uncemented/hybrid","lateral, MBT",unicondylar,uncemented/hybrid,lateral,,MBT,Female,>=75,≥75,,,,,6,,5,,,,,blank,False,cumulative_revision_km,"Kaplan-Meier (1-KM), percent",0.95,"All primary knee replacements, by sex, age group, fixation, constraint and bearing",
NJR,"England, Wales, Northern Ireland, Isle of Man, Guernsey",2025,to 2024-12-31,knee_casemix_sex_age_design,3.K6,UKA,NJR 22nd Annual Report 2025_Knees.pdf,61,pdf_text,not_needed,stratum,"All unicondylar, uncemented/hybrid | lateral, MBT","All unicondylar, uncemented/hybrid","lateral, MBT",unicondylar,uncemented/hybrid,lateral,,MBT,Female,>=75,≥75,,,,,6,,10,,,,,blank,False,cumulative_revision_km,"Kaplan-Meier (1-KM), percent",0.95,"All primary knee replacements, by sex, age group, fixation, constraint and bearing",
NJR,"England, Wales, Northern Ireland, Isle of Man, Guernsey",2025,to 2024-12-31,knee_casemix_sex_age_design,3.K6,UKA,NJR 22nd Annual Report 2025_Knees.pdf,61,pdf_text,not_needed,stratum,"All unicondylar, uncemented/hybrid | lateral, MBT","All unicondylar, uncemented/hybrid","lateral, MBT",unicondylar,uncemented/hybrid,lateral,,MBT,Female,>=75,≥75,,,,,6,,15,,,,,blank,False,cumulative_revision_km,"Kaplan-Meier (1-KM), percent",0.95,"All primary knee replacements, by sex, age group, fixation, constraint and bearing",
NJR,"England, Wales, Northern Ireland, Isle of Man, Guernsey",2025,to 2024-12-31,knee_casemix_sex_age_design,3.K6,UKA,NJR 22nd Annual Report 2025_Knees.pdf,61,pdf_text,not_needed,stratum,"All unicondylar, uncemented/hybrid | lateral, MBT","All unicondylar, uncemented/hybrid","lateral, MBT",unicondylar,uncemented/hybrid,lateral,,MBT,Female,>=75,≥75,,,,,6,,20,,,,,blank,False,cumulative_revision_km,"Kaplan-Meier (1-KM), percent",0.95,"All primary knee replacements, by sex, age group, fixation, constraint and bearing",
