registry,country,report_year,data_period,table_key,table_id,procedure,pdf_file,pdf_page,source,verification,section,row_type,device_label,femoral,tibial,manufacturer_femoral,manufacturer_tibial,compartment,patella,n_total,n_revised,hospitals,age_median,age_q1,age_q3,mean_age,male_pct,ccs,years_implanted,time_yr,estimate,lcl,ucl,n_at_risk,value_status,low_at_risk,metric_type,metric_method,ci_level,population,row_flags
AOANJRR,Australia,2025,1999-09-01 to 2024-12-31,uka_prosthesis_combination,KP17,UKA,AOANJRR Full Report 2025.pdf,429,pdf_text,not_needed,,device,BalanSys Uni / BalanSys Uni Fixed,BalanSys Uni,BalanSys Uni Fixed,,,,,1435,89,,,,,,,,,1,1.9,1.3,2.8,,ok,False,cumulative_percent_revision,"Kaplan-Meier (1-KM), percent",0.95,Modern prostheses (used in the report year); prosthesis combinations with >200 procedures,
AOANJRR,Australia,2025,1999-09-01 to 2024-12-31,uka_prosthesis_combination,KP17,UKA,AOANJRR Full Report 2025.pdf,429,pdf_text,not_needed,,device,BalanSys Uni / BalanSys Uni Fixed,BalanSys Uni,BalanSys Uni Fixed,,,,,1435,89,,,,,,,,,3,3.8,2.9,5.0,,ok,False,cumulative_percent_revision,"Kaplan-Meier (1-KM), percent",0.95,Modern prostheses (used in the report year); prosthesis combinations with >200 procedures,
AOANJRR,Australia,2025,1999-09-01 to 2024-12-31,uka_prosthesis_combination,KP17,UKA,AOANJRR Full Report 2025.pdf,429,pdf_text,not_needed,,device,BalanSys Uni / BalanSys Uni Fixed,BalanSys Uni,BalanSys Uni Fixed,,,,,1435,89,,,,,,,,,5,4.8,3.8,6.2,,ok,False,cumulative_percent_revision,"Kaplan-Meier (1-KM), percent",0.95,Modern prostheses (used in the report year); prosthesis combinations with >200 procedures,
AOANJRR,Australia,2025,1999-09-01 to 2024-12-31,uka_prosthesis_combination,KP17,UKA,AOANJRR Full Report 2025.pdf,429,pdf_text,not_needed,,device,BalanSys Uni / BalanSys Uni Fixed,BalanSys Uni,BalanSys Uni Fixed,,,,,1435,89,,,,,,,,,10,8.9,6.9,11.5,,ok,False,cumulative_percent_revision,"Kaplan-Meier (1-KM), percent",0.95,Modern prostheses (used in the report year); prosthesis combinations with >200 procedures,
AOANJRR,Australia,2025,1999-09-01 to 2024-12-31,uka_prosthesis_combination,KP17,UKA,AOANJRR Full Report 2025.pdf,429,pdf_text,not_needed,,device,BalanSys Uni / BalanSys Uni Fixed,BalanSys Uni,BalanSys Uni Fixed,,,,,1435,89,,,,,,,,,15,13.5,10.1,17.8,,ok,False,cumulative_percent_revision,"Kaplan-Meier (1-KM), percent",0.95,Modern prostheses (used in the report year); prosthesis combinations with >200 procedures,
AOANJRR,Australia,2025,1999-09-01 to 2024-12-31,uka_prosthesis_combination,KP17,UKA,AOANJRR Full Report 2025.pdf,429,pdf_text,not_needed,,device,BalanSys Uni / BalanSys Uni Fixed,BalanSys Uni,BalanSys Uni Fixed,,,,,1435,89,,,,,,,,,20,,,,,blank,False,cumulative_percent_revision,"Kaplan-Meier (1-KM), percent",0.95,Modern prostheses (used in the report year); prosthesis combinations with >200 procedures,
AOANJRR,Australia,2025,1999-09-01 to 2024-12-31,uka_prosthesis_combination,KP17,UKA,AOANJRR Full Report 2025.pdf,429,pdf_text,not_needed,,device,Genus / Genus,Genus,Genus,,,,,675,35,,,,,,,,,1,3.2,2.1,4.9,,ok,False,cumulative_percent_revision,"Kaplan-Meier (1-KM), percent",0.95,Modern prostheses (used in the report year); prosthesis combinations with >200 procedures,
AOANJRR,Australia,2025,1999-09-01 to 2024-12-31,uka_prosthesis_combination,KP17,UKA,AOANJRR Full Report 2025.pdf,429,pdf_text,not_needed,,device,Genus / Genus,Genus,Genus,,,,,675,35,,,,,,,,,3,4.7,3.2,6.7,,ok,False,cumulative_percent_revision,"Kaplan-Meier (1-KM), percent",0.95,Modern prostheses (used in the report year); prosthesis combinations with >200 procedures,
AOANJRR,Australia,2025,1999-09-01 to 2024-12-31,uka_prosthesis_combination,KP17,UKA,AOANJRR Full Report 2025.pdf,429,pdf_text,not_needed,,device,Genus / Genus,Genus,Genus,,,,,675,35,,,,,,,,,5,7.0,4.8,10.2,,ok,False,cumulative_percent_revision,"Kaplan-Meier (1-KM), percent",0.95,Modern prostheses (used in the report year); prosthesis combinations with >200 procedures,
AOANJRR,Australia,2025,1999-09-01 to 2024-12-31,uka_prosthesis_combination,KP17,UKA,AOANJRR Full Report 2025.pdf,429,pdf_text,not_needed,,device,Genus / Genus,Genus,Genus,,,,,675,35,,,,,,,,,10,,,,,blank,False,cumulative_percent_revision,"Kaplan-Meier (1-KM), percent",0.95,Modern prostheses (used in the report year); prosthesis combinations with >200 procedures,
AOANJRR,Australia,2025,1999-09-01 to 2024-12-31,uka_prosthesis_combination,KP17,UKA,AOANJRR Full Report 2025.pdf,429,pdf_text,not_needed,,device,Genus / Genus,Genus,Genus,,,,,675,35,,,,,,,,,15,,,,,blank,False,cumulative_percent_revision,"Kaplan-Meier (1-KM), percent",0.95,Modern prostheses (used in the report year); prosthesis combinations with >200 procedures,
AOANJRR,Australia,2025,1999-09-01 to 2024-12-31,uka_prosthesis_combination,KP17,UKA,AOANJRR Full Report 2025.pdf,429,pdf_text,not_needed,,device,Genus / Genus,Genus,Genus,,,,,675,35,,,,,,,,,20,,,,,blank,False,cumulative_percent_revision,"Kaplan-Meier (1-KM), percent",0.95,Modern prostheses (used in the report year); prosthesis combinations with >200 procedures,
AOANJRR,Australia,2025,1999-09-01 to 2024-12-31,uka_prosthesis_combination,KP17,UKA,AOANJRR Full Report 2025.pdf,429,pdf_text,not_needed,,device,Journey Uni / Journey Uni (v2),Journey Uni,Journey Uni (v2),,,,,1719,116,,,,,,,,,1,2.3,1.7,3.2,,ok,False,cumulative_percent_revision,"Kaplan-Meier (1-KM), percent",0.95,Modern prostheses (used in the report year); prosthesis combinations with >200 procedures,
AOANJRR,Australia,2025,1999-09-01 to 2024-12-31,uka_prosthesis_combination,KP17,UKA,AOANJRR Full Report 2025.pdf,429,pdf_text,not_needed,,device,Journey Uni / Journey Uni (v2),Journey Uni,Journey Uni (v2),,,,,1719,116,,,,,,,,,3,5.2,4.2,6.5,,ok,False,cumulative_percent_revision,"Kaplan-Meier (1-KM), percent",0.95,Modern prostheses (used in the report year); prosthesis combinations with >200 procedures,
AOANJRR,Australia,2025,1999-09-01 to 2024-12-31,uka_prosthesis_combination,KP17,UKA,AOANJRR Full Report 2025.pdf,429,pdf_text,not_needed,,device,Journey Uni / Journey Uni (v2),Journey Uni,Journey Uni (v2),,,,,1719,116,,,,,,,,,5,6.9,5.7,8.4,,ok,False,cumulative_percent_revision,"Kaplan-Meier (1-KM), percent",0.95,Modern prostheses (used in the report year); prosthesis combinations with >200 procedures,
AOANJRR,Australia,2025,1999-09-01 to 2024-12-31,uka_prosthesis_combination,KP17,UKA,AOANJRR Full Report 2025.pdf,429,pdf_text,not_needed,,device,Journey Uni / Journey Uni (v2),Journey Uni,Journey Uni (v2),,,,,1719,116,,,,,,,,,10,11.3,9.0,14.2,,ok,False,cumulative_percent_revision,"Kaplan-Meier (1-KM), percent",0.95,Modern prostheses (used in the report year); prosthesis combinations with >200 procedures,
AOANJRR,Australia,2025,1999-09-01 to 2024-12-31,uka_prosthesis_combination,KP17,UKA,AOANJRR Full Report 2025.pdf,429,pdf_text,not_needed,,device,Journey Uni / Journey Uni (v2),Journey Uni,Journey Uni (v2),,,,,1719,116,,,,,,,,,15,,,,,blank,False,cumulative_percent_revision,"Kaplan-Meier (1-KM), percent",0.95,Modern prostheses (used in the report year); prosthesis combinations with >200 procedures,
AOANJRR,Australia,2025,1999-09-01 to 2024-12-31,uka_prosthesis_combination,KP17,UKA,AOANJRR Full Report 2025.pdf,429,pdf_text,not_needed,,device,Journey Uni / Journey Uni (v2),Journey Uni,Journey Uni (v2),,,,,1719,116,,,,,,,,,20,,,,,blank,False,cumulative_percent_revision,"Kaplan-Meier (1-KM), percent",0.95,Modern prostheses (used in the report year); prosthesis combinations with >200 procedures,
AOANJRR,Australia,2025,1999-09-01 to 2024-12-31,uka_prosthesis_combination,KP17,UKA,AOANJRR Full Report 2025.pdf,429,pdf_text,not_needed,,device,Journey Uni / Journey Uni All Poly,Journey Uni,Journey Uni All Poly,,,,,352,51,,,,,,,,,1,1.4,0.6,3.4,,ok,False,cumulative_percent_revision,"Kaplan-Meier (1-KM), percent",0.95,Modern prostheses (used in the report year); prosthesis combinations with >200 procedures,femoral_filled_down
AOANJRR,Australia,2025,1999-09-01 to 2024-12-31,uka_prosthesis_combination,KP17,UKA,AOANJRR Full Report 2025.pdf,429,pdf_text,not_needed,,device,Journey Uni / Journey Uni All Poly,Journey Uni,Journey Uni All Poly,,,,,352,51,,,,,,,,,3,6.4,4.3,9.6,,ok,False,cumulative_percent_revision,"Kaplan-Meier (1-KM), percent",0.95,Modern prostheses (used in the report year); prosthesis combinations with >200 procedures,femoral_filled_down
AOANJRR,Australia,2025,1999-09-01 to 2024-12-31,uka_prosthesis_combination,KP17,UKA,AOANJRR Full Report 2025.pdf,429,pdf_text,not_needed,,device,Journey Uni / Journey Uni All Poly,Journey Uni,Journey Uni All Poly,,,,,352,51,,,,,,,,,5,9.2,6.6,12.9,,ok,False,cumulative_percent_revision,"Kaplan-Meier (1-KM), percent",0.95,Modern prostheses (used in the report year); prosthesis combinations with >200 procedures,femoral_filled_down
AOANJRR,Australia,2025,1999-09-01 to 2024-12-31,uka_prosthesis_combination,KP17,UKA,AOANJRR Full Report 2025.pdf,429,pdf_text,not_needed,,device,Journey Uni / Journey Uni All Poly,Journey Uni,Journey Uni All Poly,,,,,352,51,,,,,,,,,10,15.1,11.4,19.9,,ok,False,cumulative_percent_revision,"Kaplan-Meier (1-KM), percent",0.95,Modern prostheses (used in the report year); prosthesis combinations with >200 procedures,femoral_filled_down
AOANJRR,Australia,2025,1999-09-01 to 2024-12-31,uka_prosthesis_combination,KP17,UKA,AOANJRR Full Report 2025.pdf,429,pdf_text,not_needed,,device,Journey Uni / Journey Uni All Poly,Journey Uni,Journey Uni All Poly,,,,,352,51,,,,,,,,,15,,,,,blank,False,cumulative_percent_revision,"Kaplan-Meier (1-KM), percent",0.95,Modern prostheses (used in the report year); prosthesis combinations with >200 procedures,femoral_filled_down
AOANJRR,Australia,2025,1999-09-01 to 2024-12-31,uka_prosthesis_combination,KP17,UKA,AOANJRR Full Report 2025.pdf,429,pdf_text,not_needed,,device,Journey Uni / Journey Uni All Poly,Journey Uni,Journey Uni All Poly,,,,,352,51,,,,,,,,,20,,,,,blank,False,cumulative_percent_revision,"Kaplan-Meier (1-KM), percent",0.95,Modern prostheses (used in the report year); prosthesis combinations with >200 procedures,femoral_filled_down
AOANJRR,Australia,2025,1999-09-01 to 2024-12-31,uka_prosthesis_combination,KP17,UKA,AOANJRR Full Report 2025.pdf,429,pdf_text,not_needed,,device,Oxford (cless) / Oxford (cless),Oxford (cless),Oxford (cless),,,,,10442,826,,,,,,,,,1,2.6,2.3,2.9,,ok,False,cumulative_percent_revision,"Kaplan-Meier (1-KM), percent",0.95,Modern prostheses (used in the report year); prosthesis combinations with >200 procedures,
AOANJRR,Australia,2025,1999-09-01 to 2024-12-31,uka_prosthesis_combination,KP17,UKA,AOANJRR Full Report 2025.pdf,429,pdf_text,not_needed,,device,Oxford (cless) / Oxford (cless),Oxford (cless),Oxford (cless),,,,,10442,826,,,,,,,,,3,4.5,4.1,5.0,,ok,False,cumulative_percent_revision,"Kaplan-Meier (1-KM), percent",0.95,Modern prostheses (used in the report year); prosthesis combinations with >200 procedures,
AOANJRR,Australia,2025,1999-09-01 to 2024-12-31,uka_prosthesis_combination,KP17,UKA,AOANJRR Full Report 2025.pdf,429,pdf_text,not_needed,,device,Oxford (cless) / Oxford (cless),Oxford (cless),Oxford (cless),,,,,10442,826,,,,,,,,,5,5.8,5.3,6.3,,ok,False,cumulative_percent_revision,"Kaplan-Meier (1-KM), percent",0.95,Modern prostheses (used in the report year); prosthesis combinations with >200 procedures,
AOANJRR,Australia,2025,1999-09-01 to 2024-12-31,uka_prosthesis_combination,KP17,UKA,AOANJRR Full Report 2025.pdf,429,pdf_text,not_needed,,device,Oxford (cless) / Oxford (cless),Oxford (cless),Oxford (cless),,,,,10442,826,,,,,,,,,10,10.3,9.6,11.2,,ok,False,cumulative_percent_revision,"Kaplan-Meier (1-KM), percent",0.95,Modern prostheses (used in the report year); prosthesis combinations with >200 procedures,
AOANJRR,Australia,2025,1999-09-01 to 2024-12-31,uka_prosthesis_combination,KP17,UKA,AOANJRR Full Report 2025.pdf,429,pdf_text,not_needed,,device,Oxford (cless) / Oxford (cless),Oxford (cless),Oxford (cless),,,,,10442,826,,,,,,,,,15,18.9,17.0,21.0,,ok,False,cumulative_percent_revision,"Kaplan-Meier (1-KM), percent",0.95,Modern prostheses (used in the report year); prosthesis combinations with >200 procedures,
AOANJRR,Australia,2025,1999-09-01 to 2024-12-31,uka_prosthesis_combination,KP17,UKA,AOANJRR Full Report 2025.pdf,429,pdf_text,not_needed,,device,Oxford (cless) / Oxford (cless),Oxford (cless),Oxford (cless),,,,,10442,826,,,,,,,,,20,,,,,blank,False,cumulative_percent_revision,"Kaplan-Meier (1-KM), percent",0.95,Modern prostheses (used in the report year); prosthesis combinations with >200 procedures,
AOANJRR,Australia,2025,1999-09-01 to 2024-12-31,uka_prosthesis_combination,KP17,UKA,AOANJRR Full Report 2025.pdf,429,pdf_text,not_needed,,device,Oxford (cless) / Oxford (ctd),Oxford (cless),Oxford (ctd),,,,,550,66,,,,,,,,,1,3.2,2.0,5.1,,ok,False,cumulative_percent_revision,"Kaplan-Meier (1-KM), percent",0.95,Modern prostheses (used in the report year); prosthesis combinations with >200 procedures,femoral_filled_down
AOANJRR,Australia,2025,1999-09-01 to 2024-12-31,uka_prosthesis_combination,KP17,UKA,AOANJRR Full Report 2025.pdf,429,pdf_text,not_needed,,device,Oxford (cless) / Oxford (ctd),Oxford (cless),Oxford (ctd),,,,,550,66,,,,,,,,,3,6.3,4.5,8.8,,ok,False,cumulative_percent_revision,"Kaplan-Meier (1-KM), percent",0.95,Modern prostheses (used in the report year); prosthesis combinations with >200 procedures,femoral_filled_down
AOANJRR,Australia,2025,1999-09-01 to 2024-12-31,uka_prosthesis_combination,KP17,UKA,AOANJRR Full Report 2025.pdf,429,pdf_text,not_needed,,device,Oxford (cless) / Oxford (ctd),Oxford (cless),Oxford (ctd),,,,,550,66,,,,,,,,,5,9.0,6.7,11.9,,ok,False,cumulative_percent_revision,"Kaplan-Meier (1-KM), percent",0.95,Modern prostheses (used in the report year); prosthesis combinations with >200 procedures,femoral_filled_down
AOANJRR,Australia,2025,1999-09-01 to 2024-12-31,uka_prosthesis_combination,KP17,UKA,AOANJRR Full Report 2025.pdf,429,pdf_text,not_needed,,device,Oxford (cless) / Oxford (ctd),Oxford (cless),Oxford (ctd),,,,,550,66,,,,,,,,,10,14.4,11.1,18.4,,ok,False,cumulative_percent_revision,"Kaplan-Meier (1-KM), percent",0.95,Modern prostheses (used in the report year); prosthesis combinations with >200 procedures,femoral_filled_down
AOANJRR,Australia,2025,1999-09-01 to 2024-12-31,uka_prosthesis_combination,KP17,UKA,AOANJRR Full Report 2025.pdf,429,pdf_text,not_needed,,device,Oxford (cless) / Oxford (ctd),Oxford (cless),Oxford (ctd),,,,,550,66,,,,,,,,,15,,,,,blank,False,cumulative_percent_revision,"Kaplan-Meier (1-KM), percent",0.95,Modern prostheses (used in the report year); prosthesis combinations with >200 procedures,femoral_filled_down
AOANJRR,Australia,2025,1999-09-01 to 2024-12-31,uka_prosthesis_combination,KP17,UKA,AOANJRR Full Report 2025.pdf,429,pdf_text,not_needed,,device,Oxford (cless) / Oxford (ctd),Oxford (cless),Oxford (ctd),,,,,550,66,,,,,,,,,20,,,,,blank,False,cumulative_percent_revision,"Kaplan-Meier (1-KM), percent",0.95,Modern prostheses (used in the report year); prosthesis combinations with >200 procedures,femoral_filled_down
AOANJRR,Australia,2025,1999-09-01 to 2024-12-31,uka_prosthesis_combination,KP17,UKA,AOANJRR Full Report 2025.pdf,429,pdf_text,not_needed,,device,Oxford (ctd) / Oxford (ctd),Oxford (ctd),Oxford (ctd),,,,,13753,2911,,,,,,,,,1,2.1,1.9,2.4,,ok,False,cumulative_percent_revision,"Kaplan-Meier (1-KM), percent",0.95,Modern prostheses (used in the report year); prosthesis combinations with >200 procedures,
AOANJRR,Australia,2025,1999-09-01 to 2024-12-31,uka_prosthesis_combination,KP17,UKA,AOANJRR Full Report 2025.pdf,429,pdf_text,not_needed,,device,Oxford (ctd) / Oxford (ctd),Oxford (ctd),Oxford (ctd),,,,,13753,2911,,,,,,,,,3,5.7,5.3,6.1,,ok,False,cumulative_percent_revision,"Kaplan-Meier (1-KM), percent",0.95,Modern prostheses (used in the report year); prosthesis combinations with >200 procedures,
AOANJRR,Australia,2025,1999-09-01 to 2024-12-31,uka_prosthesis_combination,KP17,UKA,AOANJRR Full Report 2025.pdf,429,pdf_text,not_needed,,device,Oxford (ctd) / Oxford (ctd),Oxford (ctd),Oxford (ctd),,,,,13753,2911,,,,,,,,,5,8.1,7.6,8.6,,ok,False,cumulative_percent_revision,"Kaplan-Meier (1-KM), percent",0.95,Modern prostheses (used in the report year); prosthesis combinations with >200 procedures,
AOANJRR,Australia,2025,1999-09-01 to 2024-12-31,uka_prosthesis_combination,KP17,UKA,AOANJRR Full Report 2025.pdf,429,pdf_text,not_needed,,device,Oxford (ctd) / Oxford (ctd),Oxford (ctd),Oxford (ctd),,,,,13753,2911,,,,,,,,,10,14.5,13.9,15.2,,ok,False,cumulative_percent_revision,"Kaplan-Meier (1-KM), percent",0.95,Modern prostheses (used in the report year); prosthesis combinations with >200 procedures,
AOANJRR,Australia,2025,1999-09-01 to 2024-12-31,uka_prosthesis_combination,KP17,UKA,AOANJRR Full Report 2025.pdf,429,pdf_text,not_needed,,device,Oxford (ctd) / Oxford (ctd),Oxford (ctd),Oxford (ctd),,,,,13753,2911,,,,,,,,,15,22.0,21.2,22.8,,ok,False,cumulative_percent_revision,"Kaplan-Meier (1-KM), percent",0.95,Modern prostheses (used in the report year); prosthesis combinations with >200 procedures,
AOANJRR,Australia,2025,1999-09-01 to 2024-12-31,uka_prosthesis_combination,KP17,UKA,AOANJRR Full Report 2025.pdf,429,pdf_text,not_needed,,device,Oxford (ctd) / Oxford (ctd),Oxford (ctd),Oxford (ctd),,,,,13753,2911,,,,,,,,,20,30.3,29.3,31.5,,ok,False,cumulative_percent_revision,"Kaplan-Meier (1-KM), percent",0.95,Modern prostheses (used in the report year); prosthesis combinations with >200 procedures,
AOANJRR,Australia,2025,1999-09-01 to 2024-12-31,uka_prosthesis_combination,KP17,UKA,AOANJRR Full Report 2025.pdf,429,pdf_text,not_needed,,device,Persona / Persona,Persona,Persona,,,,,2847,66,,,,,,,,,1,1.3,0.9,1.9,,ok,False,cumulative_percent_revision,"Kaplan-Meier (1-KM), percent",0.95,Modern prostheses (used in the report year); prosthesis combinations with >200 procedures,
AOANJRR,Australia,2025,1999-09-01 to 2024-12-31,uka_prosthesis_combination,KP17,UKA,AOANJRR Full Report 2025.pdf,429,pdf_text,not_needed,,device,Persona / Persona,Persona,Persona,,,,,2847,66,,,,,,,,,3,3.6,2.8,4.8,,ok,False,cumulative_percent_revision,"Kaplan-Meier (1-KM), percent",0.95,Modern prostheses (used in the report year); prosthesis combinations with >200 procedures,
AOANJRR,Australia,2025,1999-09-01 to 2024-12-31,uka_prosthesis_combination,KP17,UKA,AOANJRR Full Report 2025.pdf,429,pdf_text,not_needed,,device,Persona / Persona,Persona,Persona,,,,,2847,66,,,,,,,,,5,,,,,blank,False,cumulative_percent_revision,"Kaplan-Meier (1-KM), percent",0.95,Modern prostheses (used in the report year); prosthesis combinations with >200 procedures,
AOANJRR,Australia,2025,1999-09-01 to 2024-12-31,uka_prosthesis_combination,KP17,UKA,AOANJRR Full Report 2025.pdf,429,pdf_text,not_needed,,device,Persona / Persona,Persona,Persona,,,,,2847,66,,,,,,,,,10,,,,,blank,False,cumulative_percent_revision,"Kaplan-Meier (1-KM), percent",0.95,Modern prostheses (used in the report year); prosthesis combinations with >200 procedures,
AOANJRR,Australia,2025,1999-09-01 to 2024-12-31,uka_prosthesis_combination,KP17,UKA,AOANJRR Full Report 2025.pdf,429,pdf_text,not_needed,,device,Persona / Persona,Persona,Persona,,,,,2847,66,,,,,,,,,15,,,,,blank,False,cumulative_percent_revision,"Kaplan-Meier (1-KM), percent",0.95,Modern prostheses (used in the report year); prosthesis combinations with >200 procedures,
AOANJRR,Australia,2025,1999-09-01 to 2024-12-31,uka_prosthesis_combination,KP17,UKA,AOANJRR Full Report 2025.pdf,429,pdf_text,not_needed,,device,Persona / Persona,Persona,Persona,,,,,2847,66,,,,,,,,,20,,,,,blank,False,cumulative_percent_revision,"Kaplan-Meier (1-KM), percent",0.95,Modern prostheses (used in the report year); prosthesis combinations with >200 procedures,
AOANJRR,Australia,2025,1999-09-01 to 2024-12-31,uka_prosthesis_combination,KP17,UKA,AOANJRR Full Report 2025.pdf,429,pdf_text,not_needed,,device,Restoris MCK / Restoris MCK,Restoris MCK,Restoris MCK,,,,,6792,145,,,,,,,,,1,0.7,0.5,1.0,,ok,False,cumulative_percent_revision,"Kaplan-Meier (1-KM), percent",0.95,Modern prostheses (used in the report year); prosthesis combinations with >200 procedures,
AOANJRR,Australia,2025,1999-09-01 to 2024-12-31,uka_prosthesis_combination,KP17,UKA,AOANJRR Full Report 2025.pdf,429,pdf_text,not_needed,,device,Restoris MCK / Restoris MCK,Restoris MCK,Restoris MCK,,,,,6792,145,,,,,,,,,3,2.7,2.3,3.3,,ok,False,cumulative_percent_revision,"Kaplan-Meier (1-KM), percent",0.95,Modern prostheses (used in the report year); prosthesis combinations with >200 procedures,
AOANJRR,Australia,2025,1999-09-01 to 2024-12-31,uka_prosthesis_combination,KP17,UKA,AOANJRR Full Report 2025.pdf,429,pdf_text,not_needed,,device,Restoris MCK / Restoris MCK,Restoris MCK,Restoris MCK,,,,,6792,145,,,,,,,,,5,4.1,3.4,4.9,,ok,False,cumulative_percent_revision,"Kaplan-Meier (1-KM), percent",0.95,Modern prostheses (used in the report year); prosthesis combinations with >200 procedures,
AOANJRR,Australia,2025,1999-09-01 to 2024-12-31,uka_prosthesis_combination,KP17,UKA,AOANJRR Full Report 2025.pdf,429,pdf_text,not_needed,,device,Restoris MCK / Restoris MCK,Restoris MCK,Restoris MCK,,,,,6792,145,,,,,,,,,10,,,,,blank,False,cumulative_percent_revision,"Kaplan-Meier (1-KM), percent",0.95,Modern prostheses (used in the report year); prosthesis combinations with >200 procedures,
AOANJRR,Australia,2025,1999-09-01 to 2024-12-31,uka_prosthesis_combination,KP17,UKA,AOANJRR Full Report 2025.pdf,429,pdf_text,not_needed,,device,Restoris MCK / Restoris MCK,Restoris MCK,Restoris MCK,,,,,6792,145,,,,,,,,,15,,,,,blank,False,cumulative_percent_revision,"Kaplan-Meier (1-KM), percent",0.95,Modern prostheses (used in the report year); prosthesis combinations with >200 procedures,
AOANJRR,Australia,2025,1999-09-01 to 2024-12-31,uka_prosthesis_combination,KP17,UKA,AOANJRR Full Report 2025.pdf,429,pdf_text,not_needed,,device,Restoris MCK / Restoris MCK,Restoris MCK,Restoris MCK,,,,,6792,145,,,,,,,,,20,,,,,blank,False,cumulative_percent_revision,"Kaplan-Meier (1-KM), percent",0.95,Modern prostheses (used in the report year); prosthesis combinations with >200 procedures,
AOANJRR,Australia,2025,1999-09-01 to 2024-12-31,uka_prosthesis_combination,KP17,UKA,AOANJRR Full Report 2025.pdf,429,pdf_text,not_needed,,device,Sigma HP / Sigma HP,Sigma HP,Sigma HP,,,,,2015,116,,,,,,,,,1,1.1,0.7,1.7,,ok,False,cumulative_percent_revision,"Kaplan-Meier (1-KM), percent",0.95,Modern prostheses (used in the report year); prosthesis combinations with >200 procedures,
AOANJRR,Australia,2025,1999-09-01 to 2024-12-31,uka_prosthesis_combination,KP17,UKA,AOANJRR Full Report 2025.pdf,429,pdf_text,not_needed,,device,Sigma HP / Sigma HP,Sigma HP,Sigma HP,,,,,2015,116,,,,,,,,,3,3.0,2.3,3.9,,ok,False,cumulative_percent_revision,"Kaplan-Meier (1-KM), percent",0.95,Modern prostheses (used in the report year); prosthesis combinations with >200 procedures,
AOANJRR,Australia,2025,1999-09-01 to 2024-12-31,uka_prosthesis_combination,KP17,UKA,AOANJRR Full Report 2025.pdf,429,pdf_text,not_needed,,device,Sigma HP / Sigma HP,Sigma HP,Sigma HP,,,,,2015,116,,,,,,,,,5,4.3,3.5,5.4,,ok,False,cumulative_percent_revision,"Kaplan-Meier (1-KM), percent",0.95,Modern prostheses (used in the report year); prosthesis combinations with >200 procedures,
AOANJRR,Australia,2025,1999-09-01 to 2024-12-31,uka_prosthesis_combination,KP17,UKA,AOANJRR Full Report 2025.pdf,429,pdf_text,not_needed,,device,Sigma HP / Sigma HP,Sigma HP,Sigma HP,,,,,2015,116,,,,,,,,,10,7.3,5.9,9.0,,ok,False,cumulative_percent_revision,"Kaplan-Meier (1-KM), percent",0.95,Modern prostheses (used in the report year); prosthesis combinations with >200 procedures,
AOANJRR,Australia,2025,1999-09-01 to 2024-12-31,uka_prosthesis_combination,KP17,UKA,AOANJRR Full Report 2025.pdf,429,pdf_text,not_needed,,device,Sigma HP / Sigma HP,Sigma HP,Sigma HP,,,,,2015,116,,,,,,,,,15,12.2,9.6,15.4,,ok,False,cumulative_percent_revision,"Kaplan-Meier (1-KM), percent",0.95,Modern prostheses (used in the report year); prosthesis combinations with >200 procedures,
AOANJRR,Australia,2025,1999-09-01 to 2024-12-31,uka_prosthesis_combination,KP17,UKA,AOANJRR Full Report 2025.pdf,429,pdf_text,not_needed,,device,Sigma HP / Sigma HP,Sigma HP,Sigma HP,,,,,2015,116,,,,,,,,,20,,,,,blank,False,cumulative_percent_revision,"Kaplan-Meier (1-KM), percent",0.95,Modern prostheses (used in the report year); prosthesis combinations with >200 procedures,
AOANJRR,Australia,2025,1999-09-01 to 2024-12-31,uka_prosthesis_combination,KP17,UKA,AOANJRR Full Report 2025.pdf,429,pdf_text,not_needed,,device,Triathlon PKR / Triathlon PKR,Triathlon PKR,Triathlon PKR,,,,,386,40,,,,,,,,,1,3.1,1.8,5.4,,ok,False,cumulative_percent_revision,"Kaplan-Meier (1-KM), percent",0.95,Modern prostheses (used in the report year); prosthesis combinations with >200 procedures,
AOANJRR,Australia,2025,1999-09-01 to 2024-12-31,uka_prosthesis_combination,KP17,UKA,AOANJRR Full Report 2025.pdf,429,pdf_text,not_needed,,device,Triathlon PKR / Triathlon PKR,Triathlon PKR,Triathlon PKR,,,,,386,40,,,,,,,,,3,6.8,4.7,9.9,,ok,False,cumulative_percent_revision,"Kaplan-Meier (1-KM), percent",0.95,Modern prostheses (used in the report year); prosthesis combinations with >200 procedures,
AOANJRR,Australia,2025,1999-09-01 to 2024-12-31,uka_prosthesis_combination,KP17,UKA,AOANJRR Full Report 2025.pdf,429,pdf_text,not_needed,,device,Triathlon PKR / Triathlon PKR,Triathlon PKR,Triathlon PKR,,,,,386,40,,,,,,,,,5,8.2,5.8,11.5,,ok,False,cumulative_percent_revision,"Kaplan-Meier (1-KM), percent",0.95,Modern prostheses (used in the report year); prosthesis combinations with >200 procedures,
AOANJRR,Australia,2025,1999-09-01 to 2024-12-31,uka_prosthesis_combination,KP17,UKA,AOANJRR Full Report 2025.pdf,429,pdf_text,not_needed,,device,Triathlon PKR / Triathlon PKR,Triathlon PKR,Triathlon PKR,,,,,386,40,,,,,,,,,10,11.8,8.7,16.0,,ok,False,cumulative_percent_revision,"Kaplan-Meier (1-KM), percent",0.95,Modern prostheses (used in the report year); prosthesis combinations with >200 procedures,
AOANJRR,Australia,2025,1999-09-01 to 2024-12-31,uka_prosthesis_combination,KP17,UKA,AOANJRR Full Report 2025.pdf,429,pdf_text,not_needed,,device,Triathlon PKR / Triathlon PKR,Triathlon PKR,Triathlon PKR,,,,,386,40,,,,,,,,,15,,,,,blank,False,cumulative_percent_revision,"Kaplan-Meier (1-KM), percent",0.95,Modern prostheses (used in the report year); prosthesis combinations with >200 procedures,
AOANJRR,Australia,2025,1999-09-01 to 2024-12-31,uka_prosthesis_combination,KP17,UKA,AOANJRR Full Report 2025.pdf,429,pdf_text,not_needed,,device,Triathlon PKR / Triathlon PKR,Triathlon PKR,Triathlon PKR,,,,,386,40,,,,,,,,,20,,,,,blank,False,cumulative_percent_revision,"Kaplan-Meier (1-KM), percent",0.95,Modern prostheses (used in the report year); prosthesis combinations with >200 procedures,
AOANJRR,Australia,2025,1999-09-01 to 2024-12-31,uka_prosthesis_combination,KP17,UKA,AOANJRR Full Report 2025.pdf,429,pdf_text,not_needed,,device,ZUK / ZUK,ZUK,ZUK,,,,,9673,772,,,,,,,,,1,1.5,1.3,1.8,,ok,False,cumulative_percent_revision,"Kaplan-Meier (1-KM), percent",0.95,Modern prostheses (used in the report year); prosthesis combinations with >200 procedures,
AOANJRR,Australia,2025,1999-09-01 to 2024-12-31,uka_prosthesis_combination,KP17,UKA,AOANJRR Full Report 2025.pdf,429,pdf_text,not_needed,,device,ZUK / ZUK,ZUK,ZUK,,,,,9673,772,,,,,,,,,3,3.4,3.1,3.8,,ok,False,cumulative_percent_revision,"Kaplan-Meier (1-KM), percent",0.95,Modern prostheses (used in the report year); prosthesis combinations with >200 procedures,
AOANJRR,Australia,2025,1999-09-01 to 2024-12-31,uka_prosthesis_combination,KP17,UKA,AOANJRR Full Report 2025.pdf,429,pdf_text,not_needed,,device,ZUK / ZUK,ZUK,ZUK,,,,,9673,772,,,,,,,,,5,4.6,4.2,5.1,,ok,False,cumulative_percent_revision,"Kaplan-Meier (1-KM), percent",0.95,Modern prostheses (used in the report year); prosthesis combinations with >200 procedures,
AOANJRR,Australia,2025,1999-09-01 to 2024-12-31,uka_prosthesis_combination,KP17,UKA,AOANJRR Full Report 2025.pdf,429,pdf_text,not_needed,,device,ZUK / ZUK,ZUK,ZUK,,,,,9673,772,,,,,,,,,10,8.0,7.4,8.7,,ok,False,cumulative_percent_revision,"Kaplan-Meier (1-KM), percent",0.95,Modern prostheses (used in the report year); prosthesis combinations with >200 procedures,
AOANJRR,Australia,2025,1999-09-01 to 2024-12-31,uka_prosthesis_combination,KP17,UKA,AOANJRR Full Report 2025.pdf,429,pdf_text,not_needed,,device,ZUK / ZUK,ZUK,ZUK,,,,,9673,772,,,,,,,,,15,12.4,11.5,13.5,,ok,False,cumulative_percent_revision,"Kaplan-Meier (1-KM), percent",0.95,Modern prostheses (used in the report year); prosthesis combinations with >200 procedures,
AOANJRR,Australia,2025,1999-09-01 to 2024-12-31,uka_prosthesis_combination,KP17,UKA,AOANJRR Full Report 2025.pdf,429,pdf_text,not_needed,,device,ZUK / ZUK,ZUK,ZUK,,,,,9673,772,,,,,,,,,20,,,,,blank,False,cumulative_percent_revision,"Kaplan-Meier (1-KM), percent",0.95,Modern prostheses (used in the report year); prosthesis combinations with >200 procedures,
AOANJRR,Australia,2025,1999-09-01 to 2024-12-31,uka_prosthesis_combination,KP17,UKA,AOANJRR Full Report 2025.pdf,429,pdf_text,not_needed,,other,Other (5),Other (5),,,,,,271,25,,,,,,,,,1,3.8,2.1,7.0,,ok,False,cumulative_percent_revision,"Kaplan-Meier (1-KM), percent",0.95,Modern prostheses (used in the report year); prosthesis combinations with >200 procedures,
AOANJRR,Australia,2025,1999-09-01 to 2024-12-31,uka_prosthesis_combination,KP17,UKA,AOANJRR Full Report 2025.pdf,429,pdf_text,not_needed,,other,Other (5),Other (5),,,,,,271,25,,,,,,,,,3,5.7,3.4,9.4,,ok,False,cumulative_percent_revision,"Kaplan-Meier (1-KM), percent",0.95,Modern prostheses (used in the report year); prosthesis combinations with >200 procedures,
AOANJRR,Australia,2025,1999-09-01 to 2024-12-31,uka_prosthesis_combination,KP17,UKA,AOANJRR Full Report 2025.pdf,429,pdf_text,not_needed,,other,Other (5),Other (5),,,,,,271,25,,,,,,,,,5,8.1,5.1,12.7,,ok,False,cumulative_percent_revision,"Kaplan-Meier (1-KM), percent",0.95,Modern prostheses (used in the report year); prosthesis combinations with >200 procedures,
AOANJRR,Australia,2025,1999-09-01 to 2024-12-31,uka_prosthesis_combination,KP17,UKA,AOANJRR Full Report 2025.pdf,429,pdf_text,not_needed,,other,Other (5),Other (5),,,,,,271,25,,,,,,,,,10,,,,,blank,False,cumulative_percent_revision,"Kaplan-Meier (1-KM), percent",0.95,Modern prostheses (used in the report year); prosthesis combinations with >200 procedures,
AOANJRR,Australia,2025,1999-09-01 to 2024-12-31,uka_prosthesis_combination,KP17,UKA,AOANJRR Full Report 2025.pdf,429,pdf_text,not_needed,,other,Other (5),Other (5),,,,,,271,25,,,,,,,,,15,,,,,blank,False,cumulative_percent_revision,"Kaplan-Meier (1-KM), percent",0.95,Modern prostheses (used in the report year); prosthesis combinations with >200 procedures,
AOANJRR,Australia,2025,1999-09-01 to 2024-12-31,uka_prosthesis_combination,KP17,UKA,AOANJRR Full Report 2025.pdf,429,pdf_text,not_needed,,other,Other (5),Other (5),,,,,,271,25,,,,,,,,,20,,,,,blank,False,cumulative_percent_revision,"Kaplan-Meier (1-KM), percent",0.95,Modern prostheses (used in the report year); prosthesis combinations with >200 procedures,
AOANJRR,Australia,2025,1999-09-01 to 2024-12-31,uka_prosthesis_combination,KP17,UKA,AOANJRR Full Report 2025.pdf,429,pdf_text,not_needed,,total,TOTAL,TOTAL,,,,,,50910,5258,,,,,,,,,1,,,,,blank,False,cumulative_percent_revision,"Kaplan-Meier (1-KM), percent",0.95,Modern prostheses (used in the report year); prosthesis combinations with >200 procedures,
AOANJRR,Australia,2025,1999-09-01 to 2024-12-31,uka_prosthesis_combination,KP17,UKA,AOANJRR Full Report 2025.pdf,429,pdf_text,not_needed,,total,TOTAL,TOTAL,,,,,,50910,5258,,,,,,,,,3,,,,,blank,False,cumulative_percent_revision,"Kaplan-Meier (1-KM), percent",0.95,Modern prostheses (used in the report year); prosthesis combinations with >200 procedures,
AOANJRR,Australia,2025,1999-09-01 to 2024-12-31,uka_prosthesis_combination,KP17,UKA,AOANJRR Full Report 2025.pdf,429,pdf_text,not_needed,,total,TOTAL,TOTAL,,,,,,50910,5258,,,,,,,,,5,,,,,blank,False,cumulative_percent_revision,"Kaplan-Meier (1-KM), percent",0.95,Modern prostheses (used in the report year); prosthesis combinations with >200 procedures,
AOANJRR,Australia,2025,1999-09-01 to 2024-12-31,uka_prosthesis_combination,KP17,UKA,AOANJRR Full Report 2025.pdf,429,pdf_text,not_needed,,total,TOTAL,TOTAL,,,,,,50910,5258,,,,,,,,,10,,,,,blank,False,cumulative_percent_revision,"Kaplan-Meier (1-KM), percent",0.95,Modern prostheses (used in the report year); prosthesis combinations with >200 procedures,
AOANJRR,Australia,2025,1999-09-01 to 2024-12-31,uka_prosthesis_combination,KP17,UKA,AOANJRR Full Report 2025.pdf,429,pdf_text,not_needed,,total,TOTAL,TOTAL,,,,,,50910,5258,,,,,,,,,15,,,,,blank,False,cumulative_percent_revision,"Kaplan-Meier (1-KM), percent",0.95,Modern prostheses (used in the report year); prosthesis combinations with >200 procedures,
AOANJRR,Australia,2025,1999-09-01 to 2024-12-31,uka_prosthesis_combination,KP17,UKA,AOANJRR Full Report 2025.pdf,429,pdf_text,not_needed,,total,TOTAL,TOTAL,,,,,,50910,5258,,,,,,,,,20,,,,,blank,False,cumulative_percent_revision,"Kaplan-Meier (1-KM), percent",0.95,Modern prostheses (used in the report year); prosthesis combinations with >200 procedures,
EPRD,Germany,2024,to 2023-12-31,knee_femorotibial_combination,52,UKA,EPRD_AnnualReport2024-Web_2025-03-27_F.pdf,75,pdf_text,not_needed,"Unicondylar knee arthroplasties, fixed bearing, cemented",device,balanSys UNI / balanSys UNI fix,balanSys UNI,balanSys UNI fix,Mathys,Mathys,,Without,723,,27,62.0,56.0,71.0,,50.0,,2013-2023,1,3.6,2.2,5.0,583,ok,False,cumulative_revision_rate,"Kaplan-Meier cumulative revision rate (1-KM), percent; number at risk in parentheses",0.95,Primary knee arthroplasties by femoro-tibial combination,
EPRD,Germany,2024,to 2023-12-31,knee_femorotibial_combination,52,UKA,EPRD_AnnualReport2024-Web_2025-03-27_F.pdf,75,pdf_text,not_needed,"Unicondylar knee arthroplasties, fixed bearing, cemented",device,balanSys UNI / balanSys UNI fix,balanSys UNI,balanSys UNI fix,Mathys,Mathys,,Without,723,,27,62.0,56.0,71.0,,50.0,,2013-2023,2,5.6,3.8,7.4,471,ok,False,cumulative_revision_rate,"Kaplan-Meier cumulative revision rate (1-KM), percent; number at risk in parentheses",0.95,Primary knee arthroplasties by femoro-tibial combination,
EPRD,Germany,2024,to 2023-12-31,knee_femorotibial_combination,52,UKA,EPRD_AnnualReport2024-Web_2025-03-27_F.pdf,75,pdf_text,not_needed,"Unicondylar knee arthroplasties, fixed bearing, cemented",device,balanSys UNI / balanSys UNI fix,balanSys UNI,balanSys UNI fix,Mathys,Mathys,,Without,723,,27,62.0,56.0,71.0,,50.0,,2013-2023,3,6.9,4.8,8.9,372,ok,False,cumulative_revision_rate,"Kaplan-Meier cumulative revision rate (1-KM), percent; number at risk in parentheses",0.95,Primary knee arthroplasties by femoro-tibial combination,
EPRD,Germany,2024,to 2023-12-31,knee_femorotibial_combination,52,UKA,EPRD_AnnualReport2024-Web_2025-03-27_F.pdf,75,pdf_text,not_needed,"Unicondylar knee arthroplasties, fixed bearing, cemented",device,balanSys UNI / balanSys UNI fix,balanSys UNI,balanSys UNI fix,Mathys,Mathys,,Without,723,,27,62.0,56.0,71.0,,50.0,,2013-2023,4,7.1,5.0,9.2,293,ok,False,cumulative_revision_rate,"Kaplan-Meier cumulative revision rate (1-KM), percent; number at risk in parentheses",0.95,Primary knee arthroplasties by femoro-tibial combination,
EPRD,Germany,2024,to 2023-12-31,knee_femorotibial_combination,52,UKA,EPRD_AnnualReport2024-Web_2025-03-27_F.pdf,75,pdf_text,not_needed,"Unicondylar knee arthroplasties, fixed bearing, cemented",device,balanSys UNI / balanSys UNI fix,balanSys UNI,balanSys UNI fix,Mathys,Mathys,,Without,723,,27,62.0,56.0,71.0,,50.0,,2013-2023,5,7.8,5.5,10.1,228,ok,False,cumulative_revision_rate,"Kaplan-Meier cumulative revision rate (1-KM), percent; number at risk in parentheses",0.95,Primary knee arthroplasties by femoro-tibial combination,
EPRD,Germany,2024,to 2023-12-31,knee_femorotibial_combination,52,UKA,EPRD_AnnualReport2024-Web_2025-03-27_F.pdf,75,pdf_text,not_needed,"Unicondylar knee arthroplasties, fixed bearing, cemented",device,balanSys UNI / balanSys UNI fix,balanSys UNI,balanSys UNI fix,Mathys,Mathys,,Without,723,,27,62.0,56.0,71.0,,50.0,,2013-2023,6,8.2,5.8,10.6,153,ok,False,cumulative_revision_rate,"Kaplan-Meier cumulative revision rate (1-KM), percent; number at risk in parentheses",0.95,Primary knee arthroplasties by femoro-tibial combination,
EPRD,Germany,2024,to 2023-12-31,knee_femorotibial_combination,52,UKA,EPRD_AnnualReport2024-Web_2025-03-27_F.pdf,75,pdf_text,not_needed,"Unicondylar knee arthroplasties, fixed bearing, cemented",device,balanSys UNI / balanSys UNI fix,balanSys UNI,balanSys UNI fix,Mathys,Mathys,,Without,723,,27,62.0,56.0,71.0,,50.0,,2013-2023,7,9.1,6.1,12.0,83,ok,True,cumulative_revision_rate,"Kaplan-Meier cumulative revision rate (1-KM), percent; number at risk in parentheses",0.95,Primary knee arthroplasties by femoro-tibial combination,
EPRD,Germany,2024,to 2023-12-31,knee_femorotibial_combination,52,UKA,EPRD_AnnualReport2024-Web_2025-03-27_F.pdf,75,pdf_text,not_needed,"Unicondylar knee arthroplasties, fixed bearing, cemented",device,balanSys UNI / balanSys UNI fix,balanSys UNI,balanSys UNI fix,Mathys,Mathys,,Without,723,,27,62.0,56.0,71.0,,50.0,,2013-2023,8,,,,,blank,False,cumulative_revision_rate,"Kaplan-Meier cumulative revision rate (1-KM), percent; number at risk in parentheses",0.95,Primary knee arthroplasties by femoro-tibial combination,
EPRD,Germany,2024,to 2023-12-31,knee_femorotibial_combination,52,UKA,EPRD_AnnualReport2024-Web_2025-03-27_F.pdf,75,pdf_text,not_needed,"Unicondylar knee arthroplasties, fixed bearing, cemented",device,balanSys UNI / balanSys UNI fix,balanSys UNI,balanSys UNI fix,Mathys,Mathys,,Without,723,,27,62.0,56.0,71.0,,50.0,,2013-2023,9,,,,,blank,False,cumulative_revision_rate,"Kaplan-Meier cumulative revision rate (1-KM), percent; number at risk in parentheses",0.95,Primary knee arthroplasties by femoro-tibial combination,
EPRD,Germany,2024,to 2023-12-31,knee_femorotibial_combination,52,UKA,EPRD_AnnualReport2024-Web_2025-03-27_F.pdf,75,pdf_text,not_needed,"Unicondylar knee arthroplasties, fixed bearing, cemented",device,JOURNEY UNI COCR / JOURNEY UNI,JOURNEY UNI COCR,JOURNEY UNI,Smith & Nephew,Smith & Nephew,,Without,1568,,94,63.0,57.5,70.0,,49.0,,2014-2023,1,2.5,1.7,3.3,1261,ok,False,cumulative_revision_rate,"Kaplan-Meier cumulative revision rate (1-KM), percent; number at risk in parentheses",0.95,Primary knee arthroplasties by femoro-tibial combination,
EPRD,Germany,2024,to 2023-12-31,knee_femorotibial_combination,52,UKA,EPRD_AnnualReport2024-Web_2025-03-27_F.pdf,75,pdf_text,not_needed,"Unicondylar knee arthroplasties, fixed bearing, cemented",device,JOURNEY UNI COCR / JOURNEY UNI,JOURNEY UNI COCR,JOURNEY UNI,Smith & Nephew,Smith & Nephew,,Without,1568,,94,63.0,57.5,70.0,,49.0,,2014-2023,2,4.7,3.5,5.8,994,ok,False,cumulative_revision_rate,"Kaplan-Meier cumulative revision rate (1-KM), percent; number at risk in parentheses",0.95,Primary knee arthroplasties by femoro-tibial combination,
EPRD,Germany,2024,to 2023-12-31,knee_femorotibial_combination,52,UKA,EPRD_AnnualReport2024-Web_2025-03-27_F.pdf,75,pdf_text,not_needed,"Unicondylar knee arthroplasties, fixed bearing, cemented",device,JOURNEY UNI COCR / JOURNEY UNI,JOURNEY UNI COCR,JOURNEY UNI,Smith & Nephew,Smith & Nephew,,Without,1568,,94,63.0,57.5,70.0,,49.0,,2014-2023,3,5.8,4.5,7.1,733,ok,False,cumulative_revision_rate,"Kaplan-Meier cumulative revision rate (1-KM), percent; number at risk in parentheses",0.95,Primary knee arthroplasties by femoro-tibial combination,
EPRD,Germany,2024,to 2023-12-31,knee_femorotibial_combination,52,UKA,EPRD_AnnualReport2024-Web_2025-03-27_F.pdf,75,pdf_text,not_needed,"Unicondylar knee arthroplasties, fixed bearing, cemented",device,JOURNEY UNI COCR / JOURNEY UNI,JOURNEY UNI COCR,JOURNEY UNI,Smith & Nephew,Smith & Nephew,,Without,1568,,94,63.0,57.5,70.0,,49.0,,2014-2023,4,6.4,4.9,7.8,509,ok,False,cumulative_revision_rate,"Kaplan-Meier cumulative revision rate (1-KM), percent; number at risk in parentheses",0.95,Primary knee arthroplasties by femoro-tibial combination,
EPRD,Germany,2024,to 2023-12-31,knee_femorotibial_combination,52,UKA,EPRD_AnnualReport2024-Web_2025-03-27_F.pdf,75,pdf_text,not_needed,"Unicondylar knee arthroplasties, fixed bearing, cemented",device,JOURNEY UNI COCR / JOURNEY UNI,JOURNEY UNI COCR,JOURNEY UNI,Smith & Nephew,Smith & Nephew,,Without,1568,,94,63.0,57.5,70.0,,49.0,,2014-2023,5,8.2,6.3,10.1,317,ok,False,cumulative_revision_rate,"Kaplan-Meier cumulative revision rate (1-KM), percent; number at risk in parentheses",0.95,Primary knee arthroplasties by femoro-tibial combination,
EPRD,Germany,2024,to 2023-12-31,knee_femorotibial_combination,52,UKA,EPRD_AnnualReport2024-Web_2025-03-27_F.pdf,75,pdf_text,not_needed,"Unicondylar knee arthroplasties, fixed bearing, cemented",device,JOURNEY UNI COCR / JOURNEY UNI,JOURNEY UNI COCR,JOURNEY UNI,Smith & Nephew,Smith & Nephew,,Without,1568,,94,63.0,57.5,70.0,,49.0,,2014-2023,6,9.3,7.0,11.5,178,ok,False,cumulative_revision_rate,"Kaplan-Meier cumulative revision rate (1-KM), percent; number at risk in parentheses",0.95,Primary knee arthroplasties by femoro-tibial combination,
EPRD,Germany,2024,to 2023-12-31,knee_femorotibial_combination,52,UKA,EPRD_AnnualReport2024-Web_2025-03-27_F.pdf,75,pdf_text,not_needed,"Unicondylar knee arthroplasties, fixed bearing, cemented",device,JOURNEY UNI COCR / JOURNEY UNI,JOURNEY UNI COCR,JOURNEY UNI,Smith & Nephew,Smith & Nephew,,Without,1568,,94,63.0,57.5,70.0,,49.0,,2014-2023,7,9.9,7.3,12.4,79,ok,True,cumulative_revision_rate,"Kaplan-Meier cumulative revision rate (1-KM), percent; number at risk in parentheses",0.95,Primary knee arthroplasties by femoro-tibial combination,
EPRD,Germany,2024,to 2023-12-31,knee_femorotibial_combination,52,UKA,EPRD_AnnualReport2024-Web_2025-03-27_F.pdf,75,pdf_text,not_needed,"Unicondylar knee arthroplasties, fixed bearing, cemented",device,JOURNEY UNI COCR / JOURNEY UNI,JOURNEY UNI COCR,JOURNEY UNI,Smith & Nephew,Smith & Nephew,,Without,1568,,94,63.0,57.5,70.0,,49.0,,2014-2023,8,,,,,blank,False,cumulative_revision_rate,"Kaplan-Meier cumulative revision rate (1-KM), percent; number at risk in parentheses",0.95,Primary knee arthroplasties by femoro-tibial combination,
EPRD,Germany,2024,to 2023-12-31,knee_femorotibial_combination,52,UKA,EPRD_AnnualReport2024-Web_2025-03-27_F.pdf,75,pdf_text,not_needed,"Unicondylar knee arthroplasties, fixed bearing, cemented",device,JOURNEY UNI COCR / JOURNEY UNI,JOURNEY UNI COCR,JOURNEY UNI,Smith & Nephew,Smith & Nephew,,Without,1568,,94,63.0,57.5,70.0,,49.0,,2014-2023,9,,,,,blank,False,cumulative_revision_rate,"Kaplan-Meier cumulative revision rate (1-KM), percent; number at risk in parentheses",0.95,Primary knee arthroplasties by femoro-tibial combination,
EPRD,Germany,2024,to 2023-12-31,knee_femorotibial_combination,52,UKA,EPRD_AnnualReport2024-Web_2025-03-27_F.pdf,75,pdf_text,not_needed,"Unicondylar knee arthroplasties, fixed bearing, cemented",device,JOURNEY UNI OXINIUM / JOURNEY UNI,JOURNEY UNI OXINIUM,JOURNEY UNI,Smith & Nephew,Smith & Nephew,,Without,1309,,159,60.0,54.0,66.0,,32.0,,2013-2023,1,4.5,3.3,5.6,1023,ok,False,cumulative_revision_rate,"Kaplan-Meier cumulative revision rate (1-KM), percent; number at risk in parentheses",0.95,Primary knee arthroplasties by femoro-tibial combination,
EPRD,Germany,2024,to 2023-12-31,knee_femorotibial_combination,52,UKA,EPRD_AnnualReport2024-Web_2025-03-27_F.pdf,75,pdf_text,not_needed,"Unicondylar knee arthroplasties, fixed bearing, cemented",device,JOURNEY UNI OXINIUM / JOURNEY UNI,JOURNEY UNI OXINIUM,JOURNEY UNI,Smith & Nephew,Smith & Nephew,,Without,1309,,159,60.0,54.0,66.0,,32.0,,2013-2023,2,7.2,5.7,8.7,786,ok,False,cumulative_revision_rate,"Kaplan-Meier cumulative revision rate (1-KM), percent; number at risk in parentheses",0.95,Primary knee arthroplasties by femoro-tibial combination,
EPRD,Germany,2024,to 2023-12-31,knee_femorotibial_combination,52,UKA,EPRD_AnnualReport2024-Web_2025-03-27_F.pdf,75,pdf_text,not_needed,"Unicondylar knee arthroplasties, fixed bearing, cemented",device,JOURNEY UNI OXINIUM / JOURNEY UNI,JOURNEY UNI OXINIUM,JOURNEY UNI,Smith & Nephew,Smith & Nephew,,Without,1309,,159,60.0,54.0,66.0,,32.0,,2013-2023,3,8.7,6.9,10.4,591,ok,False,cumulative_revision_rate,"Kaplan-Meier cumulative revision rate (1-KM), percent; number at risk in parentheses",0.95,Primary knee arthroplasties by femoro-tibial combination,
EPRD,Germany,2024,to 2023-12-31,knee_femorotibial_combination,52,UKA,EPRD_AnnualReport2024-Web_2025-03-27_F.pdf,75,pdf_text,not_needed,"Unicondylar knee arthroplasties, fixed bearing, cemented",device,JOURNEY UNI OXINIUM / JOURNEY UNI,JOURNEY UNI OXINIUM,JOURNEY UNI,Smith & Nephew,Smith & Nephew,,Without,1309,,159,60.0,54.0,66.0,,32.0,,2013-2023,4,9.7,7.8,11.6,466,ok,False,cumulative_revision_rate,"Kaplan-Meier cumulative revision rate (1-KM), percent; number at risk in parentheses",0.95,Primary knee arthroplasties by femoro-tibial combination,
EPRD,Germany,2024,to 2023-12-31,knee_femorotibial_combination,52,UKA,EPRD_AnnualReport2024-Web_2025-03-27_F.pdf,75,pdf_text,not_needed,"Unicondylar knee arthroplasties, fixed bearing, cemented",device,JOURNEY UNI OXINIUM / JOURNEY UNI,JOURNEY UNI OXINIUM,JOURNEY UNI,Smith & Nephew,Smith & Nephew,,Without,1309,,159,60.0,54.0,66.0,,32.0,,2013-2023,5,11.9,9.5,14.2,302,ok,False,cumulative_revision_rate,"Kaplan-Meier cumulative revision rate (1-KM), percent; number at risk in parentheses",0.95,Primary knee arthroplasties by femoro-tibial combination,
EPRD,Germany,2024,to 2023-12-31,knee_femorotibial_combination,52,UKA,EPRD_AnnualReport2024-Web_2025-03-27_F.pdf,75,pdf_text,not_needed,"Unicondylar knee arthroplasties, fixed bearing, cemented",device,JOURNEY UNI OXINIUM / JOURNEY UNI,JOURNEY UNI OXINIUM,JOURNEY UNI,Smith & Nephew,Smith & Nephew,,Without,1309,,159,60.0,54.0,66.0,,32.0,,2013-2023,6,12.8,10.3,15.3,184,ok,True,cumulative_revision_rate,"Kaplan-Meier cumulative revision rate (1-KM), percent; number at risk in parentheses",0.95,Primary knee arthroplasties by femoro-tibial combination,
EPRD,Germany,2024,to 2023-12-31,knee_femorotibial_combination,52,UKA,EPRD_AnnualReport2024-Web_2025-03-27_F.pdf,75,pdf_text,not_needed,"Unicondylar knee arthroplasties, fixed bearing, cemented",device,JOURNEY UNI OXINIUM / JOURNEY UNI,JOURNEY UNI OXINIUM,JOURNEY UNI,Smith & Nephew,Smith & Nephew,,Without,1309,,159,60.0,54.0,66.0,,32.0,,2013-2023,7,14.4,11.0,17.7,82,ok,True,cumulative_revision_rate,"Kaplan-Meier cumulative revision rate (1-KM), percent; number at risk in parentheses",0.95,Primary knee arthroplasties by femoro-tibial combination,
EPRD,Germany,2024,to 2023-12-31,knee_femorotibial_combination,52,UKA,EPRD_AnnualReport2024-Web_2025-03-27_F.pdf,75,pdf_text,not_needed,"Unicondylar knee arthroplasties, fixed bearing, cemented",device,JOURNEY UNI OXINIUM / JOURNEY UNI,JOURNEY UNI OXINIUM,JOURNEY UNI,Smith & Nephew,Smith & Nephew,,Without,1309,,159,60.0,54.0,66.0,,32.0,,2013-2023,8,,,,,blank,False,cumulative_revision_rate,"Kaplan-Meier cumulative revision rate (1-KM), percent; number at risk in parentheses",0.95,Primary knee arthroplasties by femoro-tibial combination,
EPRD,Germany,2024,to 2023-12-31,knee_femorotibial_combination,52,UKA,EPRD_AnnualReport2024-Web_2025-03-27_F.pdf,75,pdf_text,not_needed,"Unicondylar knee arthroplasties, fixed bearing, cemented",device,JOURNEY UNI OXINIUM / JOURNEY UNI,JOURNEY UNI OXINIUM,JOURNEY UNI,Smith & Nephew,Smith & Nephew,,Without,1309,,159,60.0,54.0,66.0,,32.0,,2013-2023,9,,,,,blank,False,cumulative_revision_rate,"Kaplan-Meier cumulative revision rate (1-KM), percent; number at risk in parentheses",0.95,Primary knee arthroplasties by femoro-tibial combination,
EPRD,Germany,2024,to 2023-12-31,knee_femorotibial_combination,52,UKA,EPRD_AnnualReport2024-Web_2025-03-27_F.pdf,75,pdf_text,not_needed,"Unicondylar knee arthroplasties, fixed bearing, cemented",device,"LINK SLED / Link SLED, All-Poly",LINK SLED,"Link SLED, All-Poly",Waldemar Link,Waldemar Link,,Without,786,,33,63.5,56.0,73.0,,50.0,,2013-2023,1,2.7,1.5,3.8,703,ok,False,cumulative_revision_rate,"Kaplan-Meier cumulative revision rate (1-KM), percent; number at risk in parentheses",0.95,Primary knee arthroplasties by femoro-tibial combination,
EPRD,Germany,2024,to 2023-12-31,knee_femorotibial_combination,52,UKA,EPRD_AnnualReport2024-Web_2025-03-27_F.pdf,75,pdf_text,not_needed,"Unicondylar knee arthroplasties, fixed bearing, cemented",device,"LINK SLED / Link SLED, All-Poly",LINK SLED,"Link SLED, All-Poly",Waldemar Link,Waldemar Link,,Without,786,,33,63.5,56.0,73.0,,50.0,,2013-2023,2,6.0,4.2,7.7,604,ok,False,cumulative_revision_rate,"Kaplan-Meier cumulative revision rate (1-KM), percent; number at risk in parentheses",0.95,Primary knee arthroplasties by femoro-tibial combination,
EPRD,Germany,2024,to 2023-12-31,knee_femorotibial_combination,52,UKA,EPRD_AnnualReport2024-Web_2025-03-27_F.pdf,75,pdf_text,not_needed,"Unicondylar knee arthroplasties, fixed bearing, cemented",device,"LINK SLED / Link SLED, All-Poly",LINK SLED,"Link SLED, All-Poly",Waldemar Link,Waldemar Link,,Without,786,,33,63.5,56.0,73.0,,50.0,,2013-2023,3,7.5,5.5,9.4,515,ok,False,cumulative_revision_rate,"Kaplan-Meier cumulative revision rate (1-KM), percent; number at risk in parentheses",0.95,Primary knee arthroplasties by femoro-tibial combination,
EPRD,Germany,2024,to 2023-12-31,knee_femorotibial_combination,52,UKA,EPRD_AnnualReport2024-Web_2025-03-27_F.pdf,75,pdf_text,not_needed,"Unicondylar knee arthroplasties, fixed bearing, cemented",device,"LINK SLED / Link SLED, All-Poly",LINK SLED,"Link SLED, All-Poly",Waldemar Link,Waldemar Link,,Without,786,,33,63.5,56.0,73.0,,50.0,,2013-2023,4,9.3,7.0,11.5,388,ok,False,cumulative_revision_rate,"Kaplan-Meier cumulative revision rate (1-KM), percent; number at risk in parentheses",0.95,Primary knee arthroplasties by femoro-tibial combination,
EPRD,Germany,2024,to 2023-12-31,knee_femorotibial_combination,52,UKA,EPRD_AnnualReport2024-Web_2025-03-27_F.pdf,75,pdf_text,not_needed,"Unicondylar knee arthroplasties, fixed bearing, cemented",device,"LINK SLED / Link SLED, All-Poly",LINK SLED,"Link SLED, All-Poly",Waldemar Link,Waldemar Link,,Without,786,,33,63.5,56.0,73.0,,50.0,,2013-2023,5,10.6,8.1,13.1,284,ok,False,cumulative_revision_rate,"Kaplan-Meier cumulative revision rate (1-KM), percent; number at risk in parentheses",0.95,Primary knee arthroplasties by femoro-tibial combination,
EPRD,Germany,2024,to 2023-12-31,knee_femorotibial_combination,52,UKA,EPRD_AnnualReport2024-Web_2025-03-27_F.pdf,75,pdf_text,not_needed,"Unicondylar knee arthroplasties, fixed bearing, cemented",device,"LINK SLED / Link SLED, All-Poly",LINK SLED,"Link SLED, All-Poly",Waldemar Link,Waldemar Link,,Without,786,,33,63.5,56.0,73.0,,50.0,,2013-2023,6,11.5,8.7,14.2,201,ok,False,cumulative_revision_rate,"Kaplan-Meier cumulative revision rate (1-KM), percent; number at risk in parentheses",0.95,Primary knee arthroplasties by femoro-tibial combination,
EPRD,Germany,2024,to 2023-12-31,knee_femorotibial_combination,52,UKA,EPRD_AnnualReport2024-Web_2025-03-27_F.pdf,75,pdf_text,not_needed,"Unicondylar knee arthroplasties, fixed bearing, cemented",device,"LINK SLED / Link SLED, All-Poly",LINK SLED,"Link SLED, All-Poly",Waldemar Link,Waldemar Link,,Without,786,,33,63.5,56.0,73.0,,50.0,,2013-2023,7,12.5,9.4,15.5,129,ok,True,cumulative_revision_rate,"Kaplan-Meier cumulative revision rate (1-KM), percent; number at risk in parentheses",0.95,Primary knee arthroplasties by femoro-tibial combination,
EPRD,Germany,2024,to 2023-12-31,knee_femorotibial_combination,52,UKA,EPRD_AnnualReport2024-Web_2025-03-27_F.pdf,75,pdf_text,not_needed,"Unicondylar knee arthroplasties, fixed bearing, cemented",device,"LINK SLED / Link SLED, All-Poly",LINK SLED,"Link SLED, All-Poly",Waldemar Link,Waldemar Link,,Without,786,,33,63.5,56.0,73.0,,50.0,,2013-2023,8,15.6,11.3,19.7,57,ok,True,cumulative_revision_rate,"Kaplan-Meier cumulative revision rate (1-KM), percent; number at risk in parentheses",0.95,Primary knee arthroplasties by femoro-tibial combination,
EPRD,Germany,2024,to 2023-12-31,knee_femorotibial_combination,52,UKA,EPRD_AnnualReport2024-Web_2025-03-27_F.pdf,75,pdf_text,not_needed,"Unicondylar knee arthroplasties, fixed bearing, cemented",device,"LINK SLED / Link SLED, All-Poly",LINK SLED,"Link SLED, All-Poly",Waldemar Link,Waldemar Link,,Without,786,,33,63.5,56.0,73.0,,50.0,,2013-2023,9,,,,,blank,False,cumulative_revision_rate,"Kaplan-Meier cumulative revision rate (1-KM), percent; number at risk in parentheses",0.95,Primary knee arthroplasties by femoro-tibial combination,
EPRD,Germany,2024,to 2023-12-31,knee_femorotibial_combination,52,UKA,EPRD_AnnualReport2024-Web_2025-03-27_F.pdf,75,pdf_text,not_needed,"Unicondylar knee arthroplasties, fixed bearing, cemented",device,"LINK SLED / Link SLED, metal-backed",LINK SLED,"Link SLED, metal-backed",Waldemar Link,Waldemar Link,,Without,1136,,68,62.0,57.0,71.0,,42.0,,2013-2023,1,3.1,2.0,4.1,940,ok,False,cumulative_revision_rate,"Kaplan-Meier cumulative revision rate (1-KM), percent; number at risk in parentheses",0.95,Primary knee arthroplasties by femoro-tibial combination,
EPRD,Germany,2024,to 2023-12-31,knee_femorotibial_combination,52,UKA,EPRD_AnnualReport2024-Web_2025-03-27_F.pdf,75,pdf_text,not_needed,"Unicondylar knee arthroplasties, fixed bearing, cemented",device,"LINK SLED / Link SLED, metal-backed",LINK SLED,"Link SLED, metal-backed",Waldemar Link,Waldemar Link,,Without,1136,,68,62.0,57.0,71.0,,42.0,,2013-2023,2,6.6,5.0,8.2,742,ok,False,cumulative_revision_rate,"Kaplan-Meier cumulative revision rate (1-KM), percent; number at risk in parentheses",0.95,Primary knee arthroplasties by femoro-tibial combination,
EPRD,Germany,2024,to 2023-12-31,knee_femorotibial_combination,52,UKA,EPRD_AnnualReport2024-Web_2025-03-27_F.pdf,75,pdf_text,not_needed,"Unicondylar knee arthroplasties, fixed bearing, cemented",device,"LINK SLED / Link SLED, metal-backed",LINK SLED,"Link SLED, metal-backed",Waldemar Link,Waldemar Link,,Without,1136,,68,62.0,57.0,71.0,,42.0,,2013-2023,3,8.4,6.6,10.3,554,ok,False,cumulative_revision_rate,"Kaplan-Meier cumulative revision rate (1-KM), percent; number at risk in parentheses",0.95,Primary knee arthroplasties by femoro-tibial combination,
EPRD,Germany,2024,to 2023-12-31,knee_femorotibial_combination,52,UKA,EPRD_AnnualReport2024-Web_2025-03-27_F.pdf,75,pdf_text,not_needed,"Unicondylar knee arthroplasties, fixed bearing, cemented",device,"LINK SLED / Link SLED, metal-backed",LINK SLED,"Link SLED, metal-backed",Waldemar Link,Waldemar Link,,Without,1136,,68,62.0,57.0,71.0,,42.0,,2013-2023,4,10.4,8.2,12.5,418,ok,False,cumulative_revision_rate,"Kaplan-Meier cumulative revision rate (1-KM), percent; number at risk in parentheses",0.95,Primary knee arthroplasties by femoro-tibial combination,
EPRD,Germany,2024,to 2023-12-31,knee_femorotibial_combination,52,UKA,EPRD_AnnualReport2024-Web_2025-03-27_F.pdf,75,pdf_text,not_needed,"Unicondylar knee arthroplasties, fixed bearing, cemented",device,"LINK SLED / Link SLED, metal-backed",LINK SLED,"Link SLED, metal-backed",Waldemar Link,Waldemar Link,,Without,1136,,68,62.0,57.0,71.0,,42.0,,2013-2023,5,10.8,8.6,13.0,293,ok,False,cumulative_revision_rate,"Kaplan-Meier cumulative revision rate (1-KM), percent; number at risk in parentheses",0.95,Primary knee arthroplasties by femoro-tibial combination,
EPRD,Germany,2024,to 2023-12-31,knee_femorotibial_combination,52,UKA,EPRD_AnnualReport2024-Web_2025-03-27_F.pdf,75,pdf_text,not_needed,"Unicondylar knee arthroplasties, fixed bearing, cemented",device,"LINK SLED / Link SLED, metal-backed",LINK SLED,"Link SLED, metal-backed",Waldemar Link,Waldemar Link,,Without,1136,,68,62.0,57.0,71.0,,42.0,,2013-2023,6,12.9,10.1,15.6,199,ok,False,cumulative_revision_rate,"Kaplan-Meier cumulative revision rate (1-KM), percent; number at risk in parentheses",0.95,Primary knee arthroplasties by femoro-tibial combination,
EPRD,Germany,2024,to 2023-12-31,knee_femorotibial_combination,52,UKA,EPRD_AnnualReport2024-Web_2025-03-27_F.pdf,75,pdf_text,not_needed,"Unicondylar knee arthroplasties, fixed bearing, cemented",device,"LINK SLED / Link SLED, metal-backed",LINK SLED,"Link SLED, metal-backed",Waldemar Link,Waldemar Link,,Without,1136,,68,62.0,57.0,71.0,,42.0,,2013-2023,7,15.4,11.7,19.0,89,ok,True,cumulative_revision_rate,"Kaplan-Meier cumulative revision rate (1-KM), percent; number at risk in parentheses",0.95,Primary knee arthroplasties by femoro-tibial combination,
EPRD,Germany,2024,to 2023-12-31,knee_femorotibial_combination,52,UKA,EPRD_AnnualReport2024-Web_2025-03-27_F.pdf,75,pdf_text,not_needed,"Unicondylar knee arthroplasties, fixed bearing, cemented",device,"LINK SLED / Link SLED, metal-backed",LINK SLED,"Link SLED, metal-backed",Waldemar Link,Waldemar Link,,Without,1136,,68,62.0,57.0,71.0,,42.0,,2013-2023,8,,,,,blank,False,cumulative_revision_rate,"Kaplan-Meier cumulative revision rate (1-KM), percent; number at risk in parentheses",0.95,Primary knee arthroplasties by femoro-tibial combination,
EPRD,Germany,2024,to 2023-12-31,knee_femorotibial_combination,52,UKA,EPRD_AnnualReport2024-Web_2025-03-27_F.pdf,75,pdf_text,not_needed,"Unicondylar knee arthroplasties, fixed bearing, cemented",device,"LINK SLED / Link SLED, metal-backed",LINK SLED,"Link SLED, metal-backed",Waldemar Link,Waldemar Link,,Without,1136,,68,62.0,57.0,71.0,,42.0,,2013-2023,9,,,,,blank,False,cumulative_revision_rate,"Kaplan-Meier cumulative revision rate (1-KM), percent; number at risk in parentheses",0.95,Primary knee arthroplasties by femoro-tibial combination,
EPRD,Germany,2024,to 2023-12-31,knee_femorotibial_combination,52,UKA,EPRD_AnnualReport2024-Web_2025-03-27_F.pdf,75,pdf_text,not_needed,"Unicondylar knee arthroplasties, fixed bearing, cemented",device,Mako MCK / Mako MCK,Mako MCK,Mako MCK,Stryker,Stryker,,Without,1065,,19,62.0,57.0,69.0,,55.0,,2016-2023,1,0.8,0.3,1.4,781,ok,False,cumulative_revision_rate,"Kaplan-Meier cumulative revision rate (1-KM), percent; number at risk in parentheses",0.95,Primary knee arthroplasties by femoro-tibial combination,
EPRD,Germany,2024,to 2023-12-31,knee_femorotibial_combination,52,UKA,EPRD_AnnualReport2024-Web_2025-03-27_F.pdf,75,pdf_text,not_needed,"Unicondylar knee arthroplasties, fixed bearing, cemented",device,Mako MCK / Mako MCK,Mako MCK,Mako MCK,Stryker,Stryker,,Without,1065,,19,62.0,57.0,69.0,,55.0,,2016-2023,2,1.5,0.6,2.4,496,ok,False,cumulative_revision_rate,"Kaplan-Meier cumulative revision rate (1-KM), percent; number at risk in parentheses",0.95,Primary knee arthroplasties by femoro-tibial combination,
EPRD,Germany,2024,to 2023-12-31,knee_femorotibial_combination,52,UKA,EPRD_AnnualReport2024-Web_2025-03-27_F.pdf,75,pdf_text,not_needed,"Unicondylar knee arthroplasties, fixed bearing, cemented",device,Mako MCK / Mako MCK,Mako MCK,Mako MCK,Stryker,Stryker,,Without,1065,,19,62.0,57.0,69.0,,55.0,,2016-2023,3,2.5,1.2,3.8,293,ok,False,cumulative_revision_rate,"Kaplan-Meier cumulative revision rate (1-KM), percent; number at risk in parentheses",0.95,Primary knee arthroplasties by femoro-tibial combination,
EPRD,Germany,2024,to 2023-12-31,knee_femorotibial_combination,52,UKA,EPRD_AnnualReport2024-Web_2025-03-27_F.pdf,75,pdf_text,not_needed,"Unicondylar knee arthroplasties, fixed bearing, cemented",device,Mako MCK / Mako MCK,Mako MCK,Mako MCK,Stryker,Stryker,,Without,1065,,19,62.0,57.0,69.0,,55.0,,2016-2023,4,2.5,1.2,3.8,160,ok,False,cumulative_revision_rate,"Kaplan-Meier cumulative revision rate (1-KM), percent; number at risk in parentheses",0.95,Primary knee arthroplasties by femoro-tibial combination,
EPRD,Germany,2024,to 2023-12-31,knee_femorotibial_combination,52,UKA,EPRD_AnnualReport2024-Web_2025-03-27_F.pdf,75,pdf_text,not_needed,"Unicondylar knee arthroplasties, fixed bearing, cemented",device,Mako MCK / Mako MCK,Mako MCK,Mako MCK,Stryker,Stryker,,Without,1065,,19,62.0,57.0,69.0,,55.0,,2016-2023,5,,,,,blank,False,cumulative_revision_rate,"Kaplan-Meier cumulative revision rate (1-KM), percent; number at risk in parentheses",0.95,Primary knee arthroplasties by femoro-tibial combination,
EPRD,Germany,2024,to 2023-12-31,knee_femorotibial_combination,52,UKA,EPRD_AnnualReport2024-Web_2025-03-27_F.pdf,75,pdf_text,not_needed,"Unicondylar knee arthroplasties, fixed bearing, cemented",device,Mako MCK / Mako MCK,Mako MCK,Mako MCK,Stryker,Stryker,,Without,1065,,19,62.0,57.0,69.0,,55.0,,2016-2023,6,,,,,blank,False,cumulative_revision_rate,"Kaplan-Meier cumulative revision rate (1-KM), percent; number at risk in parentheses",0.95,Primary knee arthroplasties by femoro-tibial combination,
EPRD,Germany,2024,to 2023-12-31,knee_femorotibial_combination,52,UKA,EPRD_AnnualReport2024-Web_2025-03-27_F.pdf,75,pdf_text,not_needed,"Unicondylar knee arthroplasties, fixed bearing, cemented",device,Mako MCK / Mako MCK,Mako MCK,Mako MCK,Stryker,Stryker,,Without,1065,,19,62.0,57.0,69.0,,55.0,,2016-2023,7,,,,,blank,False,cumulative_revision_rate,"Kaplan-Meier cumulative revision rate (1-KM), percent; number at risk in parentheses",0.95,Primary knee arthroplasties by femoro-tibial combination,
EPRD,Germany,2024,to 2023-12-31,knee_femorotibial_combination,52,UKA,EPRD_AnnualReport2024-Web_2025-03-27_F.pdf,75,pdf_text,not_needed,"Unicondylar knee arthroplasties, fixed bearing, cemented",device,Mako MCK / Mako MCK,Mako MCK,Mako MCK,Stryker,Stryker,,Without,1065,,19,62.0,57.0,69.0,,55.0,,2016-2023,8,,,,,blank,False,cumulative_revision_rate,"Kaplan-Meier cumulative revision rate (1-KM), percent; number at risk in parentheses",0.95,Primary knee arthroplasties by femoro-tibial combination,
EPRD,Germany,2024,to 2023-12-31,knee_femorotibial_combination,52,UKA,EPRD_AnnualReport2024-Web_2025-03-27_F.pdf,75,pdf_text,not_needed,"Unicondylar knee arthroplasties, fixed bearing, cemented",device,Mako MCK / Mako MCK,Mako MCK,Mako MCK,Stryker,Stryker,,Without,1065,,19,62.0,57.0,69.0,,55.0,,2016-2023,9,,,,,blank,False,cumulative_revision_rate,"Kaplan-Meier cumulative revision rate (1-KM), percent; number at risk in parentheses",0.95,Primary knee arthroplasties by femoro-tibial combination,
EPRD,Germany,2024,to 2023-12-31,knee_femorotibial_combination,52,UKA,EPRD_AnnualReport2024-Web_2025-03-27_F.pdf,75,pdf_text,not_needed,"Unicondylar knee arthroplasties, fixed bearing, cemented",device,MOTO / MOTO,MOTO,MOTO,Medacta,Medacta,,Without,513,,18,63.0,58.0,71.0,,48.0,,2019-2023,1,1.4,0.2,2.7,282,ok,False,cumulative_revision_rate,"Kaplan-Meier cumulative revision rate (1-KM), percent; number at risk in parentheses",0.95,Primary knee arthroplasties by femoro-tibial combination,
EPRD,Germany,2024,to 2023-12-31,knee_femorotibial_combination,52,UKA,EPRD_AnnualReport2024-Web_2025-03-27_F.pdf,75,pdf_text,not_needed,"Unicondylar knee arthroplasties, fixed bearing, cemented",device,MOTO / MOTO,MOTO,MOTO,Medacta,Medacta,,Without,513,,18,63.0,58.0,71.0,,48.0,,2019-2023,2,2.8,0.8,4.7,126,ok,True,cumulative_revision_rate,"Kaplan-Meier cumulative revision rate (1-KM), percent; number at risk in parentheses",0.95,Primary knee arthroplasties by femoro-tibial combination,
EPRD,Germany,2024,to 2023-12-31,knee_femorotibial_combination,52,UKA,EPRD_AnnualReport2024-Web_2025-03-27_F.pdf,75,pdf_text,not_needed,"Unicondylar knee arthroplasties, fixed bearing, cemented",device,MOTO / MOTO,MOTO,MOTO,Medacta,Medacta,,Without,513,,18,63.0,58.0,71.0,,48.0,,2019-2023,3,,,,,blank,False,cumulative_revision_rate,"Kaplan-Meier cumulative revision rate (1-KM), percent; number at risk in parentheses",0.95,Primary knee arthroplasties by femoro-tibial combination,
EPRD,Germany,2024,to 2023-12-31,knee_femorotibial_combination,52,UKA,EPRD_AnnualReport2024-Web_2025-03-27_F.pdf,75,pdf_text,not_needed,"Unicondylar knee arthroplasties, fixed bearing, cemented",device,MOTO / MOTO,MOTO,MOTO,Medacta,Medacta,,Without,513,,18,63.0,58.0,71.0,,48.0,,2019-2023,4,,,,,blank,False,cumulative_revision_rate,"Kaplan-Meier cumulative revision rate (1-KM), percent; number at risk in parentheses",0.95,Primary knee arthroplasties by femoro-tibial combination,
EPRD,Germany,2024,to 2023-12-31,knee_femorotibial_combination,52,UKA,EPRD_AnnualReport2024-Web_2025-03-27_F.pdf,75,pdf_text,not_needed,"Unicondylar knee arthroplasties, fixed bearing, cemented",device,MOTO / MOTO,MOTO,MOTO,Medacta,Medacta,,Without,513,,18,63.0,58.0,71.0,,48.0,,2019-2023,5,,,,,blank,False,cumulative_revision_rate,"Kaplan-Meier cumulative revision rate (1-KM), percent; number at risk in parentheses",0.95,Primary knee arthroplasties by femoro-tibial combination,
EPRD,Germany,2024,to 2023-12-31,knee_femorotibial_combination,52,UKA,EPRD_AnnualReport2024-Web_2025-03-27_F.pdf,75,pdf_text,not_needed,"Unicondylar knee arthroplasties, fixed bearing, cemented",device,MOTO / MOTO,MOTO,MOTO,Medacta,Medacta,,Without,513,,18,63.0,58.0,71.0,,48.0,,2019-2023,6,,,,,blank,False,cumulative_revision_rate,"Kaplan-Meier cumulative revision rate (1-KM), percent; number at risk in parentheses",0.95,Primary knee arthroplasties by femoro-tibial combination,
EPRD,Germany,2024,to 2023-12-31,knee_femorotibial_combination,52,UKA,EPRD_AnnualReport2024-Web_2025-03-27_F.pdf,75,pdf_text,not_needed,"Unicondylar knee arthroplasties, fixed bearing, cemented",device,MOTO / MOTO,MOTO,MOTO,Medacta,Medacta,,Without,513,,18,63.0,58.0,71.0,,48.0,,2019-2023,7,,,,,blank,False,cumulative_revision_rate,"Kaplan-Meier cumulative revision rate (1-KM), percent; number at risk in parentheses",0.95,Primary knee arthroplasties by femoro-tibial combination,
EPRD,Germany,2024,to 2023-12-31,knee_femorotibial_combination,52,UKA,EPRD_AnnualReport2024-Web_2025-03-27_F.pdf,75,pdf_text,not_needed,"Unicondylar knee arthroplasties, fixed bearing, cemented",device,MOTO / MOTO,MOTO,MOTO,Medacta,Medacta,,Without,513,,18,63.0,58.0,71.0,,48.0,,2019-2023,8,,,,,blank,False,cumulative_revision_rate,"Kaplan-Meier cumulative revision rate (1-KM), percent; number at risk in parentheses",0.95,Primary knee arthroplasties by femoro-tibial combination,
EPRD,Germany,2024,to 2023-12-31,knee_femorotibial_combination,52,UKA,EPRD_AnnualReport2024-Web_2025-03-27_F.pdf,75,pdf_text,not_needed,"Unicondylar knee arthroplasties, fixed bearing, cemented",device,MOTO / MOTO,MOTO,MOTO,Medacta,Medacta,,Without,513,,18,63.0,58.0,71.0,,48.0,,2019-2023,9,,,,,blank,False,cumulative_revision_rate,"Kaplan-Meier cumulative revision rate (1-KM), percent; number at risk in parentheses",0.95,Primary knee arthroplasties by femoro-tibial combination,
EPRD,Germany,2024,to 2023-12-31,knee_femorotibial_combination,52,UKA,EPRD_AnnualReport2024-Web_2025-03-27_F.pdf,75,pdf_text,not_needed,"Unicondylar knee arthroplasties, fixed bearing, cemented",device,Oxford / Oxford Fixed Lateral Tibia,Oxford,Oxford Fixed Lateral Tibia,Zimmer Biomet,Zimmer Biomet,,Without,1050,,58,71.0,61.0,78.0,,19.0,,2015-2023,1,1.5,0.7,2.3,932,ok,False,cumulative_revision_rate,"Kaplan-Meier cumulative revision rate (1-KM), percent; number at risk in parentheses",0.95,Primary knee arthroplasties by femoro-tibial combination,
EPRD,Germany,2024,to 2023-12-31,knee_femorotibial_combination,52,UKA,EPRD_AnnualReport2024-Web_2025-03-27_F.pdf,75,pdf_text,not_needed,"Unicondylar knee arthroplasties, fixed bearing, cemented",device,Oxford / Oxford Fixed Lateral Tibia,Oxford,Oxford Fixed Lateral Tibia,Zimmer Biomet,Zimmer Biomet,,Without,1050,,58,71.0,61.0,78.0,,19.0,,2015-2023,2,2.7,1.7,3.8,771,ok,False,cumulative_revision_rate,"Kaplan-Meier cumulative revision rate (1-KM), percent; number at risk in parentheses",0.95,Primary knee arthroplasties by femoro-tibial combination,
EPRD,Germany,2024,to 2023-12-31,knee_femorotibial_combination,52,UKA,EPRD_AnnualReport2024-Web_2025-03-27_F.pdf,75,pdf_text,not_needed,"Unicondylar knee arthroplasties, fixed bearing, cemented",device,Oxford / Oxford Fixed Lateral Tibia,Oxford,Oxford Fixed Lateral Tibia,Zimmer Biomet,Zimmer Biomet,,Without,1050,,58,71.0,61.0,78.0,,19.0,,2015-2023,3,3.0,1.9,4.1,654,ok,False,cumulative_revision_rate,"Kaplan-Meier cumulative revision rate (1-KM), percent; number at risk in parentheses",0.95,Primary knee arthroplasties by femoro-tibial combination,
EPRD,Germany,2024,to 2023-12-31,knee_femorotibial_combination,52,UKA,EPRD_AnnualReport2024-Web_2025-03-27_F.pdf,75,pdf_text,not_needed,"Unicondylar knee arthroplasties, fixed bearing, cemented",device,Oxford / Oxford Fixed Lateral Tibia,Oxford,Oxford Fixed Lateral Tibia,Zimmer Biomet,Zimmer Biomet,,Without,1050,,58,71.0,61.0,78.0,,19.0,,2015-2023,4,4.0,2.6,5.3,465,ok,False,cumulative_revision_rate,"Kaplan-Meier cumulative revision rate (1-KM), percent; number at risk in parentheses",0.95,Primary knee arthroplasties by femoro-tibial combination,
EPRD,Germany,2024,to 2023-12-31,knee_femorotibial_combination,52,UKA,EPRD_AnnualReport2024-Web_2025-03-27_F.pdf,75,pdf_text,not_needed,"Unicondylar knee arthroplasties, fixed bearing, cemented",device,Oxford / Oxford Fixed Lateral Tibia,Oxford,Oxford Fixed Lateral Tibia,Zimmer Biomet,Zimmer Biomet,,Without,1050,,58,71.0,61.0,78.0,,19.0,,2015-2023,5,4.2,2.8,5.6,300,ok,False,cumulative_revision_rate,"Kaplan-Meier cumulative revision rate (1-KM), percent; number at risk in parentheses",0.95,Primary knee arthroplasties by femoro-tibial combination,
EPRD,Germany,2024,to 2023-12-31,knee_femorotibial_combination,52,UKA,EPRD_AnnualReport2024-Web_2025-03-27_F.pdf,75,pdf_text,not_needed,"Unicondylar knee arthroplasties, fixed bearing, cemented",device,Oxford / Oxford Fixed Lateral Tibia,Oxford,Oxford Fixed Lateral Tibia,Zimmer Biomet,Zimmer Biomet,,Without,1050,,58,71.0,61.0,78.0,,19.0,,2015-2023,6,4.2,2.8,5.6,148,ok,True,cumulative_revision_rate,"Kaplan-Meier cumulative revision rate (1-KM), percent; number at risk in parentheses",0.95,Primary knee arthroplasties by femoro-tibial combination,
EPRD,Germany,2024,to 2023-12-31,knee_femorotibial_combination,52,UKA,EPRD_AnnualReport2024-Web_2025-03-27_F.pdf,75,pdf_text,not_needed,"Unicondylar knee arthroplasties, fixed bearing, cemented",device,Oxford / Oxford Fixed Lateral Tibia,Oxford,Oxford Fixed Lateral Tibia,Zimmer Biomet,Zimmer Biomet,,Without,1050,,58,71.0,61.0,78.0,,19.0,,2015-2023,7,4.2,2.8,5.6,54,ok,True,cumulative_revision_rate,"Kaplan-Meier cumulative revision rate (1-KM), percent; number at risk in parentheses",0.95,Primary knee arthroplasties by femoro-tibial combination,
EPRD,Germany,2024,to 2023-12-31,knee_femorotibial_combination,52,UKA,EPRD_AnnualReport2024-Web_2025-03-27_F.pdf,75,pdf_text,not_needed,"Unicondylar knee arthroplasties, fixed bearing, cemented",device,Oxford / Oxford Fixed Lateral Tibia,Oxford,Oxford Fixed Lateral Tibia,Zimmer Biomet,Zimmer Biomet,,Without,1050,,58,71.0,61.0,78.0,,19.0,,2015-2023,8,,,,,blank,False,cumulative_revision_rate,"Kaplan-Meier cumulative revision rate (1-KM), percent; number at risk in parentheses",0.95,Primary knee arthroplasties by femoro-tibial combination,
EPRD,Germany,2024,to 2023-12-31,knee_femorotibial_combination,52,UKA,EPRD_AnnualReport2024-Web_2025-03-27_F.pdf,75,pdf_text,not_needed,"Unicondylar knee arthroplasties, fixed bearing, cemented",device,Oxford / Oxford Fixed Lateral Tibia,Oxford,Oxford Fixed Lateral Tibia,Zimmer Biomet,Zimmer Biomet,,Without,1050,,58,71.0,61.0,78.0,,19.0,,2015-2023,9,,,,,blank,False,cumulative_revision_rate,"Kaplan-Meier cumulative revision rate (1-KM), percent; number at risk in parentheses",0.95,Primary knee arthroplasties by femoro-tibial combination,
EPRD,Germany,2024,to 2023-12-31,knee_femorotibial_combination,52,UKA,EPRD_AnnualReport2024-Web_2025-03-27_F.pdf,75,pdf_text,not_needed,"Unicondylar knee arthroplasties, fixed bearing, cemented",device,Persona Partial Knee / Persona Partial Knee,Persona Partial Knee,Persona Partial Knee,Zimmer Biomet,Zimmer Biomet,,Without,5066,,124,63.0,58.0,71.0,,49.0,,2017-2023,1,2.3,1.8,2.7,3500,ok,False,cumulative_revision_rate,"Kaplan-Meier cumulative revision rate (1-KM), percent; number at risk in parentheses",0.95,Primary knee arthroplasties by femoro-tibial combination,
EPRD,Germany,2024,to 2023-12-31,knee_femorotibial_combination,52,UKA,EPRD_AnnualReport2024-Web_2025-03-27_F.pdf,75,pdf_text,not_needed,"Unicondylar knee arthroplasties, fixed bearing, cemented",device,Persona Partial Knee / Persona Partial Knee,Persona Partial Knee,Persona Partial Knee,Zimmer Biomet,Zimmer Biomet,,Without,5066,,124,63.0,58.0,71.0,,49.0,,2017-2023,2,3.6,3.0,4.1,2303,ok,False,cumulative_revision_rate,"Kaplan-Meier cumulative revision rate (1-KM), percent; number at risk in parentheses",0.95,Primary knee arthroplasties by femoro-tibial combination,
EPRD,Germany,2024,to 2023-12-31,knee_femorotibial_combination,52,UKA,EPRD_AnnualReport2024-Web_2025-03-27_F.pdf,75,pdf_text,not_needed,"Unicondylar knee arthroplasties, fixed bearing, cemented",device,Persona Partial Knee / Persona Partial Knee,Persona Partial Knee,Persona Partial Knee,Zimmer Biomet,Zimmer Biomet,,Without,5066,,124,63.0,58.0,71.0,,49.0,,2017-2023,3,4.4,3.7,5.1,1376,ok,False,cumulative_revision_rate,"Kaplan-Meier cumulative revision rate (1-KM), percent; number at risk in parentheses",0.95,Primary knee arthroplasties by femoro-tibial combination,
EPRD,Germany,2024,to 2023-12-31,knee_femorotibial_combination,52,UKA,EPRD_AnnualReport2024-Web_2025-03-27_F.pdf,75,pdf_text,not_needed,"Unicondylar knee arthroplasties, fixed bearing, cemented",device,Persona Partial Knee / Persona Partial Knee,Persona Partial Knee,Persona Partial Knee,Zimmer Biomet,Zimmer Biomet,,Without,5066,,124,63.0,58.0,71.0,,49.0,,2017-2023,4,4.9,4.1,5.8,760,ok,False,cumulative_revision_rate,"Kaplan-Meier cumulative revision rate (1-KM), percent; number at risk in parentheses",0.95,Primary knee arthroplasties by femoro-tibial combination,
EPRD,Germany,2024,to 2023-12-31,knee_femorotibial_combination,52,UKA,EPRD_AnnualReport2024-Web_2025-03-27_F.pdf,75,pdf_text,not_needed,"Unicondylar knee arthroplasties, fixed bearing, cemented",device,Persona Partial Knee / Persona Partial Knee,Persona Partial Knee,Persona Partial Knee,Zimmer Biomet,Zimmer Biomet,,Without,5066,,124,63.0,58.0,71.0,,49.0,,2017-2023,5,5.1,4.2,5.9,250,ok,False,cumulative_revision_rate,"Kaplan-Meier cumulative revision rate (1-KM), percent; number at risk in parentheses",0.95,Primary knee arthroplasties by femoro-tibial combination,
EPRD,Germany,2024,to 2023-12-31,knee_femorotibial_combination,52,UKA,EPRD_AnnualReport2024-Web_2025-03-27_F.pdf,75,pdf_text,not_needed,"Unicondylar knee arthroplasties, fixed bearing, cemented",device,Persona Partial Knee / Persona Partial Knee,Persona Partial Knee,Persona Partial Knee,Zimmer Biomet,Zimmer Biomet,,Without,5066,,124,63.0,58.0,71.0,,49.0,,2017-2023,6,,,,,blank,False,cumulative_revision_rate,"Kaplan-Meier cumulative revision rate (1-KM), percent; number at risk in parentheses",0.95,Primary knee arthroplasties by femoro-tibial combination,
EPRD,Germany,2024,to 2023-12-31,knee_femorotibial_combination,52,UKA,EPRD_AnnualReport2024-Web_2025-03-27_F.pdf,75,pdf_text,not_needed,"Unicondylar knee arthroplasties, fixed bearing, cemented",device,Persona Partial Knee / Persona Partial Knee,Persona Partial Knee,Persona Partial Knee,Zimmer Biomet,Zimmer Biomet,,Without,5066,,124,63.0,58.0,71.0,,49.0,,2017-2023,7,,,,,blank,False,cumulative_revision_rate,"Kaplan-Meier cumulative revision rate (1-KM), percent; number at risk in parentheses",0.95,Primary knee arthroplasties by femoro-tibial combination,
EPRD,Germany,2024,to 2023-12-31,knee_femorotibial_combination,52,UKA,EPRD_AnnualReport2024-Web_2025-03-27_F.pdf,75,pdf_text,not_needed,"Unicondylar knee arthroplasties, fixed bearing, cemented",device,Persona Partial Knee / Persona Partial Knee,Persona Partial Knee,Persona Partial Knee,Zimmer Biomet,Zimmer Biomet,,Without,5066,,124,63.0,58.0,71.0,,49.0,,2017-2023,8,,,,,blank,False,cumulative_revision_rate,"Kaplan-Meier cumulative revision rate (1-KM), percent; number at risk in parentheses",0.95,Primary knee arthroplasties by femoro-tibial combination,
EPRD,Germany,2024,to 2023-12-31,knee_femorotibial_combination,52,UKA,EPRD_AnnualReport2024-Web_2025-03-27_F.pdf,75,pdf_text,not_needed,"Unicondylar knee arthroplasties, fixed bearing, cemented",device,Persona Partial Knee / Persona Partial Knee,Persona Partial Knee,Persona Partial Knee,Zimmer Biomet,Zimmer Biomet,,Without,5066,,124,63.0,58.0,71.0,,49.0,,2017-2023,9,,,,,blank,False,cumulative_revision_rate,"Kaplan-Meier cumulative revision rate (1-KM), percent; number at risk in parentheses",0.95,Primary knee arthroplasties by femoro-tibial combination,
EPRD,Germany,2024,to 2023-12-31,knee_femorotibial_combination,52,UKA,EPRD_AnnualReport2024-Web_2025-03-27_F.pdf,75,pdf_text,not_needed,"Unicondylar knee arthroplasties, fixed bearing, cemented",device,SIGMA™ HP Partial-Kniesystem / SIGMA™ HP Partial-Kniesystem,SIGMA™ HP Partial-Kniesystem,SIGMA™ HP Partial-Kniesystem,DePuy,DePuy,,Without,4500,,109,63.0,57.0,71.0,,47.0,,2012-2023,1,1.8,1.4,2.2,3920,ok,False,cumulative_revision_rate,"Kaplan-Meier cumulative revision rate (1-KM), percent; number at risk in parentheses",0.95,Primary knee arthroplasties by femoro-tibial combination,
EPRD,Germany,2024,to 2023-12-31,knee_femorotibial_combination,52,UKA,EPRD_AnnualReport2024-Web_2025-03-27_F.pdf,75,pdf_text,not_needed,"Unicondylar knee arthroplasties, fixed bearing, cemented",device,SIGMA™ HP Partial-Kniesystem / SIGMA™ HP Partial-Kniesystem,SIGMA™ HP Partial-Kniesystem,SIGMA™ HP Partial-Kniesystem,DePuy,DePuy,,Without,4500,,109,63.0,57.0,71.0,,47.0,,2012-2023,2,3.7,3.1,4.3,3382,ok,False,cumulative_revision_rate,"Kaplan-Meier cumulative revision rate (1-KM), percent; number at risk in parentheses",0.95,Primary knee arthroplasties by femoro-tibial combination,
EPRD,Germany,2024,to 2023-12-31,knee_femorotibial_combination,52,UKA,EPRD_AnnualReport2024-Web_2025-03-27_F.pdf,75,pdf_text,not_needed,"Unicondylar knee arthroplasties, fixed bearing, cemented",device,SIGMA™ HP Partial-Kniesystem / SIGMA™ HP Partial-Kniesystem,SIGMA™ HP Partial-Kniesystem,SIGMA™ HP Partial-Kniesystem,DePuy,DePuy,,Without,4500,,109,63.0,57.0,71.0,,47.0,,2012-2023,3,4.6,4.0,5.3,2828,ok,False,cumulative_revision_rate,"Kaplan-Meier cumulative revision rate (1-KM), percent; number at risk in parentheses",0.95,Primary knee arthroplasties by femoro-tibial combination,
EPRD,Germany,2024,to 2023-12-31,knee_femorotibial_combination,52,UKA,EPRD_AnnualReport2024-Web_2025-03-27_F.pdf,75,pdf_text,not_needed,"Unicondylar knee arthroplasties, fixed bearing, cemented",device,SIGMA™ HP Partial-Kniesystem / SIGMA™ HP Partial-Kniesystem,SIGMA™ HP Partial-Kniesystem,SIGMA™ HP Partial-Kniesystem,DePuy,DePuy,,Without,4500,,109,63.0,57.0,71.0,,47.0,,2012-2023,4,5.4,4.7,6.2,2202,ok,False,cumulative_revision_rate,"Kaplan-Meier cumulative revision rate (1-KM), percent; number at risk in parentheses",0.95,Primary knee arthroplasties by femoro-tibial combination,
EPRD,Germany,2024,to 2023-12-31,knee_femorotibial_combination,52,UKA,EPRD_AnnualReport2024-Web_2025-03-27_F.pdf,75,pdf_text,not_needed,"Unicondylar knee arthroplasties, fixed bearing, cemented",device,SIGMA™ HP Partial-Kniesystem / SIGMA™ HP Partial-Kniesystem,SIGMA™ HP Partial-Kniesystem,SIGMA™ HP Partial-Kniesystem,DePuy,DePuy,,Without,4500,,109,63.0,57.0,71.0,,47.0,,2012-2023,5,5.7,4.9,6.5,1661,ok,False,cumulative_revision_rate,"Kaplan-Meier cumulative revision rate (1-KM), percent; number at risk in parentheses",0.95,Primary knee arthroplasties by femoro-tibial combination,
EPRD,Germany,2024,to 2023-12-31,knee_femorotibial_combination,52,UKA,EPRD_AnnualReport2024-Web_2025-03-27_F.pdf,75,pdf_text,not_needed,"Unicondylar knee arthroplasties, fixed bearing, cemented",device,SIGMA™ HP Partial-Kniesystem / SIGMA™ HP Partial-Kniesystem,SIGMA™ HP Partial-Kniesystem,SIGMA™ HP Partial-Kniesystem,DePuy,DePuy,,Without,4500,,109,63.0,57.0,71.0,,47.0,,2012-2023,6,6.3,5.4,7.1,1097,ok,False,cumulative_revision_rate,"Kaplan-Meier cumulative revision rate (1-KM), percent; number at risk in parentheses",0.95,Primary knee arthroplasties by femoro-tibial combination,
EPRD,Germany,2024,to 2023-12-31,knee_femorotibial_combination,52,UKA,EPRD_AnnualReport2024-Web_2025-03-27_F.pdf,75,pdf_text,not_needed,"Unicondylar knee arthroplasties, fixed bearing, cemented",device,SIGMA™ HP Partial-Kniesystem / SIGMA™ HP Partial-Kniesystem,SIGMA™ HP Partial-Kniesystem,SIGMA™ HP Partial-Kniesystem,DePuy,DePuy,,Without,4500,,109,63.0,57.0,71.0,,47.0,,2012-2023,7,7.0,5.9,8.0,594,ok,False,cumulative_revision_rate,"Kaplan-Meier cumulative revision rate (1-KM), percent; number at risk in parentheses",0.95,Primary knee arthroplasties by femoro-tibial combination,
EPRD,Germany,2024,to 2023-12-31,knee_femorotibial_combination,52,UKA,EPRD_AnnualReport2024-Web_2025-03-27_F.pdf,75,pdf_text,not_needed,"Unicondylar knee arthroplasties, fixed bearing, cemented",device,SIGMA™ HP Partial-Kniesystem / SIGMA™ HP Partial-Kniesystem,SIGMA™ HP Partial-Kniesystem,SIGMA™ HP Partial-Kniesystem,DePuy,DePuy,,Without,4500,,109,63.0,57.0,71.0,,47.0,,2012-2023,8,7.1,6.1,8.2,214,ok,False,cumulative_revision_rate,"Kaplan-Meier cumulative revision rate (1-KM), percent; number at risk in parentheses",0.95,Primary knee arthroplasties by femoro-tibial combination,
EPRD,Germany,2024,to 2023-12-31,knee_femorotibial_combination,52,UKA,EPRD_AnnualReport2024-Web_2025-03-27_F.pdf,75,pdf_text,not_needed,"Unicondylar knee arthroplasties, fixed bearing, cemented",device,SIGMA™ HP Partial-Kniesystem / SIGMA™ HP Partial-Kniesystem,SIGMA™ HP Partial-Kniesystem,SIGMA™ HP Partial-Kniesystem,DePuy,DePuy,,Without,4500,,109,63.0,57.0,71.0,,47.0,,2012-2023,9,7.1,6.1,8.2,54,ok,True,cumulative_revision_rate,"Kaplan-Meier cumulative revision rate (1-KM), percent; number at risk in parentheses",0.95,Primary knee arthroplasties by femoro-tibial combination,
EPRD,Germany,2024,to 2023-12-31,knee_femorotibial_combination,52,UKA,EPRD_AnnualReport2024-Web_2025-03-27_F.pdf,75,pdf_text,not_needed,"Unicondylar knee arthroplasties, fixed bearing, cemented",device,Triathlon PKR / Triathlon PKR,Triathlon PKR,Triathlon PKR,Stryker,Stryker,,Without,636,,34,62.0,56.0,70.0,,46.0,,2014-2023,1,4.8,3.1,6.4,542,ok,False,cumulative_revision_rate,"Kaplan-Meier cumulative revision rate (1-KM), percent; number at risk in parentheses",0.95,Primary knee arthroplasties by femoro-tibial combination,
EPRD,Germany,2024,to 2023-12-31,knee_femorotibial_combination,52,UKA,EPRD_AnnualReport2024-Web_2025-03-27_F.pdf,75,pdf_text,not_needed,"Unicondylar knee arthroplasties, fixed bearing, cemented",device,Triathlon PKR / Triathlon PKR,Triathlon PKR,Triathlon PKR,Stryker,Stryker,,Without,636,,34,62.0,56.0,70.0,,46.0,,2014-2023,2,7.5,5.4,9.7,453,ok,False,cumulative_revision_rate,"Kaplan-Meier cumulative revision rate (1-KM), percent; number at risk in parentheses",0.95,Primary knee arthroplasties by femoro-tibial combination,
EPRD,Germany,2024,to 2023-12-31,knee_femorotibial_combination,52,UKA,EPRD_AnnualReport2024-Web_2025-03-27_F.pdf,75,pdf_text,not_needed,"Unicondylar knee arthroplasties, fixed bearing, cemented",device,Triathlon PKR / Triathlon PKR,Triathlon PKR,Triathlon PKR,Stryker,Stryker,,Without,636,,34,62.0,56.0,70.0,,46.0,,2014-2023,3,9.3,6.8,11.6,380,ok,False,cumulative_revision_rate,"Kaplan-Meier cumulative revision rate (1-KM), percent; number at risk in parentheses",0.95,Primary knee arthroplasties by femoro-tibial combination,
EPRD,Germany,2024,to 2023-12-31,knee_femorotibial_combination,52,UKA,EPRD_AnnualReport2024-Web_2025-03-27_F.pdf,75,pdf_text,not_needed,"Unicondylar knee arthroplasties, fixed bearing, cemented",device,Triathlon PKR / Triathlon PKR,Triathlon PKR,Triathlon PKR,Stryker,Stryker,,Without,636,,34,62.0,56.0,70.0,,46.0,,2014-2023,4,10.5,7.9,13.1,319,ok,False,cumulative_revision_rate,"Kaplan-Meier cumulative revision rate (1-KM), percent; number at risk in parentheses",0.95,Primary knee arthroplasties by femoro-tibial combination,
EPRD,Germany,2024,to 2023-12-31,knee_femorotibial_combination,52,UKA,EPRD_AnnualReport2024-Web_2025-03-27_F.pdf,75,pdf_text,not_needed,"Unicondylar knee arthroplasties, fixed bearing, cemented",device,Triathlon PKR / Triathlon PKR,Triathlon PKR,Triathlon PKR,Stryker,Stryker,,Without,636,,34,62.0,56.0,70.0,,46.0,,2014-2023,5,11.2,8.4,13.9,256,ok,False,cumulative_revision_rate,"Kaplan-Meier cumulative revision rate (1-KM), percent; number at risk in parentheses",0.95,Primary knee arthroplasties by femoro-tibial combination,
EPRD,Germany,2024,to 2023-12-31,knee_femorotibial_combination,52,UKA,EPRD_AnnualReport2024-Web_2025-03-27_F.pdf,75,pdf_text,not_needed,"Unicondylar knee arthroplasties, fixed bearing, cemented",device,Triathlon PKR / Triathlon PKR,Triathlon PKR,Triathlon PKR,Stryker,Stryker,,Without,636,,34,62.0,56.0,70.0,,46.0,,2014-2023,6,12.3,9.3,15.3,184,ok,False,cumulative_revision_rate,"Kaplan-Meier cumulative revision rate (1-KM), percent; number at risk in parentheses",0.95,Primary knee arthroplasties by femoro-tibial combination,
EPRD,Germany,2024,to 2023-12-31,knee_femorotibial_combination,52,UKA,EPRD_AnnualReport2024-Web_2025-03-27_F.pdf,75,pdf_text,not_needed,"Unicondylar knee arthroplasties, fixed bearing, cemented",device,Triathlon PKR / Triathlon PKR,Triathlon PKR,Triathlon PKR,Stryker,Stryker,,Without,636,,34,62.0,56.0,70.0,,46.0,,2014-2023,7,12.3,9.3,15.3,101,ok,True,cumulative_revision_rate,"Kaplan-Meier cumulative revision rate (1-KM), percent; number at risk in parentheses",0.95,Primary knee arthroplasties by femoro-tibial combination,
EPRD,Germany,2024,to 2023-12-31,knee_femorotibial_combination,52,UKA,EPRD_AnnualReport2024-Web_2025-03-27_F.pdf,75,pdf_text,not_needed,"Unicondylar knee arthroplasties, fixed bearing, cemented",device,Triathlon PKR / Triathlon PKR,Triathlon PKR,Triathlon PKR,Stryker,Stryker,,Without,636,,34,62.0,56.0,70.0,,46.0,,2014-2023,8,12.3,9.3,15.3,50,ok,True,cumulative_revision_rate,"Kaplan-Meier cumulative revision rate (1-KM), percent; number at risk in parentheses",0.95,Primary knee arthroplasties by femoro-tibial combination,
EPRD,Germany,2024,to 2023-12-31,knee_femorotibial_combination,52,UKA,EPRD_AnnualReport2024-Web_2025-03-27_F.pdf,75,pdf_text,not_needed,"Unicondylar knee arthroplasties, fixed bearing, cemented",device,Triathlon PKR / Triathlon PKR,Triathlon PKR,Triathlon PKR,Stryker,Stryker,,Without,636,,34,62.0,56.0,70.0,,46.0,,2014-2023,9,,,,,blank,False,cumulative_revision_rate,"Kaplan-Meier cumulative revision rate (1-KM), percent; number at risk in parentheses",0.95,Primary knee arthroplasties by femoro-tibial combination,
EPRD,Germany,2024,to 2023-12-31,knee_femorotibial_combination,52,UKA,EPRD_AnnualReport2024-Web_2025-03-27_F.pdf,75,pdf_text,not_needed,"Unicondylar knee arthroplasties, fixed bearing, cemented",device,UNIVATION / UNIVATION,UNIVATION,UNIVATION,Aesculap,Aesculap,,Without,1601,,73,62.0,56.0,70.0,,44.0,,2014-2020,1,4.8,3.8,5.9,1510,ok,False,cumulative_revision_rate,"Kaplan-Meier cumulative revision rate (1-KM), percent; number at risk in parentheses",0.95,Primary knee arthroplasties by femoro-tibial combination,
EPRD,Germany,2024,to 2023-12-31,knee_femorotibial_combination,52,UKA,EPRD_AnnualReport2024-Web_2025-03-27_F.pdf,75,pdf_text,not_needed,"Unicondylar knee arthroplasties, fixed bearing, cemented",device,UNIVATION / UNIVATION,UNIVATION,UNIVATION,Aesculap,Aesculap,,Without,1601,,73,62.0,56.0,70.0,,44.0,,2014-2020,2,8.3,6.9,9.7,1444,ok,False,cumulative_revision_rate,"Kaplan-Meier cumulative revision rate (1-KM), percent; number at risk in parentheses",0.95,Primary knee arthroplasties by femoro-tibial combination,
EPRD,Germany,2024,to 2023-12-31,knee_femorotibial_combination,52,UKA,EPRD_AnnualReport2024-Web_2025-03-27_F.pdf,75,pdf_text,not_needed,"Unicondylar knee arthroplasties, fixed bearing, cemented",device,UNIVATION / UNIVATION,UNIVATION,UNIVATION,Aesculap,Aesculap,,Without,1601,,73,62.0,56.0,70.0,,44.0,,2014-2020,3,10.6,9.1,12.1,1351,ok,False,cumulative_revision_rate,"Kaplan-Meier cumulative revision rate (1-KM), percent; number at risk in parentheses",0.95,Primary knee arthroplasties by femoro-tibial combination,
EPRD,Germany,2024,to 2023-12-31,knee_femorotibial_combination,52,UKA,EPRD_AnnualReport2024-Web_2025-03-27_F.pdf,75,pdf_text,not_needed,"Unicondylar knee arthroplasties, fixed bearing, cemented",device,UNIVATION / UNIVATION,UNIVATION,UNIVATION,Aesculap,Aesculap,,Without,1601,,73,62.0,56.0,70.0,,44.0,,2014-2020,4,12.3,10.7,13.9,976,ok,False,cumulative_revision_rate,"Kaplan-Meier cumulative revision rate (1-KM), percent; number at risk in parentheses",0.95,Primary knee arthroplasties by femoro-tibial combination,
EPRD,Germany,2024,to 2023-12-31,knee_femorotibial_combination,52,UKA,EPRD_AnnualReport2024-Web_2025-03-27_F.pdf,75,pdf_text,not_needed,"Unicondylar knee arthroplasties, fixed bearing, cemented",device,UNIVATION / UNIVATION,UNIVATION,UNIVATION,Aesculap,Aesculap,,Without,1601,,73,62.0,56.0,70.0,,44.0,,2014-2020,5,13.3,11.5,15.0,588,ok,False,cumulative_revision_rate,"Kaplan-Meier cumulative revision rate (1-KM), percent; number at risk in parentheses",0.95,Primary knee arthroplasties by femoro-tibial combination,
EPRD,Germany,2024,to 2023-12-31,knee_femorotibial_combination,52,UKA,EPRD_AnnualReport2024-Web_2025-03-27_F.pdf,75,pdf_text,not_needed,"Unicondylar knee arthroplasties, fixed bearing, cemented",device,UNIVATION / UNIVATION,UNIVATION,UNIVATION,Aesculap,Aesculap,,Without,1601,,73,62.0,56.0,70.0,,44.0,,2014-2020,6,13.8,12.0,15.7,266,ok,False,cumulative_revision_rate,"Kaplan-Meier cumulative revision rate (1-KM), percent; number at risk in parentheses",0.95,Primary knee arthroplasties by femoro-tibial combination,
EPRD,Germany,2024,to 2023-12-31,knee_femorotibial_combination,52,UKA,EPRD_AnnualReport2024-Web_2025-03-27_F.pdf,75,pdf_text,not_needed,"Unicondylar knee arthroplasties, fixed bearing, cemented",device,UNIVATION / UNIVATION,UNIVATION,UNIVATION,Aesculap,Aesculap,,Without,1601,,73,62.0,56.0,70.0,,44.0,,2014-2020,7,14.3,12.2,16.2,78,ok,True,cumulative_revision_rate,"Kaplan-Meier cumulative revision rate (1-KM), percent; number at risk in parentheses",0.95,Primary knee arthroplasties by femoro-tibial combination,
EPRD,Germany,2024,to 2023-12-31,knee_femorotibial_combination,52,UKA,EPRD_AnnualReport2024-Web_2025-03-27_F.pdf,75,pdf_text,not_needed,"Unicondylar knee arthroplasties, fixed bearing, cemented",device,UNIVATION / UNIVATION,UNIVATION,UNIVATION,Aesculap,Aesculap,,Without,1601,,73,62.0,56.0,70.0,,44.0,,2014-2020,8,,,,,blank,False,cumulative_revision_rate,"Kaplan-Meier cumulative revision rate (1-KM), percent; number at risk in parentheses",0.95,Primary knee arthroplasties by femoro-tibial combination,
EPRD,Germany,2024,to 2023-12-31,knee_femorotibial_combination,52,UKA,EPRD_AnnualReport2024-Web_2025-03-27_F.pdf,75,pdf_text,not_needed,"Unicondylar knee arthroplasties, fixed bearing, cemented",device,UNIVATION / UNIVATION,UNIVATION,UNIVATION,Aesculap,Aesculap,,Without,1601,,73,62.0,56.0,70.0,,44.0,,2014-2020,9,,,,,blank,False,cumulative_revision_rate,"Kaplan-Meier cumulative revision rate (1-KM), percent; number at risk in parentheses",0.95,Primary knee arthroplasties by femoro-tibial combination,
EPRD,Germany,2024,to 2023-12-31,knee_femorotibial_combination,52,UKA,EPRD_AnnualReport2024-Web_2025-03-27_F.pdf,75,pdf_text,not_needed,"Unicondylar knee arthroplasties, fixed bearing, cemented",device,ZUK / ZUK,ZUK,ZUK,Lima,Lima,,Without,5463,,126,64.0,58.0,72.0,,46.0,,2012-2023,1,2.0,1.6,2.4,4355,ok,False,cumulative_revision_rate,"Kaplan-Meier cumulative revision rate (1-KM), percent; number at risk in parentheses",0.95,Primary knee arthroplasties by femoro-tibial combination,
EPRD,Germany,2024,to 2023-12-31,knee_femorotibial_combination,52,UKA,EPRD_AnnualReport2024-Web_2025-03-27_F.pdf,75,pdf_text,not_needed,"Unicondylar knee arthroplasties, fixed bearing, cemented",device,ZUK / ZUK,ZUK,ZUK,Lima,Lima,,Without,5463,,126,64.0,58.0,72.0,,46.0,,2012-2023,2,3.1,2.6,3.5,3410,ok,False,cumulative_revision_rate,"Kaplan-Meier cumulative revision rate (1-KM), percent; number at risk in parentheses",0.95,Primary knee arthroplasties by femoro-tibial combination,
EPRD,Germany,2024,to 2023-12-31,knee_femorotibial_combination,52,UKA,EPRD_AnnualReport2024-Web_2025-03-27_F.pdf,75,pdf_text,not_needed,"Unicondylar knee arthroplasties, fixed bearing, cemented",device,ZUK / ZUK,ZUK,ZUK,Lima,Lima,,Without,5463,,126,64.0,58.0,72.0,,46.0,,2012-2023,3,3.7,3.1,4.3,2696,ok,False,cumulative_revision_rate,"Kaplan-Meier cumulative revision rate (1-KM), percent; number at risk in parentheses",0.95,Primary knee arthroplasties by femoro-tibial combination,
EPRD,Germany,2024,to 2023-12-31,knee_femorotibial_combination,52,UKA,EPRD_AnnualReport2024-Web_2025-03-27_F.pdf,75,pdf_text,not_needed,"Unicondylar knee arthroplasties, fixed bearing, cemented",device,ZUK / ZUK,ZUK,ZUK,Lima,Lima,,Without,5463,,126,64.0,58.0,72.0,,46.0,,2012-2023,4,4.6,3.9,5.2,2247,ok,False,cumulative_revision_rate,"Kaplan-Meier cumulative revision rate (1-KM), percent; number at risk in parentheses",0.95,Primary knee arthroplasties by femoro-tibial combination,
EPRD,Germany,2024,to 2023-12-31,knee_femorotibial_combination,52,UKA,EPRD_AnnualReport2024-Web_2025-03-27_F.pdf,75,pdf_text,not_needed,"Unicondylar knee arthroplasties, fixed bearing, cemented",device,ZUK / ZUK,ZUK,ZUK,Lima,Lima,,Without,5463,,126,64.0,58.0,72.0,,46.0,,2012-2023,5,4.8,4.1,5.5,1832,ok,False,cumulative_revision_rate,"Kaplan-Meier cumulative revision rate (1-KM), percent; number at risk in parentheses",0.95,Primary knee arthroplasties by femoro-tibial combination,
EPRD,Germany,2024,to 2023-12-31,knee_femorotibial_combination,52,UKA,EPRD_AnnualReport2024-Web_2025-03-27_F.pdf,75,pdf_text,not_needed,"Unicondylar knee arthroplasties, fixed bearing, cemented",device,ZUK / ZUK,ZUK,ZUK,Lima,Lima,,Without,5463,,126,64.0,58.0,72.0,,46.0,,2012-2023,6,5.1,4.3,5.8,1243,ok,False,cumulative_revision_rate,"Kaplan-Meier cumulative revision rate (1-KM), percent; number at risk in parentheses",0.95,Primary knee arthroplasties by femoro-tibial combination,
EPRD,Germany,2024,to 2023-12-31,knee_femorotibial_combination,52,UKA,EPRD_AnnualReport2024-Web_2025-03-27_F.pdf,75,pdf_text,not_needed,"Unicondylar knee arthroplasties, fixed bearing, cemented",device,ZUK / ZUK,ZUK,ZUK,Lima,Lima,,Without,5463,,126,64.0,58.0,72.0,,46.0,,2012-2023,7,5.5,4.6,6.3,663,ok,False,cumulative_revision_rate,"Kaplan-Meier cumulative revision rate (1-KM), percent; number at risk in parentheses",0.95,Primary knee arthroplasties by femoro-tibial combination,
EPRD,Germany,2024,to 2023-12-31,knee_femorotibial_combination,52,UKA,EPRD_AnnualReport2024-Web_2025-03-27_F.pdf,75,pdf_text,not_needed,"Unicondylar knee arthroplasties, fixed bearing, cemented",device,ZUK / ZUK,ZUK,ZUK,Lima,Lima,,Without,5463,,126,64.0,58.0,72.0,,46.0,,2012-2023,8,6.2,5.0,7.4,182,ok,False,cumulative_revision_rate,"Kaplan-Meier cumulative revision rate (1-KM), percent; number at risk in parentheses",0.95,Primary knee arthroplasties by femoro-tibial combination,
EPRD,Germany,2024,to 2023-12-31,knee_femorotibial_combination,52,UKA,EPRD_AnnualReport2024-Web_2025-03-27_F.pdf,75,pdf_text,not_needed,"Unicondylar knee arthroplasties, fixed bearing, cemented",device,ZUK / ZUK,ZUK,ZUK,Lima,Lima,,Without,5463,,126,64.0,58.0,72.0,,46.0,,2012-2023,9,,,,,blank,False,cumulative_revision_rate,"Kaplan-Meier cumulative revision rate (1-KM), percent; number at risk in parentheses",0.95,Primary knee arthroplasties by femoro-tibial combination,
EPRD,Germany,2024,to 2023-12-31,knee_femorotibial_combination,52,UKA,EPRD_AnnualReport2024-Web_2025-03-27_F.pdf,75,pdf_text,not_needed,"Unicondylar knee arthroplasties, mobile bearing, hybrid",device,Oxford / Oxford Tibia,Oxford,Oxford Tibia,Zimmer Biomet,Zimmer Biomet,,Without,305,,38,67.0,61.0,74.0,,36.0,,2013-2023,1,3.0,1.1,5.0,271,ok,False,cumulative_revision_rate,"Kaplan-Meier cumulative revision rate (1-KM), percent; number at risk in parentheses",0.95,Primary knee arthroplasties by femoro-tibial combination,
EPRD,Germany,2024,to 2023-12-31,knee_femorotibial_combination,52,UKA,EPRD_AnnualReport2024-Web_2025-03-27_F.pdf,75,pdf_text,not_needed,"Unicondylar knee arthroplasties, mobile bearing, hybrid",device,Oxford / Oxford Tibia,Oxford,Oxford Tibia,Zimmer Biomet,Zimmer Biomet,,Without,305,,38,67.0,61.0,74.0,,36.0,,2013-2023,2,3.8,1.6,6.0,241,ok,False,cumulative_revision_rate,"Kaplan-Meier cumulative revision rate (1-KM), percent; number at risk in parentheses",0.95,Primary knee arthroplasties by femoro-tibial combination,
EPRD,Germany,2024,to 2023-12-31,knee_femorotibial_combination,52,UKA,EPRD_AnnualReport2024-Web_2025-03-27_F.pdf,75,pdf_text,not_needed,"Unicondylar knee arthroplasties, mobile bearing, hybrid",device,Oxford / Oxford Tibia,Oxford,Oxford Tibia,Zimmer Biomet,Zimmer Biomet,,Without,305,,38,67.0,61.0,74.0,,36.0,,2013-2023,3,4.2,1.8,6.6,218,ok,False,cumulative_revision_rate,"Kaplan-Meier cumulative revision rate (1-KM), percent; number at risk in parentheses",0.95,Primary knee arthroplasties by femoro-tibial combination,
EPRD,Germany,2024,to 2023-12-31,knee_femorotibial_combination,52,UKA,EPRD_AnnualReport2024-Web_2025-03-27_F.pdf,75,pdf_text,not_needed,"Unicondylar knee arthroplasties, mobile bearing, hybrid",device,Oxford / Oxford Tibia,Oxford,Oxford Tibia,Zimmer Biomet,Zimmer Biomet,,Without,305,,38,67.0,61.0,74.0,,36.0,,2013-2023,4,4.7,2.1,7.2,194,ok,False,cumulative_revision_rate,"Kaplan-Meier cumulative revision rate (1-KM), percent; number at risk in parentheses",0.95,Primary knee arthroplasties by femoro-tibial combination,
EPRD,Germany,2024,to 2023-12-31,knee_femorotibial_combination,52,UKA,EPRD_AnnualReport2024-Web_2025-03-27_F.pdf,75,pdf_text,not_needed,"Unicondylar knee arthroplasties, mobile bearing, hybrid",device,Oxford / Oxford Tibia,Oxford,Oxford Tibia,Zimmer Biomet,Zimmer Biomet,,Without,305,,38,67.0,61.0,74.0,,36.0,,2013-2023,5,5.2,2.5,7.9,153,ok,False,cumulative_revision_rate,"Kaplan-Meier cumulative revision rate (1-KM), percent; number at risk in parentheses",0.95,Primary knee arthroplasties by femoro-tibial combination,
EPRD,Germany,2024,to 2023-12-31,knee_femorotibial_combination,52,UKA,EPRD_AnnualReport2024-Web_2025-03-27_F.pdf,75,pdf_text,not_needed,"Unicondylar knee arthroplasties, mobile bearing, hybrid",device,Oxford / Oxford Tibia,Oxford,Oxford Tibia,Zimmer Biomet,Zimmer Biomet,,Without,305,,38,67.0,61.0,74.0,,36.0,,2013-2023,6,5.2,2.5,7.9,109,ok,True,cumulative_revision_rate,"Kaplan-Meier cumulative revision rate (1-KM), percent; number at risk in parentheses",0.95,Primary knee arthroplasties by femoro-tibial combination,
EPRD,Germany,2024,to 2023-12-31,knee_femorotibial_combination,52,UKA,EPRD_AnnualReport2024-Web_2025-03-27_F.pdf,75,pdf_text,not_needed,"Unicondylar knee arthroplasties, mobile bearing, hybrid",device,Oxford / Oxford Tibia,Oxford,Oxford Tibia,Zimmer Biomet,Zimmer Biomet,,Without,305,,38,67.0,61.0,74.0,,36.0,,2013-2023,7,6.7,2.7,10.5,53,ok,True,cumulative_revision_rate,"Kaplan-Meier cumulative revision rate (1-KM), percent; number at risk in parentheses",0.95,Primary knee arthroplasties by femoro-tibial combination,
EPRD,Germany,2024,to 2023-12-31,knee_femorotibial_combination,52,UKA,EPRD_AnnualReport2024-Web_2025-03-27_F.pdf,75,pdf_text,not_needed,"Unicondylar knee arthroplasties, mobile bearing, hybrid",device,Oxford / Oxford Tibia,Oxford,Oxford Tibia,Zimmer Biomet,Zimmer Biomet,,Without,305,,38,67.0,61.0,74.0,,36.0,,2013-2023,8,,,,,blank,False,cumulative_revision_rate,"Kaplan-Meier cumulative revision rate (1-KM), percent; number at risk in parentheses",0.95,Primary knee arthroplasties by femoro-tibial combination,
EPRD,Germany,2024,to 2023-12-31,knee_femorotibial_combination,52,UKA,EPRD_AnnualReport2024-Web_2025-03-27_F.pdf,75,pdf_text,not_needed,"Unicondylar knee arthroplasties, mobile bearing, hybrid",device,Oxford / Oxford Tibia,Oxford,Oxford Tibia,Zimmer Biomet,Zimmer Biomet,,Without,305,,38,67.0,61.0,74.0,,36.0,,2013-2023,9,,,,,blank,False,cumulative_revision_rate,"Kaplan-Meier cumulative revision rate (1-KM), percent; number at risk in parentheses",0.95,Primary knee arthroplasties by femoro-tibial combination,
EPRD,Germany,2024,to 2023-12-31,knee_femorotibial_combination,52,UKA,EPRD_AnnualReport2024-Web_2025-03-27_F.pdf,75,pdf_text,not_needed,"Unicondylar knee arthroplasties, mobile bearing, uncemented",device,Oxford / Oxford Tibia,Oxford,Oxford Tibia,Zimmer Biomet,Zimmer Biomet,,Without,8003,,106,63.0,57.0,71.0,,55.0,,2012-2023,1,3.7,3.3,4.2,6214,ok,False,cumulative_revision_rate,"Kaplan-Meier cumulative revision rate (1-KM), percent; number at risk in parentheses",0.95,Primary knee arthroplasties by femoro-tibial combination,
EPRD,Germany,2024,to 2023-12-31,knee_femorotibial_combination,52,UKA,EPRD_AnnualReport2024-Web_2025-03-27_F.pdf,75,pdf_text,not_needed,"Unicondylar knee arthroplasties, mobile bearing, uncemented",device,Oxford / Oxford Tibia,Oxford,Oxford Tibia,Zimmer Biomet,Zimmer Biomet,,Without,8003,,106,63.0,57.0,71.0,,55.0,,2012-2023,2,5.1,4.5,5.6,4845,ok,False,cumulative_revision_rate,"Kaplan-Meier cumulative revision rate (1-KM), percent; number at risk in parentheses",0.95,Primary knee arthroplasties by femoro-tibial combination,
EPRD,Germany,2024,to 2023-12-31,knee_femorotibial_combination,52,UKA,EPRD_AnnualReport2024-Web_2025-03-27_F.pdf,75,pdf_text,not_needed,"Unicondylar knee arthroplasties, mobile bearing, uncemented",device,Oxford / Oxford Tibia,Oxford,Oxford Tibia,Zimmer Biomet,Zimmer Biomet,,Without,8003,,106,63.0,57.0,71.0,,55.0,,2012-2023,3,6.0,5.4,6.6,3925,ok,False,cumulative_revision_rate,"Kaplan-Meier cumulative revision rate (1-KM), percent; number at risk in parentheses",0.95,Primary knee arthroplasties by femoro-tibial combination,
EPRD,Germany,2024,to 2023-12-31,knee_femorotibial_combination,52,UKA,EPRD_AnnualReport2024-Web_2025-03-27_F.pdf,75,pdf_text,not_needed,"Unicondylar knee arthroplasties, mobile bearing, uncemented",device,Oxford / Oxford Tibia,Oxford,Oxford Tibia,Zimmer Biomet,Zimmer Biomet,,Without,8003,,106,63.0,57.0,71.0,,55.0,,2012-2023,4,6.5,5.8,7.1,3086,ok,False,cumulative_revision_rate,"Kaplan-Meier cumulative revision rate (1-KM), percent; number at risk in parentheses",0.95,Primary knee arthroplasties by femoro-tibial combination,
EPRD,Germany,2024,to 2023-12-31,knee_femorotibial_combination,52,UKA,EPRD_AnnualReport2024-Web_2025-03-27_F.pdf,75,pdf_text,not_needed,"Unicondylar knee arthroplasties, mobile bearing, uncemented",device,Oxford / Oxford Tibia,Oxford,Oxford Tibia,Zimmer Biomet,Zimmer Biomet,,Without,8003,,106,63.0,57.0,71.0,,55.0,,2012-2023,5,6.8,6.1,7.4,2225,ok,False,cumulative_revision_rate,"Kaplan-Meier cumulative revision rate (1-KM), percent; number at risk in parentheses",0.95,Primary knee arthroplasties by femoro-tibial combination,
EPRD,Germany,2024,to 2023-12-31,knee_femorotibial_combination,52,UKA,EPRD_AnnualReport2024-Web_2025-03-27_F.pdf,75,pdf_text,not_needed,"Unicondylar knee arthroplasties, mobile bearing, uncemented",device,Oxford / Oxford Tibia,Oxford,Oxford Tibia,Zimmer Biomet,Zimmer Biomet,,Without,8003,,106,63.0,57.0,71.0,,55.0,,2012-2023,6,7.6,6.8,8.3,1442,ok,False,cumulative_revision_rate,"Kaplan-Meier cumulative revision rate (1-KM), percent; number at risk in parentheses",0.95,Primary knee arthroplasties by femoro-tibial combination,
EPRD,Germany,2024,to 2023-12-31,knee_femorotibial_combination,52,UKA,EPRD_AnnualReport2024-Web_2025-03-27_F.pdf,75,pdf_text,not_needed,"Unicondylar knee arthroplasties, mobile bearing, uncemented",device,Oxford / Oxford Tibia,Oxford,Oxford Tibia,Zimmer Biomet,Zimmer Biomet,,Without,8003,,106,63.0,57.0,71.0,,55.0,,2012-2023,7,7.9,7.1,8.8,835,ok,False,cumulative_revision_rate,"Kaplan-Meier cumulative revision rate (1-KM), percent; number at risk in parentheses",0.95,Primary knee arthroplasties by femoro-tibial combination,
EPRD,Germany,2024,to 2023-12-31,knee_femorotibial_combination,52,UKA,EPRD_AnnualReport2024-Web_2025-03-27_F.pdf,75,pdf_text,not_needed,"Unicondylar knee arthroplasties, mobile bearing, uncemented",device,Oxford / Oxford Tibia,Oxford,Oxford Tibia,Zimmer Biomet,Zimmer Biomet,,Without,8003,,106,63.0,57.0,71.0,,55.0,,2012-2023,8,8.4,7.4,9.3,385,ok,False,cumulative_revision_rate,"Kaplan-Meier cumulative revision rate (1-KM), percent; number at risk in parentheses",0.95,Primary knee arthroplasties by femoro-tibial combination,
EPRD,Germany,2024,to 2023-12-31,knee_femorotibial_combination,52,UKA,EPRD_AnnualReport2024-Web_2025-03-27_F.pdf,75,pdf_text,not_needed,"Unicondylar knee arthroplasties, mobile bearing, uncemented",device,Oxford / Oxford Tibia,Oxford,Oxford Tibia,Zimmer Biomet,Zimmer Biomet,,Without,8003,,106,63.0,57.0,71.0,,55.0,,2012-2023,9,8.8,7.5,10.1,154,ok,False,cumulative_revision_rate,"Kaplan-Meier cumulative revision rate (1-KM), percent; number at risk in parentheses",0.95,Primary knee arthroplasties by femoro-tibial combination,
EPRD,Germany,2024,to 2023-12-31,knee_femorotibial_combination,52,UKA,EPRD_AnnualReport2024-Web_2025-03-27_F.pdf,75,pdf_text,not_needed,"Unicondylar knee arthroplasties, mobile bearing, cemented",device,Oxford / Oxford Tibia,Oxford,Oxford Tibia,Zimmer Biomet,Zimmer Biomet,,Without,25704,,429,64.0,58.0,73.0,,46.0,,2012-2023,1,2.8,2.6,3.0,21206,ok,False,cumulative_revision_rate,"Kaplan-Meier cumulative revision rate (1-KM), percent; number at risk in parentheses",0.95,Primary knee arthroplasties by femoro-tibial combination,
EPRD,Germany,2024,to 2023-12-31,knee_femorotibial_combination,52,UKA,EPRD_AnnualReport2024-Web_2025-03-27_F.pdf,75,pdf_text,not_needed,"Unicondylar knee arthroplasties, mobile bearing, cemented",device,Oxford / Oxford Tibia,Oxford,Oxford Tibia,Zimmer Biomet,Zimmer Biomet,,Without,25704,,429,64.0,58.0,73.0,,46.0,,2012-2023,2,4.4,4.1,4.7,17402,ok,False,cumulative_revision_rate,"Kaplan-Meier cumulative revision rate (1-KM), percent; number at risk in parentheses",0.95,Primary knee arthroplasties by femoro-tibial combination,
EPRD,Germany,2024,to 2023-12-31,knee_femorotibial_combination,52,UKA,EPRD_AnnualReport2024-Web_2025-03-27_F.pdf,75,pdf_text,not_needed,"Unicondylar knee arthroplasties, mobile bearing, cemented",device,Oxford / Oxford Tibia,Oxford,Oxford Tibia,Zimmer Biomet,Zimmer Biomet,,Without,25704,,429,64.0,58.0,73.0,,46.0,,2012-2023,3,5.4,5.1,5.7,14221,ok,False,cumulative_revision_rate,"Kaplan-Meier cumulative revision rate (1-KM), percent; number at risk in parentheses",0.95,Primary knee arthroplasties by femoro-tibial combination,
EPRD,Germany,2024,to 2023-12-31,knee_femorotibial_combination,52,UKA,EPRD_AnnualReport2024-Web_2025-03-27_F.pdf,75,pdf_text,not_needed,"Unicondylar knee arthroplasties, mobile bearing, cemented",device,Oxford / Oxford Tibia,Oxford,Oxford Tibia,Zimmer Biomet,Zimmer Biomet,,Without,25704,,429,64.0,58.0,73.0,,46.0,,2012-2023,4,6.2,5.9,6.5,10951,ok,False,cumulative_revision_rate,"Kaplan-Meier cumulative revision rate (1-KM), percent; number at risk in parentheses",0.95,Primary knee arthroplasties by femoro-tibial combination,
EPRD,Germany,2024,to 2023-12-31,knee_femorotibial_combination,52,UKA,EPRD_AnnualReport2024-Web_2025-03-27_F.pdf,75,pdf_text,not_needed,"Unicondylar knee arthroplasties, mobile bearing, cemented",device,Oxford / Oxford Tibia,Oxford,Oxford Tibia,Zimmer Biomet,Zimmer Biomet,,Without,25704,,429,64.0,58.0,73.0,,46.0,,2012-2023,5,6.8,6.4,7.2,7877,ok,False,cumulative_revision_rate,"Kaplan-Meier cumulative revision rate (1-KM), percent; number at risk in parentheses",0.95,Primary knee arthroplasties by femoro-tibial combination,
EPRD,Germany,2024,to 2023-12-31,knee_femorotibial_combination,52,UKA,EPRD_AnnualReport2024-Web_2025-03-27_F.pdf,75,pdf_text,not_needed,"Unicondylar knee arthroplasties, mobile bearing, cemented",device,Oxford / Oxford Tibia,Oxford,Oxford Tibia,Zimmer Biomet,Zimmer Biomet,,Without,25704,,429,64.0,58.0,73.0,,46.0,,2012-2023,6,7.6,7.2,8.0,4989,ok,False,cumulative_revision_rate,"Kaplan-Meier cumulative revision rate (1-KM), percent; number at risk in parentheses",0.95,Primary knee arthroplasties by femoro-tibial combination,
EPRD,Germany,2024,to 2023-12-31,knee_femorotibial_combination,52,UKA,EPRD_AnnualReport2024-Web_2025-03-27_F.pdf,75,pdf_text,not_needed,"Unicondylar knee arthroplasties, mobile bearing, cemented",device,Oxford / Oxford Tibia,Oxford,Oxford Tibia,Zimmer Biomet,Zimmer Biomet,,Without,25704,,429,64.0,58.0,73.0,,46.0,,2012-2023,7,8.2,7.8,8.7,2657,ok,False,cumulative_revision_rate,"Kaplan-Meier cumulative revision rate (1-KM), percent; number at risk in parentheses",0.95,Primary knee arthroplasties by femoro-tibial combination,
EPRD,Germany,2024,to 2023-12-31,knee_femorotibial_combination,52,UKA,EPRD_AnnualReport2024-Web_2025-03-27_F.pdf,75,pdf_text,not_needed,"Unicondylar knee arthroplasties, mobile bearing, cemented",device,Oxford / Oxford Tibia,Oxford,Oxford Tibia,Zimmer Biomet,Zimmer Biomet,,Without,25704,,429,64.0,58.0,73.0,,46.0,,2012-2023,8,9.0,8.4,9.7,980,ok,False,cumulative_revision_rate,"Kaplan-Meier cumulative revision rate (1-KM), percent; number at risk in parentheses",0.95,Primary knee arthroplasties by femoro-tibial combination,
EPRD,Germany,2024,to 2023-12-31,knee_femorotibial_combination,52,UKA,EPRD_AnnualReport2024-Web_2025-03-27_F.pdf,75,pdf_text,not_needed,"Unicondylar knee arthroplasties, mobile bearing, cemented",device,Oxford / Oxford Tibia,Oxford,Oxford Tibia,Zimmer Biomet,Zimmer Biomet,,Without,25704,,429,64.0,58.0,73.0,,46.0,,2012-2023,9,9.5,8.7,10.4,298,ok,False,cumulative_revision_rate,"Kaplan-Meier cumulative revision rate (1-KM), percent; number at risk in parentheses",0.95,Primary knee arthroplasties by femoro-tibial combination,
EPRD,Germany,2024,to 2023-12-31,knee_femorotibial_combination,52,UKA,EPRD_AnnualReport2024-Web_2025-03-27_F.pdf,75,pdf_text,not_needed,"Unicondylar knee arthroplasties, mobile bearing, cemented",device,Oxford TiNbN / Oxford Tibia TiNbN,Oxford TiNbN,Oxford Tibia TiNbN,Zimmer Biomet,Zimmer Biomet,,Without,2492,,304,60.0,55.0,67.0,,12.0,,2012-2023,1,3.0,2.3,3.6,2139,ok,False,cumulative_revision_rate,"Kaplan-Meier cumulative revision rate (1-KM), percent; number at risk in parentheses",0.95,Primary knee arthroplasties by femoro-tibial combination,
EPRD,Germany,2024,to 2023-12-31,knee_femorotibial_combination,52,UKA,EPRD_AnnualReport2024-Web_2025-03-27_F.pdf,75,pdf_text,not_needed,"Unicondylar knee arthroplasties, mobile bearing, cemented",device,Oxford TiNbN / Oxford Tibia TiNbN,Oxford TiNbN,Oxford Tibia TiNbN,Zimmer Biomet,Zimmer Biomet,,Without,2492,,304,60.0,55.0,67.0,,12.0,,2012-2023,2,5.7,4.7,6.7,1726,ok,False,cumulative_revision_rate,"Kaplan-Meier cumulative revision rate (1-KM), percent; number at risk in parentheses",0.95,Primary knee arthroplasties by femoro-tibial combination,
EPRD,Germany,2024,to 2023-12-31,knee_femorotibial_combination,52,UKA,EPRD_AnnualReport2024-Web_2025-03-27_F.pdf,75,pdf_text,not_needed,"Unicondylar knee arthroplasties, mobile bearing, cemented",device,Oxford TiNbN / Oxford Tibia TiNbN,Oxford TiNbN,Oxford Tibia TiNbN,Zimmer Biomet,Zimmer Biomet,,Without,2492,,304,60.0,55.0,67.0,,12.0,,2012-2023,3,6.7,5.6,7.8,1388,ok,False,cumulative_revision_rate,"Kaplan-Meier cumulative revision rate (1-KM), percent; number at risk in parentheses",0.95,Primary knee arthroplasties by femoro-tibial combination,
EPRD,Germany,2024,to 2023-12-31,knee_femorotibial_combination,52,UKA,EPRD_AnnualReport2024-Web_2025-03-27_F.pdf,75,pdf_text,not_needed,"Unicondylar knee arthroplasties, mobile bearing, cemented",device,Oxford TiNbN / Oxford Tibia TiNbN,Oxford TiNbN,Oxford Tibia TiNbN,Zimmer Biomet,Zimmer Biomet,,Without,2492,,304,60.0,55.0,67.0,,12.0,,2012-2023,4,7.7,6.5,8.9,1059,ok,False,cumulative_revision_rate,"Kaplan-Meier cumulative revision rate (1-KM), percent; number at risk in parentheses",0.95,Primary knee arthroplasties by femoro-tibial combination,
EPRD,Germany,2024,to 2023-12-31,knee_femorotibial_combination,52,UKA,EPRD_AnnualReport2024-Web_2025-03-27_F.pdf,75,pdf_text,not_needed,"Unicondylar knee arthroplasties, mobile bearing, cemented",device,Oxford TiNbN / Oxford Tibia TiNbN,Oxford TiNbN,Oxford Tibia TiNbN,Zimmer Biomet,Zimmer Biomet,,Without,2492,,304,60.0,55.0,67.0,,12.0,,2012-2023,5,8.5,7.2,9.8,746,ok,False,cumulative_revision_rate,"Kaplan-Meier cumulative revision rate (1-KM), percent; number at risk in parentheses",0.95,Primary knee arthroplasties by femoro-tibial combination,
EPRD,Germany,2024,to 2023-12-31,knee_femorotibial_combination,52,UKA,EPRD_AnnualReport2024-Web_2025-03-27_F.pdf,75,pdf_text,not_needed,"Unicondylar knee arthroplasties, mobile bearing, cemented",device,Oxford TiNbN / Oxford Tibia TiNbN,Oxford TiNbN,Oxford Tibia TiNbN,Zimmer Biomet,Zimmer Biomet,,Without,2492,,304,60.0,55.0,67.0,,12.0,,2012-2023,6,9.0,7.6,10.4,488,ok,False,cumulative_revision_rate,"Kaplan-Meier cumulative revision rate (1-KM), percent; number at risk in parentheses",0.95,Primary knee arthroplasties by femoro-tibial combination,
EPRD,Germany,2024,to 2023-12-31,knee_femorotibial_combination,52,UKA,EPRD_AnnualReport2024-Web_2025-03-27_F.pdf,75,pdf_text,not_needed,"Unicondylar knee arthroplasties, mobile bearing, cemented",device,Oxford TiNbN / Oxford Tibia TiNbN,Oxford TiNbN,Oxford Tibia TiNbN,Zimmer Biomet,Zimmer Biomet,,Without,2492,,304,60.0,55.0,67.0,,12.0,,2012-2023,7,9.0,7.6,10.4,303,ok,False,cumulative_revision_rate,"Kaplan-Meier cumulative revision rate (1-KM), percent; number at risk in parentheses",0.95,Primary knee arthroplasties by femoro-tibial combination,
EPRD,Germany,2024,to 2023-12-31,knee_femorotibial_combination,52,UKA,EPRD_AnnualReport2024-Web_2025-03-27_F.pdf,75,pdf_text,not_needed,"Unicondylar knee arthroplasties, mobile bearing, cemented",device,Oxford TiNbN / Oxford Tibia TiNbN,Oxford TiNbN,Oxford Tibia TiNbN,Zimmer Biomet,Zimmer Biomet,,Without,2492,,304,60.0,55.0,67.0,,12.0,,2012-2023,8,9.4,7.8,11.0,141,ok,True,cumulative_revision_rate,"Kaplan-Meier cumulative revision rate (1-KM), percent; number at risk in parentheses",0.95,Primary knee arthroplasties by femoro-tibial combination,
EPRD,Germany,2024,to 2023-12-31,knee_femorotibial_combination,52,UKA,EPRD_AnnualReport2024-Web_2025-03-27_F.pdf,75,pdf_text,not_needed,"Unicondylar knee arthroplasties, mobile bearing, cemented",device,Oxford TiNbN / Oxford Tibia TiNbN,Oxford TiNbN,Oxford Tibia TiNbN,Zimmer Biomet,Zimmer Biomet,,Without,2492,,304,60.0,55.0,67.0,,12.0,,2012-2023,9,9.4,7.8,11.0,57,ok,True,cumulative_revision_rate,"Kaplan-Meier cumulative revision rate (1-KM), percent; number at risk in parentheses",0.95,Primary knee arthroplasties by femoro-tibial combination,
LROI,Netherlands,2025,2007 to 2024-12-31,uka_cemented_component,K054,UKA,pdf-lroi-report-2025-3.pdf,113,manual,unverified,,total,All cemented UKAs for osteoarthritis,All cemented UKAs for osteoarthritis,,,,,,29346,2783,100,64.0,58.0,70.0,,,,,1,1.62,1.47,1.76,,ok,False,cumulative_revision_percentage,"Kaplan-Meier cumulative revision percentage, percent",0.95,UKA for osteoarthritis 2007-2024; combinations with >100 procedures reported by >=3 hospitals,
LROI,Netherlands,2025,2007 to 2024-12-31,uka_cemented_component,K054,UKA,pdf-lroi-report-2025-3.pdf,113,manual,unverified,,total,All cemented UKAs for osteoarthritis,All cemented UKAs for osteoarthritis,,,,,,29346,2783,100,64.0,58.0,70.0,,,,,3,5.35,5.07,5.62,,ok,False,cumulative_revision_percentage,"Kaplan-Meier cumulative revision percentage, percent",0.95,UKA for osteoarthritis 2007-2024; combinations with >100 procedures reported by >=3 hospitals,
LROI,Netherlands,2025,2007 to 2024-12-31,uka_cemented_component,K054,UKA,pdf-lroi-report-2025-3.pdf,113,manual,unverified,,total,All cemented UKAs for osteoarthritis,All cemented UKAs for osteoarthritis,,,,,,29346,2783,100,64.0,58.0,70.0,,,,,5,7.44,7.1,7.77,,ok,False,cumulative_revision_percentage,"Kaplan-Meier cumulative revision percentage, percent",0.95,UKA for osteoarthritis 2007-2024; combinations with >100 procedures reported by >=3 hospitals,
LROI,Netherlands,2025,2007 to 2024-12-31,uka_cemented_component,K054,UKA,pdf-lroi-report-2025-3.pdf,113,manual,unverified,,total,All cemented UKAs for osteoarthritis,All cemented UKAs for osteoarthritis,,,,,,29346,2783,100,64.0,58.0,70.0,,,,,7,9.36,8.97,9.75,,ok,False,cumulative_revision_percentage,"Kaplan-Meier cumulative revision percentage, percent",0.95,UKA for osteoarthritis 2007-2024; combinations with >100 procedures reported by >=3 hospitals,
LROI,Netherlands,2025,2007 to 2024-12-31,uka_cemented_component,K054,UKA,pdf-lroi-report-2025-3.pdf,113,manual,unverified,,total,All cemented UKAs for osteoarthritis,All cemented UKAs for osteoarthritis,,,,,,29346,2783,100,64.0,58.0,70.0,,,,,10,12.45,11.95,12.94,,ok,False,cumulative_revision_percentage,"Kaplan-Meier cumulative revision percentage, percent",0.95,UKA for osteoarthritis 2007-2024; combinations with >100 procedures reported by >=3 hospitals,
LROI,Netherlands,2025,2007 to 2024-12-31,uka_cemented_component,K054,UKA,pdf-lroi-report-2025-3.pdf,113,manual,unverified,,total,All cemented UKAs for osteoarthritis,All cemented UKAs for osteoarthritis,,,,,,29346,2783,100,64.0,58.0,70.0,,,,,16,18.84,17.94,19.75,,ok,False,cumulative_revision_percentage,"Kaplan-Meier cumulative revision percentage, percent",0.95,UKA for osteoarthritis 2007-2024; combinations with >100 procedures reported by >=3 hospitals,
LROI,Netherlands,2025,2007 to 2024-12-31,uka_cemented_component,K054,UKA,pdf-lroi-report-2025-3.pdf,113,manual,unverified,,device,OXFORD PKR Cemented / OXFORD PKR Cemented,OXFORD PKR Cemented,OXFORD PKR Cemented,,,,,16206,1874,74,64.0,57.0,70.0,,,,,1,1.73,1.53,1.94,,ok,False,cumulative_revision_percentage,"Kaplan-Meier cumulative revision percentage, percent",0.95,UKA for osteoarthritis 2007-2024; combinations with >100 procedures reported by >=3 hospitals,
LROI,Netherlands,2025,2007 to 2024-12-31,uka_cemented_component,K054,UKA,pdf-lroi-report-2025-3.pdf,113,manual,unverified,,device,OXFORD PKR Cemented / OXFORD PKR Cemented,OXFORD PKR Cemented,OXFORD PKR Cemented,,,,,16206,1874,74,64.0,57.0,70.0,,,,,3,5.71,5.34,6.08,,ok,False,cumulative_revision_percentage,"Kaplan-Meier cumulative revision percentage, percent",0.95,UKA for osteoarthritis 2007-2024; combinations with >100 procedures reported by >=3 hospitals,
LROI,Netherlands,2025,2007 to 2024-12-31,uka_cemented_component,K054,UKA,pdf-lroi-report-2025-3.pdf,113,manual,unverified,,device,OXFORD PKR Cemented / OXFORD PKR Cemented,OXFORD PKR Cemented,OXFORD PKR Cemented,,,,,16206,1874,74,64.0,57.0,70.0,,,,,5,7.88,7.43,8.32,,ok,False,cumulative_revision_percentage,"Kaplan-Meier cumulative revision percentage, percent",0.95,UKA for osteoarthritis 2007-2024; combinations with >100 procedures reported by >=3 hospitals,
LROI,Netherlands,2025,2007 to 2024-12-31,uka_cemented_component,K054,UKA,pdf-lroi-report-2025-3.pdf,113,manual,unverified,,device,OXFORD PKR Cemented / OXFORD PKR Cemented,OXFORD PKR Cemented,OXFORD PKR Cemented,,,,,16206,1874,74,64.0,57.0,70.0,,,,,7,9.81,9.31,10.31,,ok,False,cumulative_revision_percentage,"Kaplan-Meier cumulative revision percentage, percent",0.95,UKA for osteoarthritis 2007-2024; combinations with >100 procedures reported by >=3 hospitals,
LROI,Netherlands,2025,2007 to 2024-12-31,uka_cemented_component,K054,UKA,pdf-lroi-report-2025-3.pdf,113,manual,unverified,,device,OXFORD PKR Cemented / OXFORD PKR Cemented,OXFORD PKR Cemented,OXFORD PKR Cemented,,,,,16206,1874,74,64.0,57.0,70.0,,,,,10,12.98,12.36,13.59,,ok,False,cumulative_revision_percentage,"Kaplan-Meier cumulative revision percentage, percent",0.95,UKA for osteoarthritis 2007-2024; combinations with >100 procedures reported by >=3 hospitals,
LROI,Netherlands,2025,2007 to 2024-12-31,uka_cemented_component,K054,UKA,pdf-lroi-report-2025-3.pdf,113,manual,unverified,,device,OXFORD PKR Cemented / OXFORD PKR Cemented,OXFORD PKR Cemented,OXFORD PKR Cemented,,,,,16206,1874,74,64.0,57.0,70.0,,,,,16,19.89,18.78,21.01,,ok,False,cumulative_revision_percentage,"Kaplan-Meier cumulative revision percentage, percent",0.95,UKA for osteoarthritis 2007-2024; combinations with >100 procedures reported by >=3 hospitals,
LROI,Netherlands,2025,2007 to 2024-12-31,uka_cemented_component,K054,UKA,pdf-lroi-report-2025-3.pdf,113,manual,unverified,,device,Physica ZUK / Physica ZUK,Physica ZUK,Physica ZUK,,,,,6828,234,35,64.0,58.0,70.0,,,,,1,0.79,0.57,1.0,,ok,False,cumulative_revision_percentage,"Kaplan-Meier cumulative revision percentage, percent",0.95,UKA for osteoarthritis 2007-2024; combinations with >100 procedures reported by >=3 hospitals,
LROI,Netherlands,2025,2007 to 2024-12-31,uka_cemented_component,K054,UKA,pdf-lroi-report-2025-3.pdf,113,manual,unverified,,device,Physica ZUK / Physica ZUK,Physica ZUK,Physica ZUK,,,,,6828,234,35,64.0,58.0,70.0,,,,,3,3.03,2.56,3.5,,ok,False,cumulative_revision_percentage,"Kaplan-Meier cumulative revision percentage, percent",0.95,UKA for osteoarthritis 2007-2024; combinations with >100 procedures reported by >=3 hospitals,
LROI,Netherlands,2025,2007 to 2024-12-31,uka_cemented_component,K054,UKA,pdf-lroi-report-2025-3.pdf,113,manual,unverified,,device,Physica ZUK / Physica ZUK,Physica ZUK,Physica ZUK,,,,,6828,234,35,64.0,58.0,70.0,,,,,5,3.85,3.27,4.42,,ok,False,cumulative_revision_percentage,"Kaplan-Meier cumulative revision percentage, percent",0.95,UKA for osteoarthritis 2007-2024; combinations with >100 procedures reported by >=3 hospitals,
LROI,Netherlands,2025,2007 to 2024-12-31,uka_cemented_component,K054,UKA,pdf-lroi-report-2025-3.pdf,113,manual,unverified,,device,Physica ZUK / Physica ZUK,Physica ZUK,Physica ZUK,,,,,6828,234,35,64.0,58.0,70.0,,,,,7,5.13,4.32,5.95,,ok,False,cumulative_revision_percentage,"Kaplan-Meier cumulative revision percentage, percent",0.95,UKA for osteoarthritis 2007-2024; combinations with >100 procedures reported by >=3 hospitals,
LROI,Netherlands,2025,2007 to 2024-12-31,uka_cemented_component,K054,UKA,pdf-lroi-report-2025-3.pdf,113,manual,unverified,,device,Physica ZUK / Physica ZUK,Physica ZUK,Physica ZUK,,,,,6828,234,35,64.0,58.0,70.0,,,,,10,7.59,6.26,8.93,,ok,False,cumulative_revision_percentage,"Kaplan-Meier cumulative revision percentage, percent",0.95,UKA for osteoarthritis 2007-2024; combinations with >100 procedures reported by >=3 hospitals,
LROI,Netherlands,2025,2007 to 2024-12-31,uka_cemented_component,K054,UKA,pdf-lroi-report-2025-3.pdf,113,manual,unverified,,device,Physica ZUK / Physica ZUK,Physica ZUK,Physica ZUK,,,,,6828,234,35,64.0,58.0,70.0,,,,,16,11.09,8.6,13.57,,ok,False,cumulative_revision_percentage,"Kaplan-Meier cumulative revision percentage, percent",0.95,UKA for osteoarthritis 2007-2024; combinations with >100 procedures reported by >=3 hospitals,
LROI,Netherlands,2025,2007 to 2024-12-31,uka_cemented_component,K054,UKA,pdf-lroi-report-2025-3.pdf,113,manual,unverified,,device,Genesis Uni / Genesis Uni,Genesis Uni,Genesis Uni,,,,,1244,237,25,62.0,56.0,69.0,,,,,1,2.82,1.9,3.74,,ok,False,cumulative_revision_percentage,"Kaplan-Meier cumulative revision percentage, percent",0.95,UKA for osteoarthritis 2007-2024; combinations with >100 procedures reported by >=3 hospitals,n_total:marked_*
LROI,Netherlands,2025,2007 to 2024-12-31,uka_cemented_component,K054,UKA,pdf-lroi-report-2025-3.pdf,113,manual,unverified,,device,Genesis Uni / Genesis Uni,Genesis Uni,Genesis Uni,,,,,1244,237,25,62.0,56.0,69.0,,,,,3,9.05,7.45,10.65,,ok,False,cumulative_revision_percentage,"Kaplan-Meier cumulative revision percentage, percent",0.95,UKA for osteoarthritis 2007-2024; combinations with >100 procedures reported by >=3 hospitals,n_total:marked_*
LROI,Netherlands,2025,2007 to 2024-12-31,uka_cemented_component,K054,UKA,pdf-lroi-report-2025-3.pdf,113,manual,unverified,,device,Genesis Uni / Genesis Uni,Genesis Uni,Genesis Uni,,,,,1244,237,25,62.0,56.0,69.0,,,,,5,12.59,10.74,14.44,,ok,False,cumulative_revision_percentage,"Kaplan-Meier cumulative revision percentage, percent",0.95,UKA for osteoarthritis 2007-2024; combinations with >100 procedures reported by >=3 hospitals,n_total:marked_*
LROI,Netherlands,2025,2007 to 2024-12-31,uka_cemented_component,K054,UKA,pdf-lroi-report-2025-3.pdf,113,manual,unverified,,device,Genesis Uni / Genesis Uni,Genesis Uni,Genesis Uni,,,,,1244,237,25,62.0,56.0,69.0,,,,,7,14.95,12.95,16.95,,ok,False,cumulative_revision_percentage,"Kaplan-Meier cumulative revision percentage, percent",0.95,UKA for osteoarthritis 2007-2024; combinations with >100 procedures reported by >=3 hospitals,n_total:marked_*
LROI,Netherlands,2025,2007 to 2024-12-31,uka_cemented_component,K054,UKA,pdf-lroi-report-2025-3.pdf,113,manual,unverified,,device,Genesis Uni / Genesis Uni,Genesis Uni,Genesis Uni,,,,,1244,237,25,62.0,56.0,69.0,,,,,10,17.45,15.3,19.6,,ok,False,cumulative_revision_percentage,"Kaplan-Meier cumulative revision percentage, percent",0.95,UKA for osteoarthritis 2007-2024; combinations with >100 procedures reported by >=3 hospitals,n_total:marked_*
LROI,Netherlands,2025,2007 to 2024-12-31,uka_cemented_component,K054,UKA,pdf-lroi-report-2025-3.pdf,113,manual,unverified,,device,Genesis Uni / Genesis Uni,Genesis Uni,Genesis Uni,,,,,1244,237,25,62.0,56.0,69.0,,,,,16,21.72,19.06,24.38,,ok,False,cumulative_revision_percentage,"Kaplan-Meier cumulative revision percentage, percent",0.95,UKA for osteoarthritis 2007-2024; combinations with >100 procedures reported by >=3 hospitals,n_total:marked_*
LROI,Netherlands,2025,2007 to 2024-12-31,uka_cemented_component,K054,UKA,pdf-lroi-report-2025-3.pdf,113,manual,unverified,,device,balanSys UNI / balanSys UNI,balanSys UNI,balanSys UNI,,,,,844,82,12,62.0,57.0,70.0,,,,,1,2.73,1.6,3.86,,ok,False,cumulative_revision_percentage,"Kaplan-Meier cumulative revision percentage, percent",0.95,UKA for osteoarthritis 2007-2024; combinations with >100 procedures reported by >=3 hospitals,
LROI,Netherlands,2025,2007 to 2024-12-31,uka_cemented_component,K054,UKA,pdf-lroi-report-2025-3.pdf,113,manual,unverified,,device,balanSys UNI / balanSys UNI,balanSys UNI,balanSys UNI,,,,,844,82,12,62.0,57.0,70.0,,,,,3,8.2,6.11,10.3,,ok,False,cumulative_revision_percentage,"Kaplan-Meier cumulative revision percentage, percent",0.95,UKA for osteoarthritis 2007-2024; combinations with >100 procedures reported by >=3 hospitals,
LROI,Netherlands,2025,2007 to 2024-12-31,uka_cemented_component,K054,UKA,pdf-lroi-report-2025-3.pdf,113,manual,unverified,,device,balanSys UNI / balanSys UNI,balanSys UNI,balanSys UNI,,,,,844,82,12,62.0,57.0,70.0,,,,,5,9.32,7.04,11.61,,ok,False,cumulative_revision_percentage,"Kaplan-Meier cumulative revision percentage, percent",0.95,UKA for osteoarthritis 2007-2024; combinations with >100 procedures reported by >=3 hospitals,
LROI,Netherlands,2025,2007 to 2024-12-31,uka_cemented_component,K054,UKA,pdf-lroi-report-2025-3.pdf,113,manual,unverified,,device,balanSys UNI / balanSys UNI,balanSys UNI,balanSys UNI,,,,,844,82,12,62.0,57.0,70.0,,,,,7,10.78,8.2,13.36,,ok,False,cumulative_revision_percentage,"Kaplan-Meier cumulative revision percentage, percent",0.95,UKA for osteoarthritis 2007-2024; combinations with >100 procedures reported by >=3 hospitals,
LROI,Netherlands,2025,2007 to 2024-12-31,uka_cemented_component,K054,UKA,pdf-lroi-report-2025-3.pdf,113,manual,unverified,,device,balanSys UNI / balanSys UNI,balanSys UNI,balanSys UNI,,,,,844,82,12,62.0,57.0,70.0,,,,,10,14.26,11.0,17.52,,ok,False,cumulative_revision_percentage,"Kaplan-Meier cumulative revision percentage, percent",0.95,UKA for osteoarthritis 2007-2024; combinations with >100 procedures reported by >=3 hospitals,
LROI,Netherlands,2025,2007 to 2024-12-31,uka_cemented_component,K054,UKA,pdf-lroi-report-2025-3.pdf,113,manual,unverified,,device,balanSys UNI / balanSys UNI,balanSys UNI,balanSys UNI,,,,,844,82,12,62.0,57.0,70.0,,,,,16,,,,,not_reported,False,cumulative_revision_percentage,"Kaplan-Meier cumulative revision percentage, percent",0.95,UKA for osteoarthritis 2007-2024; combinations with >100 procedures reported by >=3 hospitals,
LROI,Netherlands,2025,2007 to 2024-12-31,uka_cemented_component,K054,UKA,pdf-lroi-report-2025-3.pdf,113,manual,unverified,,device,Journey Uni / Journey Uni,Journey Uni,Journey Uni,,,,,827,43,9,63.0,57.0,70.0,,,,,1,1.18,0.41,1.94,,ok,False,cumulative_revision_percentage,"Kaplan-Meier cumulative revision percentage, percent",0.95,UKA for osteoarthritis 2007-2024; combinations with >100 procedures reported by >=3 hospitals,
LROI,Netherlands,2025,2007 to 2024-12-31,uka_cemented_component,K054,UKA,pdf-lroi-report-2025-3.pdf,113,manual,unverified,,device,Journey Uni / Journey Uni,Journey Uni,Journey Uni,,,,,827,43,9,63.0,57.0,70.0,,,,,3,4.64,2.93,6.35,,ok,False,cumulative_revision_percentage,"Kaplan-Meier cumulative revision percentage, percent",0.95,UKA for osteoarthritis 2007-2024; combinations with >100 procedures reported by >=3 hospitals,
LROI,Netherlands,2025,2007 to 2024-12-31,uka_cemented_component,K054,UKA,pdf-lroi-report-2025-3.pdf,113,manual,unverified,,device,Journey Uni / Journey Uni,Journey Uni,Journey Uni,,,,,827,43,9,63.0,57.0,70.0,,,,,5,6.92,4.69,9.14,,ok,False,cumulative_revision_percentage,"Kaplan-Meier cumulative revision percentage, percent",0.95,UKA for osteoarthritis 2007-2024; combinations with >100 procedures reported by >=3 hospitals,
LROI,Netherlands,2025,2007 to 2024-12-31,uka_cemented_component,K054,UKA,pdf-lroi-report-2025-3.pdf,113,manual,unverified,,device,Journey Uni / Journey Uni,Journey Uni,Journey Uni,,,,,827,43,9,63.0,57.0,70.0,,,,,7,8.49,5.8,11.18,,ok,False,cumulative_revision_percentage,"Kaplan-Meier cumulative revision percentage, percent",0.95,UKA for osteoarthritis 2007-2024; combinations with >100 procedures reported by >=3 hospitals,
LROI,Netherlands,2025,2007 to 2024-12-31,uka_cemented_component,K054,UKA,pdf-lroi-report-2025-3.pdf,113,manual,unverified,,device,Journey Uni / Journey Uni,Journey Uni,Journey Uni,,,,,827,43,9,63.0,57.0,70.0,,,,,10,,,,,not_reported,False,cumulative_revision_percentage,"Kaplan-Meier cumulative revision percentage, percent",0.95,UKA for osteoarthritis 2007-2024; combinations with >100 procedures reported by >=3 hospitals,
LROI,Netherlands,2025,2007 to 2024-12-31,uka_cemented_component,K054,UKA,pdf-lroi-report-2025-3.pdf,113,manual,unverified,,device,Journey Uni / Journey Uni,Journey Uni,Journey Uni,,,,,827,43,9,63.0,57.0,70.0,,,,,16,,,,,not_reported,False,cumulative_revision_percentage,"Kaplan-Meier cumulative revision percentage, percent",0.95,UKA for osteoarthritis 2007-2024; combinations with >100 procedures reported by >=3 hospitals,
LROI,Netherlands,2025,2007 to 2024-12-31,uka_cemented_component,K054,UKA,pdf-lroi-report-2025-3.pdf,113,manual,unverified,,device,Restoris MCK / Restoris MCK,Restoris MCK,Restoris MCK,,,,,427,4,3,69.0,62.0,75.0,,,,,1,1.02,0.02,2.03,,ok,False,cumulative_revision_percentage,"Kaplan-Meier cumulative revision percentage, percent",0.95,UKA for osteoarthritis 2007-2024; combinations with >100 procedures reported by >=3 hospitals,
LROI,Netherlands,2025,2007 to 2024-12-31,uka_cemented_component,K054,UKA,pdf-lroi-report-2025-3.pdf,113,manual,unverified,,device,Restoris MCK / Restoris MCK,Restoris MCK,Restoris MCK,,,,,427,4,3,69.0,62.0,75.0,,,,,3,1.02,0.02,2.03,,ok,False,cumulative_revision_percentage,"Kaplan-Meier cumulative revision percentage, percent",0.95,UKA for osteoarthritis 2007-2024; combinations with >100 procedures reported by >=3 hospitals,
LROI,Netherlands,2025,2007 to 2024-12-31,uka_cemented_component,K054,UKA,pdf-lroi-report-2025-3.pdf,113,manual,unverified,,device,Restoris MCK / Restoris MCK,Restoris MCK,Restoris MCK,,,,,427,4,3,69.0,62.0,75.0,,,,,5,,,,,not_reported,False,cumulative_revision_percentage,"Kaplan-Meier cumulative revision percentage, percent",0.95,UKA for osteoarthritis 2007-2024; combinations with >100 procedures reported by >=3 hospitals,
LROI,Netherlands,2025,2007 to 2024-12-31,uka_cemented_component,K054,UKA,pdf-lroi-report-2025-3.pdf,113,manual,unverified,,device,Restoris MCK / Restoris MCK,Restoris MCK,Restoris MCK,,,,,427,4,3,69.0,62.0,75.0,,,,,7,,,,,not_reported,False,cumulative_revision_percentage,"Kaplan-Meier cumulative revision percentage, percent",0.95,UKA for osteoarthritis 2007-2024; combinations with >100 procedures reported by >=3 hospitals,
LROI,Netherlands,2025,2007 to 2024-12-31,uka_cemented_component,K054,UKA,pdf-lroi-report-2025-3.pdf,113,manual,unverified,,device,Restoris MCK / Restoris MCK,Restoris MCK,Restoris MCK,,,,,427,4,3,69.0,62.0,75.0,,,,,10,,,,,not_reported,False,cumulative_revision_percentage,"Kaplan-Meier cumulative revision percentage, percent",0.95,UKA for osteoarthritis 2007-2024; combinations with >100 procedures reported by >=3 hospitals,
LROI,Netherlands,2025,2007 to 2024-12-31,uka_cemented_component,K054,UKA,pdf-lroi-report-2025-3.pdf,113,manual,unverified,,device,Restoris MCK / Restoris MCK,Restoris MCK,Restoris MCK,,,,,427,4,3,69.0,62.0,75.0,,,,,16,,,,,not_reported,False,cumulative_revision_percentage,"Kaplan-Meier cumulative revision percentage, percent",0.95,UKA for osteoarthritis 2007-2024; combinations with >100 procedures reported by >=3 hospitals,
LROI,Netherlands,2025,2007 to 2024-12-31,uka_cemented_component,K054,UKA,pdf-lroi-report-2025-3.pdf,113,manual,unverified,,device,TRIATHLON / TRIATHLON,TRIATHLON,TRIATHLON,,,,,196,28,3,60.0,54.0,65.0,,,,,1,1.53,0.0,3.25,,ok,False,cumulative_revision_percentage,"Kaplan-Meier cumulative revision percentage, percent",0.95,UKA for osteoarthritis 2007-2024; combinations with >100 procedures reported by >=3 hospitals,n_total:marked_*
LROI,Netherlands,2025,2007 to 2024-12-31,uka_cemented_component,K054,UKA,pdf-lroi-report-2025-3.pdf,113,manual,unverified,,device,TRIATHLON / TRIATHLON,TRIATHLON,TRIATHLON,,,,,196,28,3,60.0,54.0,65.0,,,,,3,7.15,3.54,10.76,,ok,False,cumulative_revision_percentage,"Kaplan-Meier cumulative revision percentage, percent",0.95,UKA for osteoarthritis 2007-2024; combinations with >100 procedures reported by >=3 hospitals,n_total:marked_*
LROI,Netherlands,2025,2007 to 2024-12-31,uka_cemented_component,K054,UKA,pdf-lroi-report-2025-3.pdf,113,manual,unverified,,device,TRIATHLON / TRIATHLON,TRIATHLON,TRIATHLON,,,,,196,28,3,60.0,54.0,65.0,,,,,5,9.22,5.16,13.28,,ok,False,cumulative_revision_percentage,"Kaplan-Meier cumulative revision percentage, percent",0.95,UKA for osteoarthritis 2007-2024; combinations with >100 procedures reported by >=3 hospitals,n_total:marked_*
LROI,Netherlands,2025,2007 to 2024-12-31,uka_cemented_component,K054,UKA,pdf-lroi-report-2025-3.pdf,113,manual,unverified,,device,TRIATHLON / TRIATHLON,TRIATHLON,TRIATHLON,,,,,196,28,3,60.0,54.0,65.0,,,,,7,10.73,6.22,15.23,,ok,False,cumulative_revision_percentage,"Kaplan-Meier cumulative revision percentage, percent",0.95,UKA for osteoarthritis 2007-2024; combinations with >100 procedures reported by >=3 hospitals,n_total:marked_*
LROI,Netherlands,2025,2007 to 2024-12-31,uka_cemented_component,K054,UKA,pdf-lroi-report-2025-3.pdf,113,manual,unverified,,device,TRIATHLON / TRIATHLON,TRIATHLON,TRIATHLON,,,,,196,28,3,60.0,54.0,65.0,,,,,10,14.18,8.39,19.98,,ok,False,cumulative_revision_percentage,"Kaplan-Meier cumulative revision percentage, percent",0.95,UKA for osteoarthritis 2007-2024; combinations with >100 procedures reported by >=3 hospitals,n_total:marked_*
LROI,Netherlands,2025,2007 to 2024-12-31,uka_cemented_component,K054,UKA,pdf-lroi-report-2025-3.pdf,113,manual,unverified,,device,TRIATHLON / TRIATHLON,TRIATHLON,TRIATHLON,,,,,196,28,3,60.0,54.0,65.0,,,,,16,,,,,not_reported,False,cumulative_revision_percentage,"Kaplan-Meier cumulative revision percentage, percent",0.95,UKA for osteoarthritis 2007-2024; combinations with >100 procedures reported by >=3 hospitals,n_total:marked_*
LROI,Netherlands,2025,2007 to 2024-12-31,uka_cemented_component,K054,UKA,pdf-lroi-report-2025-3.pdf,113,manual,unverified,,device,HLS uni / HLS Uni,HLS uni,HLS Uni,,,,,165,39,3,58.0,53.0,65.0,,,,,1,2.42,0.08,4.77,,ok,False,cumulative_revision_percentage,"Kaplan-Meier cumulative revision percentage, percent",0.95,UKA for osteoarthritis 2007-2024; combinations with >100 procedures reported by >=3 hospitals,n_total:marked_*
LROI,Netherlands,2025,2007 to 2024-12-31,uka_cemented_component,K054,UKA,pdf-lroi-report-2025-3.pdf,113,manual,unverified,,device,HLS uni / HLS Uni,HLS uni,HLS Uni,,,,,165,39,3,58.0,53.0,65.0,,,,,3,9.11,4.72,13.51,,ok,False,cumulative_revision_percentage,"Kaplan-Meier cumulative revision percentage, percent",0.95,UKA for osteoarthritis 2007-2024; combinations with >100 procedures reported by >=3 hospitals,n_total:marked_*
LROI,Netherlands,2025,2007 to 2024-12-31,uka_cemented_component,K054,UKA,pdf-lroi-report-2025-3.pdf,113,manual,unverified,,device,HLS uni / HLS Uni,HLS uni,HLS Uni,,,,,165,39,3,58.0,53.0,65.0,,,,,5,16.44,10.77,22.11,,ok,False,cumulative_revision_percentage,"Kaplan-Meier cumulative revision percentage, percent",0.95,UKA for osteoarthritis 2007-2024; combinations with >100 procedures reported by >=3 hospitals,n_total:marked_*
LROI,Netherlands,2025,2007 to 2024-12-31,uka_cemented_component,K054,UKA,pdf-lroi-report-2025-3.pdf,113,manual,unverified,,device,HLS uni / HLS Uni,HLS uni,HLS Uni,,,,,165,39,3,58.0,53.0,65.0,,,,,7,19.52,13.45,25.59,,ok,False,cumulative_revision_percentage,"Kaplan-Meier cumulative revision percentage, percent",0.95,UKA for osteoarthritis 2007-2024; combinations with >100 procedures reported by >=3 hospitals,n_total:marked_*
LROI,Netherlands,2025,2007 to 2024-12-31,uka_cemented_component,K054,UKA,pdf-lroi-report-2025-3.pdf,113,manual,unverified,,device,HLS uni / HLS Uni,HLS uni,HLS Uni,,,,,165,39,3,58.0,53.0,65.0,,,,,10,20.79,14.56,27.01,,ok,False,cumulative_revision_percentage,"Kaplan-Meier cumulative revision percentage, percent",0.95,UKA for osteoarthritis 2007-2024; combinations with >100 procedures reported by >=3 hospitals,n_total:marked_*
LROI,Netherlands,2025,2007 to 2024-12-31,uka_cemented_component,K054,UKA,pdf-lroi-report-2025-3.pdf,113,manual,unverified,,device,HLS uni / HLS Uni,HLS uni,HLS Uni,,,,,165,39,3,58.0,53.0,65.0,,,,,16,,,,,not_reported,False,cumulative_revision_percentage,"Kaplan-Meier cumulative revision percentage, percent",0.95,UKA for osteoarthritis 2007-2024; combinations with >100 procedures reported by >=3 hospitals,n_total:marked_*
LROI,Netherlands,2025,2007 to 2024-12-31,uka_cemented_component,K054,UKA,pdf-lroi-report-2025-3.pdf,113,manual,unverified,,device,Allegretto / Allegretto,Allegretto,Allegretto,,,,,106,24,4,57.0,51.0,65.0,,,,,1,6.6,1.88,11.33,,ok,False,cumulative_revision_percentage,"Kaplan-Meier cumulative revision percentage, percent",0.95,UKA for osteoarthritis 2007-2024; combinations with >100 procedures reported by >=3 hospitals,n_total:marked_*
LROI,Netherlands,2025,2007 to 2024-12-31,uka_cemented_component,K054,UKA,pdf-lroi-report-2025-3.pdf,113,manual,unverified,,device,Allegretto / Allegretto,Allegretto,Allegretto,,,,,106,24,4,57.0,51.0,65.0,,,,,3,12.26,6.02,18.51,,ok,False,cumulative_revision_percentage,"Kaplan-Meier cumulative revision percentage, percent",0.95,UKA for osteoarthritis 2007-2024; combinations with >100 procedures reported by >=3 hospitals,n_total:marked_*
LROI,Netherlands,2025,2007 to 2024-12-31,uka_cemented_component,K054,UKA,pdf-lroi-report-2025-3.pdf,113,manual,unverified,,device,Allegretto / Allegretto,Allegretto,Allegretto,,,,,106,24,4,57.0,51.0,65.0,,,,,5,17.98,10.65,25.3,,ok,False,cumulative_revision_percentage,"Kaplan-Meier cumulative revision percentage, percent",0.95,UKA for osteoarthritis 2007-2024; combinations with >100 procedures reported by >=3 hospitals,n_total:marked_*
LROI,Netherlands,2025,2007 to 2024-12-31,uka_cemented_component,K054,UKA,pdf-lroi-report-2025-3.pdf,113,manual,unverified,,device,Allegretto / Allegretto,Allegretto,Allegretto,,,,,106,24,4,57.0,51.0,65.0,,,,,7,20.05,12.37,27.74,,ok,False,cumulative_revision_percentage,"Kaplan-Meier cumulative revision percentage, percent",0.95,UKA for osteoarthritis 2007-2024; combinations with >100 procedures reported by >=3 hospitals,n_total:marked_*
LROI,Netherlands,2025,2007 to 2024-12-31,uka_cemented_component,K054,UKA,pdf-lroi-report-2025-3.pdf,113,manual,unverified,,device,Allegretto / Allegretto,Allegretto,Allegretto,,,,,106,24,4,57.0,51.0,65.0,,,,,10,,,,,not_reported,False,cumulative_revision_percentage,"Kaplan-Meier cumulative revision percentage, percent",0.95,UKA for osteoarthritis 2007-2024; combinations with >100 procedures reported by >=3 hospitals,n_total:marked_*
LROI,Netherlands,2025,2007 to 2024-12-31,uka_cemented_component,K054,UKA,pdf-lroi-report-2025-3.pdf,113,manual,unverified,,device,Allegretto / Allegretto,Allegretto,Allegretto,,,,,106,24,4,57.0,51.0,65.0,,,,,16,,,,,not_reported,False,cumulative_revision_percentage,"Kaplan-Meier cumulative revision percentage, percent",0.95,UKA for osteoarthritis 2007-2024; combinations with >100 procedures reported by >=3 hospitals,n_total:marked_*
LROI,Netherlands,2025,2007 to 2024-12-31,uka_uncemented_component,K055,UKA,pdf-lroi-report-2025-3.pdf,114,manual,unverified,,total,All uncemented UKAs for osteoarthritis,All uncemented UKAs for osteoarthritis,,,,,,32571,1530,82,65.0,59.0,72.0,,,,,1,2.05,1.89,2.21,,ok,False,cumulative_revision_percentage,"Kaplan-Meier cumulative revision percentage, percent",0.95,UKA for osteoarthritis 2007-2024; combinations with >100 procedures reported by >=3 hospitals,
LROI,Netherlands,2025,2007 to 2024-12-31,uka_uncemented_component,K055,UKA,pdf-lroi-report-2025-3.pdf,114,manual,unverified,,total,All uncemented UKAs for osteoarthritis,All uncemented UKAs for osteoarthritis,,,,,,32571,1530,82,65.0,59.0,72.0,,,,,3,4.3,4.05,4.55,,ok,False,cumulative_revision_percentage,"Kaplan-Meier cumulative revision percentage, percent",0.95,UKA for osteoarthritis 2007-2024; combinations with >100 procedures reported by >=3 hospitals,
LROI,Netherlands,2025,2007 to 2024-12-31,uka_uncemented_component,K055,UKA,pdf-lroi-report-2025-3.pdf,114,manual,unverified,,total,All uncemented UKAs for osteoarthritis,All uncemented UKAs for osteoarthritis,,,,,,32571,1530,82,65.0,59.0,72.0,,,,,5,5.56,5.25,5.87,,ok,False,cumulative_revision_percentage,"Kaplan-Meier cumulative revision percentage, percent",0.95,UKA for osteoarthritis 2007-2024; combinations with >100 procedures reported by >=3 hospitals,
LROI,Netherlands,2025,2007 to 2024-12-31,uka_uncemented_component,K055,UKA,pdf-lroi-report-2025-3.pdf,114,manual,unverified,,total,All uncemented UKAs for osteoarthritis,All uncemented UKAs for osteoarthritis,,,,,,32571,1530,82,65.0,59.0,72.0,,,,,7,7.18,6.77,7.6,,ok,False,cumulative_revision_percentage,"Kaplan-Meier cumulative revision percentage, percent",0.95,UKA for osteoarthritis 2007-2024; combinations with >100 procedures reported by >=3 hospitals,
LROI,Netherlands,2025,2007 to 2024-12-31,uka_uncemented_component,K055,UKA,pdf-lroi-report-2025-3.pdf,114,manual,unverified,,total,All uncemented UKAs for osteoarthritis,All uncemented UKAs for osteoarthritis,,,,,,32571,1530,82,65.0,59.0,72.0,,,,,10,9.71,8.98,10.44,,ok,False,cumulative_revision_percentage,"Kaplan-Meier cumulative revision percentage, percent",0.95,UKA for osteoarthritis 2007-2024; combinations with >100 procedures reported by >=3 hospitals,
LROI,Netherlands,2025,2007 to 2024-12-31,uka_uncemented_component,K055,UKA,pdf-lroi-report-2025-3.pdf,114,manual,unverified,,total,All uncemented UKAs for osteoarthritis,All uncemented UKAs for osteoarthritis,,,,,,32571,1530,82,65.0,59.0,72.0,,,,,16,15.91,12.82,18.99,,ok,False,cumulative_revision_percentage,"Kaplan-Meier cumulative revision percentage, percent",0.95,UKA for osteoarthritis 2007-2024; combinations with >100 procedures reported by >=3 hospitals,
LROI,Netherlands,2025,2007 to 2024-12-31,uka_uncemented_component,K055,UKA,pdf-lroi-report-2025-3.pdf,114,manual,unverified,,device,OXFORD PKR Uncemented / OXFORD PKR Uncemented,OXFORD PKR Uncemented,OXFORD PKR Uncemented,,,,,30164,1340,71,65.0,59.0,72.0,,,,,1,2.0,1.84,2.17,,ok,False,cumulative_revision_percentage,"Kaplan-Meier cumulative revision percentage, percent",0.95,UKA for osteoarthritis 2007-2024; combinations with >100 procedures reported by >=3 hospitals,
LROI,Netherlands,2025,2007 to 2024-12-31,uka_uncemented_component,K055,UKA,pdf-lroi-report-2025-3.pdf,114,manual,unverified,,device,OXFORD PKR Uncemented / OXFORD PKR Uncemented,OXFORD PKR Uncemented,OXFORD PKR Uncemented,,,,,30164,1340,71,65.0,59.0,72.0,,,,,3,4.2,3.94,4.45,,ok,False,cumulative_revision_percentage,"Kaplan-Meier cumulative revision percentage, percent",0.95,UKA for osteoarthritis 2007-2024; combinations with >100 procedures reported by >=3 hospitals,
LROI,Netherlands,2025,2007 to 2024-12-31,uka_uncemented_component,K055,UKA,pdf-lroi-report-2025-3.pdf,114,manual,unverified,,device,OXFORD PKR Uncemented / OXFORD PKR Uncemented,OXFORD PKR Uncemented,OXFORD PKR Uncemented,,,,,30164,1340,71,65.0,59.0,72.0,,,,,5,5.37,5.05,5.69,,ok,False,cumulative_revision_percentage,"Kaplan-Meier cumulative revision percentage, percent",0.95,UKA for osteoarthritis 2007-2024; combinations with >100 procedures reported by >=3 hospitals,
LROI,Netherlands,2025,2007 to 2024-12-31,uka_uncemented_component,K055,UKA,pdf-lroi-report-2025-3.pdf,114,manual,unverified,,device,OXFORD PKR Uncemented / OXFORD PKR Uncemented,OXFORD PKR Uncemented,OXFORD PKR Uncemented,,,,,30164,1340,71,65.0,59.0,72.0,,,,,7,6.82,6.4,7.25,,ok,False,cumulative_revision_percentage,"Kaplan-Meier cumulative revision percentage, percent",0.95,UKA for osteoarthritis 2007-2024; combinations with >100 procedures reported by >=3 hospitals,
LROI,Netherlands,2025,2007 to 2024-12-31,uka_uncemented_component,K055,UKA,pdf-lroi-report-2025-3.pdf,114,manual,unverified,,device,OXFORD PKR Uncemented / OXFORD PKR Uncemented,OXFORD PKR Uncemented,OXFORD PKR Uncemented,,,,,30164,1340,71,65.0,59.0,72.0,,,,,10,9.31,8.56,10.07,,ok,False,cumulative_revision_percentage,"Kaplan-Meier cumulative revision percentage, percent",0.95,UKA for osteoarthritis 2007-2024; combinations with >100 procedures reported by >=3 hospitals,
LROI,Netherlands,2025,2007 to 2024-12-31,uka_uncemented_component,K055,UKA,pdf-lroi-report-2025-3.pdf,114,manual,unverified,,device,OXFORD PKR Uncemented / OXFORD PKR Uncemented,OXFORD PKR Uncemented,OXFORD PKR Uncemented,,,,,30164,1340,71,65.0,59.0,72.0,,,,,16,,,,,not_reported,False,cumulative_revision_percentage,"Kaplan-Meier cumulative revision percentage, percent",0.95,UKA for osteoarthritis 2007-2024; combinations with >100 procedures reported by >=3 hospitals,
NJR,"England, Wales, Northern Ireland, Isle of Man, Guernsey",2025,to 2024-12-31,uka_brand,3.K8,UKA,NJR 22nd Annual Report 2025_Knees.pdf,71,pdf_text,not_needed,,total,All unicompartmental knee replacements,,,,,,,206689,,,64.0,57.0,71.0,,52.0,,,1,0.92,0.88,0.96,,ok,False,cumulative_revision_km,"Kaplan-Meier (1-KM), percent",0.95,"Brands used in >=1,000 primary knee operations (multicompartmental >=100)",
NJR,"England, Wales, Northern Ireland, Isle of Man, Guernsey",2025,to 2024-12-31,uka_brand,3.K8,UKA,NJR 22nd Annual Report 2025_Knees.pdf,71,pdf_text,not_needed,,total,All unicompartmental knee replacements,,,,,,,206689,,,64.0,57.0,71.0,,52.0,,,3,3.21,3.13,3.29,,ok,False,cumulative_revision_km,"Kaplan-Meier (1-KM), percent",0.95,"Brands used in >=1,000 primary knee operations (multicompartmental >=100)",
NJR,"England, Wales, Northern Ireland, Isle of Man, Guernsey",2025,to 2024-12-31,uka_brand,3.K8,UKA,NJR 22nd Annual Report 2025_Knees.pdf,71,pdf_text,not_needed,,total,All unicompartmental knee replacements,,,,,,,206689,,,64.0,57.0,71.0,,52.0,,,5,4.95,4.84,5.06,,ok,False,cumulative_revision_km,"Kaplan-Meier (1-KM), percent",0.95,"Brands used in >=1,000 primary knee operations (multicompartmental >=100)",
NJR,"England, Wales, Northern Ireland, Isle of Man, Guernsey",2025,to 2024-12-31,uka_brand,3.K8,UKA,NJR 22nd Annual Report 2025_Knees.pdf,71,pdf_text,not_needed,,total,All unicompartmental knee replacements,,,,,,,206689,,,64.0,57.0,71.0,,52.0,,,10,9.6,9.43,9.77,,ok,False,cumulative_revision_km,"Kaplan-Meier (1-KM), percent",0.95,"Brands used in >=1,000 primary knee operations (multicompartmental >=100)",
NJR,"England, Wales, Northern Ireland, Isle of Man, Guernsey",2025,to 2024-12-31,uka_brand,3.K8,UKA,NJR 22nd Annual Report 2025_Knees.pdf,71,pdf_text,not_needed,,total,All unicompartmental knee replacements,,,,,,,206689,,,64.0,57.0,71.0,,52.0,,,15,15.14,14.86,15.42,,ok,False,cumulative_revision_km,"Kaplan-Meier (1-KM), percent",0.95,"Brands used in >=1,000 primary knee operations (multicompartmental >=100)",
NJR,"England, Wales, Northern Ireland, Isle of Man, Guernsey",2025,to 2024-12-31,uka_brand,3.K8,UKA,NJR 22nd Annual Report 2025_Knees.pdf,71,pdf_text,not_needed,,total,All unicompartmental knee replacements,,,,,,,206689,,,64.0,57.0,71.0,,52.0,,,20,21.39,20.73,22.07,,ok,False,cumulative_revision_km,"Kaplan-Meier (1-KM), percent",0.95,"Brands used in >=1,000 primary knee operations (multicompartmental >=100)",
NJR,"England, Wales, Northern Ireland, Isle of Man, Guernsey",2025,to 2024-12-31,uka_brand,3.K8,UKA,NJR 22nd Annual Report 2025_Knees.pdf,71,pdf_text,not_needed,Unicondylar,device,AMC/Uniglide[M.Fem:M.Tib],AMC/Uniglide,AMC/Uniglide,,,medial,,2761,,,64.0,57.0,71.0,,52.0,,,1,2.39,1.89,3.04,,ok,False,cumulative_revision_km,"Kaplan-Meier (1-KM), percent",0.95,"Brands used in >=1,000 primary knee operations (multicompartmental >=100)",
NJR,"England, Wales, Northern Ireland, Isle of Man, Guernsey",2025,to 2024-12-31,uka_brand,3.K8,UKA,NJR 22nd Annual Report 2025_Knees.pdf,71,pdf_text,not_needed,Unicondylar,device,AMC/Uniglide[M.Fem:M.Tib],AMC/Uniglide,AMC/Uniglide,,,medial,,2761,,,64.0,57.0,71.0,,52.0,,,3,6.16,5.32,7.13,,ok,False,cumulative_revision_km,"Kaplan-Meier (1-KM), percent",0.95,"Brands used in >=1,000 primary knee operations (multicompartmental >=100)",
NJR,"England, Wales, Northern Ireland, Isle of Man, Guernsey",2025,to 2024-12-31,uka_brand,3.K8,UKA,NJR 22nd Annual Report 2025_Knees.pdf,71,pdf_text,not_needed,Unicondylar,device,AMC/Uniglide[M.Fem:M.Tib],AMC/Uniglide,AMC/Uniglide,,,medial,,2761,,,64.0,57.0,71.0,,52.0,,,5,7.88,6.93,8.95,,ok,False,cumulative_revision_km,"Kaplan-Meier (1-KM), percent",0.95,"Brands used in >=1,000 primary knee operations (multicompartmental >=100)",
NJR,"England, Wales, Northern Ireland, Isle of Man, Guernsey",2025,to 2024-12-31,uka_brand,3.K8,UKA,NJR 22nd Annual Report 2025_Knees.pdf,71,pdf_text,not_needed,Unicondylar,device,AMC/Uniglide[M.Fem:M.Tib],AMC/Uniglide,AMC/Uniglide,,,medial,,2761,,,64.0,57.0,71.0,,52.0,,,10,12.81,11.58,14.17,,ok,False,cumulative_revision_km,"Kaplan-Meier (1-KM), percent",0.95,"Brands used in >=1,000 primary knee operations (multicompartmental >=100)",
NJR,"England, Wales, Northern Ireland, Isle of Man, Guernsey",2025,to 2024-12-31,uka_brand,3.K8,UKA,NJR 22nd Annual Report 2025_Knees.pdf,71,pdf_text,not_needed,Unicondylar,device,AMC/Uniglide[M.Fem:M.Tib],AMC/Uniglide,AMC/Uniglide,,,medial,,2761,,,64.0,57.0,71.0,,52.0,,,15,17.72,16.12,19.47,,ok,False,cumulative_revision_km,"Kaplan-Meier (1-KM), percent",0.95,"Brands used in >=1,000 primary knee operations (multicompartmental >=100)",
NJR,"England, Wales, Northern Ireland, Isle of Man, Guernsey",2025,to 2024-12-31,uka_brand,3.K8,UKA,NJR 22nd Annual Report 2025_Knees.pdf,71,pdf_text,not_needed,Unicondylar,device,AMC/Uniglide[M.Fem:M.Tib],AMC/Uniglide,AMC/Uniglide,,,medial,,2761,,,64.0,57.0,71.0,,52.0,,,20,21.62,19.12,24.4,,ok,True,cumulative_revision_km,"Kaplan-Meier (1-KM), percent",0.95,"Brands used in >=1,000 primary knee operations (multicompartmental >=100)",
NJR,"England, Wales, Northern Ireland, Isle of Man, Guernsey",2025,to 2024-12-31,uka_brand,3.K8,UKA,NJR 22nd Annual Report 2025_Knees.pdf,71,pdf_text,not_needed,Unicondylar,device,Journey Uni Oxinium[M.Fem] Journey Uni[M.Tib],Journey Uni Oxinium,Journey Uni,,,medial,,2296,,,64.0,57.0,71.0,,54.0,,,1,1.21,0.83,1.78,,ok,False,cumulative_revision_km,"Kaplan-Meier (1-KM), percent",0.95,"Brands used in >=1,000 primary knee operations (multicompartmental >=100)",
NJR,"England, Wales, Northern Ireland, Isle of Man, Guernsey",2025,to 2024-12-31,uka_brand,3.K8,UKA,NJR 22nd Annual Report 2025_Knees.pdf,71,pdf_text,not_needed,Unicondylar,device,Journey Uni Oxinium[M.Fem] Journey Uni[M.Tib],Journey Uni Oxinium,Journey Uni,,,medial,,2296,,,64.0,57.0,71.0,,54.0,,,3,2.73,2.09,3.57,,ok,False,cumulative_revision_km,"Kaplan-Meier (1-KM), percent",0.95,"Brands used in >=1,000 primary knee operations (multicompartmental >=100)",
NJR,"England, Wales, Northern Ireland, Isle of Man, Guernsey",2025,to 2024-12-31,uka_brand,3.K8,UKA,NJR 22nd Annual Report 2025_Knees.pdf,71,pdf_text,not_needed,Unicondylar,device,Journey Uni Oxinium[M.Fem] Journey Uni[M.Tib],Journey Uni Oxinium,Journey Uni,,,medial,,2296,,,64.0,57.0,71.0,,54.0,,,5,3.96,3.13,5.0,,ok,False,cumulative_revision_km,"Kaplan-Meier (1-KM), percent",0.95,"Brands used in >=1,000 primary knee operations (multicompartmental >=100)",
NJR,"England, Wales, Northern Ireland, Isle of Man, Guernsey",2025,to 2024-12-31,uka_brand,3.K8,UKA,NJR 22nd Annual Report 2025_Knees.pdf,71,pdf_text,not_needed,Unicondylar,device,Journey Uni Oxinium[M.Fem] Journey Uni[M.Tib],Journey Uni Oxinium,Journey Uni,,,medial,,2296,,,64.0,57.0,71.0,,54.0,,,10,9.08,6.96,11.81,,ok,True,cumulative_revision_km,"Kaplan-Meier (1-KM), percent",0.95,"Brands used in >=1,000 primary knee operations (multicompartmental >=100)",
NJR,"England, Wales, Northern Ireland, Isle of Man, Guernsey",2025,to 2024-12-31,uka_brand,3.K8,UKA,NJR 22nd Annual Report 2025_Knees.pdf,71,pdf_text,not_needed,Unicondylar,device,Journey Uni Oxinium[M.Fem] Journey Uni[M.Tib],Journey Uni Oxinium,Journey Uni,,,medial,,2296,,,64.0,57.0,71.0,,54.0,,,15,,,,,blank,False,cumulative_revision_km,"Kaplan-Meier (1-KM), percent",0.95,"Brands used in >=1,000 primary knee operations (multicompartmental >=100)",
NJR,"England, Wales, Northern Ireland, Isle of Man, Guernsey",2025,to 2024-12-31,uka_brand,3.K8,UKA,NJR 22nd Annual Report 2025_Knees.pdf,71,pdf_text,not_needed,Unicondylar,device,Journey Uni Oxinium[M.Fem] Journey Uni[M.Tib],Journey Uni Oxinium,Journey Uni,,,medial,,2296,,,64.0,57.0,71.0,,54.0,,,20,,,,,blank,False,cumulative_revision_km,"Kaplan-Meier (1-KM), percent",0.95,"Brands used in >=1,000 primary knee operations (multicompartmental >=100)",
NJR,"England, Wales, Northern Ireland, Isle of Man, Guernsey",2025,to 2024-12-31,uka_brand,3.K8,UKA,NJR 22nd Annual Report 2025_Knees.pdf,71,pdf_text,not_needed,Unicondylar,device,MG Uni[M.Fem:M.Tib],MG Uni,MG Uni,,,medial,,1961,,,63.0,57.0,70.0,,57.0,,,1,0.77,0.46,1.27,,ok,False,cumulative_revision_km,"Kaplan-Meier (1-KM), percent",0.95,"Brands used in >=1,000 primary knee operations (multicompartmental >=100)",
NJR,"England, Wales, Northern Ireland, Isle of Man, Guernsey",2025,to 2024-12-31,uka_brand,3.K8,UKA,NJR 22nd Annual Report 2025_Knees.pdf,71,pdf_text,not_needed,Unicondylar,device,MG Uni[M.Fem:M.Tib],MG Uni,MG Uni,,,medial,,1961,,,63.0,57.0,70.0,,57.0,,,3,3.91,3.13,4.87,,ok,False,cumulative_revision_km,"Kaplan-Meier (1-KM), percent",0.95,"Brands used in >=1,000 primary knee operations (multicompartmental >=100)",
NJR,"England, Wales, Northern Ireland, Isle of Man, Guernsey",2025,to 2024-12-31,uka_brand,3.K8,UKA,NJR 22nd Annual Report 2025_Knees.pdf,71,pdf_text,not_needed,Unicondylar,device,MG Uni[M.Fem:M.Tib],MG Uni,MG Uni,,,medial,,1961,,,63.0,57.0,70.0,,57.0,,,5,5.91,4.94,7.06,,ok,False,cumulative_revision_km,"Kaplan-Meier (1-KM), percent",0.95,"Brands used in >=1,000 primary knee operations (multicompartmental >=100)",
NJR,"England, Wales, Northern Ireland, Isle of Man, Guernsey",2025,to 2024-12-31,uka_brand,3.K8,UKA,NJR 22nd Annual Report 2025_Knees.pdf,71,pdf_text,not_needed,Unicondylar,device,MG Uni[M.Fem:M.Tib],MG Uni,MG Uni,,,medial,,1961,,,63.0,57.0,70.0,,57.0,,,10,10.14,8.85,11.61,,ok,False,cumulative_revision_km,"Kaplan-Meier (1-KM), percent",0.95,"Brands used in >=1,000 primary knee operations (multicompartmental >=100)",
NJR,"England, Wales, Northern Ireland, Isle of Man, Guernsey",2025,to 2024-12-31,uka_brand,3.K8,UKA,NJR 22nd Annual Report 2025_Knees.pdf,71,pdf_text,not_needed,Unicondylar,device,MG Uni[M.Fem:M.Tib],MG Uni,MG Uni,,,medial,,1961,,,63.0,57.0,70.0,,57.0,,,15,13.63,12.1,15.33,,ok,False,cumulative_revision_km,"Kaplan-Meier (1-KM), percent",0.95,"Brands used in >=1,000 primary knee operations (multicompartmental >=100)",
NJR,"England, Wales, Northern Ireland, Isle of Man, Guernsey",2025,to 2024-12-31,uka_brand,3.K8,UKA,NJR 22nd Annual Report 2025_Knees.pdf,71,pdf_text,not_needed,Unicondylar,device,MG Uni[M.Fem:M.Tib],MG Uni,MG Uni,,,medial,,1961,,,63.0,57.0,70.0,,57.0,,,20,16.98,14.72,19.55,,ok,True,cumulative_revision_km,"Kaplan-Meier (1-KM), percent",0.95,"Brands used in >=1,000 primary knee operations (multicompartmental >=100)",
NJR,"England, Wales, Northern Ireland, Isle of Man, Guernsey",2025,to 2024-12-31,uka_brand,3.K8,UKA,NJR 22nd Annual Report 2025_Knees.pdf,71,pdf_text,not_needed,Unicondylar,device,Oxford Cementless Partial Knee[L.Fem] Oxford Partial Knee[L.Tib],Oxford Cementless Partial Knee,Oxford Partial Knee,,,lateral,,1338,,,68.0,57.0,76.0,,37.0,,,1,1.19,0.72,1.96,,ok,False,cumulative_revision_km,"Kaplan-Meier (1-KM), percent",0.95,"Brands used in >=1,000 primary knee operations (multicompartmental >=100)",
NJR,"England, Wales, Northern Ireland, Isle of Man, Guernsey",2025,to 2024-12-31,uka_brand,3.K8,UKA,NJR 22nd Annual Report 2025_Knees.pdf,71,pdf_text,not_needed,Unicondylar,device,Oxford Cementless Partial Knee[L.Fem] Oxford Partial Knee[L.Tib],Oxford Cementless Partial Knee,Oxford Partial Knee,,,lateral,,1338,,,68.0,57.0,76.0,,37.0,,,3,3.1,2.25,4.28,,ok,False,cumulative_revision_km,"Kaplan-Meier (1-KM), percent",0.95,"Brands used in >=1,000 primary knee operations (multicompartmental >=100)",
NJR,"England, Wales, Northern Ireland, Isle of Man, Guernsey",2025,to 2024-12-31,uka_brand,3.K8,UKA,NJR 22nd Annual Report 2025_Knees.pdf,71,pdf_text,not_needed,Unicondylar,device,Oxford Cementless Partial Knee[L.Fem] Oxford Partial Knee[L.Tib],Oxford Cementless Partial Knee,Oxford Partial Knee,,,lateral,,1338,,,68.0,57.0,76.0,,37.0,,,5,5.04,3.83,6.63,,ok,False,cumulative_revision_km,"Kaplan-Meier (1-KM), percent",0.95,"Brands used in >=1,000 primary knee operations (multicompartmental >=100)",
NJR,"England, Wales, Northern Ireland, Isle of Man, Guernsey",2025,to 2024-12-31,uka_brand,3.K8,UKA,NJR 22nd Annual Report 2025_Knees.pdf,71,pdf_text,not_needed,Unicondylar,device,Oxford Cementless Partial Knee[L.Fem] Oxford Partial Knee[L.Tib],Oxford Cementless Partial Knee,Oxford Partial Knee,,,lateral,,1338,,,68.0,57.0,76.0,,37.0,,,10,10.53,7.92,13.95,,ok,True,cumulative_revision_km,"Kaplan-Meier (1-KM), percent",0.95,"Brands used in >=1,000 primary knee operations (multicompartmental >=100)",
NJR,"England, Wales, Northern Ireland, Isle of Man, Guernsey",2025,to 2024-12-31,uka_brand,3.K8,UKA,NJR 22nd Annual Report 2025_Knees.pdf,71,pdf_text,not_needed,Unicondylar,device,Oxford Cementless Partial Knee[L.Fem] Oxford Partial Knee[L.Tib],Oxford Cementless Partial Knee,Oxford Partial Knee,,,lateral,,1338,,,68.0,57.0,76.0,,37.0,,,15,,,,,blank,False,cumulative_revision_km,"Kaplan-Meier (1-KM), percent",0.95,"Brands used in >=1,000 primary knee operations (multicompartmental >=100)",
NJR,"England, Wales, Northern Ireland, Isle of Man, Guernsey",2025,to 2024-12-31,uka_brand,3.K8,UKA,NJR 22nd Annual Report 2025_Knees.pdf,71,pdf_text,not_needed,Unicondylar,device,Oxford Cementless Partial Knee[L.Fem] Oxford Partial Knee[L.Tib],Oxford Cementless Partial Knee,Oxford Partial Knee,,,lateral,,1338,,,68.0,57.0,76.0,,37.0,,,20,,,,,blank,False,cumulative_revision_km,"Kaplan-Meier (1-KM), percent",0.95,"Brands used in >=1,000 primary knee operations (multicompartmental >=100)",
NJR,"England, Wales, Northern Ireland, Isle of Man, Guernsey",2025,to 2024-12-31,uka_brand,3.K8,UKA,NJR 22nd Annual Report 2025_Knees.pdf,71,pdf_text,not_needed,Unicondylar,device,Oxford Cementless Partial Knee[M.Fem:M.Tib],Oxford Cementless Partial Knee,Oxford Cementless Partial Knee,,,medial,,44577,,,65.0,58.0,72.0,,56.0,,,1,1.11,1.02,1.22,,ok,False,cumulative_revision_km,"Kaplan-Meier (1-KM), percent",0.95,"Brands used in >=1,000 primary knee operations (multicompartmental >=100)",
NJR,"England, Wales, Northern Ireland, Isle of Man, Guernsey",2025,to 2024-12-31,uka_brand,3.K8,UKA,NJR 22nd Annual Report 2025_Knees.pdf,71,pdf_text,not_needed,Unicondylar,device,Oxford Cementless Partial Knee[M.Fem:M.Tib],Oxford Cementless Partial Knee,Oxford Cementless Partial Knee,,,medial,,44577,,,65.0,58.0,72.0,,56.0,,,3,2.15,2.01,2.31,,ok,False,cumulative_revision_km,"Kaplan-Meier (1-KM), percent",0.95,"Brands used in >=1,000 primary knee operations (multicompartmental >=100)",
NJR,"England, Wales, Northern Ireland, Isle of Man, Guernsey",2025,to 2024-12-31,uka_brand,3.K8,UKA,NJR 22nd Annual Report 2025_Knees.pdf,71,pdf_text,not_needed,Unicondylar,device,Oxford Cementless Partial Knee[M.Fem:M.Tib],Oxford Cementless Partial Knee,Oxford Cementless Partial Knee,,,medial,,44577,,,65.0,58.0,72.0,,56.0,,,5,3.05,2.87,3.24,,ok,False,cumulative_revision_km,"Kaplan-Meier (1-KM), percent",0.95,"Brands used in >=1,000 primary knee operations (multicompartmental >=100)",
NJR,"England, Wales, Northern Ireland, Isle of Man, Guernsey",2025,to 2024-12-31,uka_brand,3.K8,UKA,NJR 22nd Annual Report 2025_Knees.pdf,71,pdf_text,not_needed,Unicondylar,device,Oxford Cementless Partial Knee[M.Fem:M.Tib],Oxford Cementless Partial Knee,Oxford Cementless Partial Knee,,,medial,,44577,,,65.0,58.0,72.0,,56.0,,,10,6.33,5.93,6.76,,ok,False,cumulative_revision_km,"Kaplan-Meier (1-KM), percent",0.95,"Brands used in >=1,000 primary knee operations (multicompartmental >=100)",
NJR,"England, Wales, Northern Ireland, Isle of Man, Guernsey",2025,to 2024-12-31,uka_brand,3.K8,UKA,NJR 22nd Annual Report 2025_Knees.pdf,71,pdf_text,not_needed,Unicondylar,device,Oxford Cementless Partial Knee[M.Fem:M.Tib],Oxford Cementless Partial Knee,Oxford Cementless Partial Knee,,,medial,,44577,,,65.0,58.0,72.0,,56.0,,,15,12.1,10.06,14.52,,ok,True,cumulative_revision_km,"Kaplan-Meier (1-KM), percent",0.95,"Brands used in >=1,000 primary knee operations (multicompartmental >=100)",
NJR,"England, Wales, Northern Ireland, Isle of Man, Guernsey",2025,to 2024-12-31,uka_brand,3.K8,UKA,NJR 22nd Annual Report 2025_Knees.pdf,71,pdf_text,not_needed,Unicondylar,device,Oxford Cementless Partial Knee[M.Fem:M.Tib],Oxford Cementless Partial Knee,Oxford Cementless Partial Knee,,,medial,,44577,,,65.0,58.0,72.0,,56.0,,,20,,,,,blank,False,cumulative_revision_km,"Kaplan-Meier (1-KM), percent",0.95,"Brands used in >=1,000 primary knee operations (multicompartmental >=100)",
NJR,"England, Wales, Northern Ireland, Isle of Man, Guernsey",2025,to 2024-12-31,uka_brand,3.K8,UKA,NJR 22nd Annual Report 2025_Knees.pdf,71,pdf_text,not_needed,Unicondylar,device,Oxford Cementless Partial Knee[M.Fem] Oxford Partial Knee[M.Tib],Oxford Cementless Partial Knee,Oxford Partial Knee,,,medial,,1303,,,66.0,59.0,73.0,,52.0,,,1,1.25,0.77,2.04,,ok,False,cumulative_revision_km,"Kaplan-Meier (1-KM), percent",0.95,"Brands used in >=1,000 primary knee operations (multicompartmental >=100)",
NJR,"England, Wales, Northern Ireland, Isle of Man, Guernsey",2025,to 2024-12-31,uka_brand,3.K8,UKA,NJR 22nd Annual Report 2025_Knees.pdf,71,pdf_text,not_needed,Unicondylar,device,Oxford Cementless Partial Knee[M.Fem] Oxford Partial Knee[M.Tib],Oxford Cementless Partial Knee,Oxford Partial Knee,,,medial,,1303,,,66.0,59.0,73.0,,52.0,,,3,3.24,2.38,4.41,,ok,False,cumulative_revision_km,"Kaplan-Meier (1-KM), percent",0.95,"Brands used in >=1,000 primary knee operations (multicompartmental >=100)",
NJR,"England, Wales, Northern Ireland, Isle of Man, Guernsey",2025,to 2024-12-31,uka_brand,3.K8,UKA,NJR 22nd Annual Report 2025_Knees.pdf,71,pdf_text,not_needed,Unicondylar,device,Oxford Cementless Partial Knee[M.Fem] Oxford Partial Knee[M.Tib],Oxford Cementless Partial Knee,Oxford Partial Knee,,,medial,,1303,,,66.0,59.0,73.0,,52.0,,,5,4.6,3.53,5.99,,ok,False,cumulative_revision_km,"Kaplan-Meier (1-KM), percent",0.95,"Brands used in >=1,000 primary knee operations (multicompartmental >=100)",
NJR,"England, Wales, Northern Ireland, Isle of Man, Guernsey",2025,to 2024-12-31,uka_brand,3.K8,UKA,NJR 22nd Annual Report 2025_Knees.pdf,71,pdf_text,not_needed,Unicondylar,device,Oxford Cementless Partial Knee[M.Fem] Oxford Partial Knee[M.Tib],Oxford Cementless Partial Knee,Oxford Partial Knee,,,medial,,1303,,,66.0,59.0,73.0,,52.0,,,10,7.98,6.41,9.92,,ok,False,cumulative_revision_km,"Kaplan-Meier (1-KM), percent",0.95,"Brands used in >=1,000 primary knee operations (multicompartmental >=100)",
NJR,"England, Wales, Northern Ireland, Isle of Man, Guernsey",2025,to 2024-12-31,uka_brand,3.K8,UKA,NJR 22nd Annual Report 2025_Knees.pdf,71,pdf_text,not_needed,Unicondylar,device,Oxford Cementless Partial Knee[M.Fem] Oxford Partial Knee[M.Tib],Oxford Cementless Partial Knee,Oxford Partial Knee,,,medial,,1303,,,66.0,59.0,73.0,,52.0,,,15,13.55,11.01,16.62,,ok,True,cumulative_revision_km,"Kaplan-Meier (1-KM), percent",0.95,"Brands used in >=1,000 primary knee operations (multicompartmental >=100)",
NJR,"England, Wales, Northern Ireland, Isle of Man, Guernsey",2025,to 2024-12-31,uka_brand,3.K8,UKA,NJR 22nd Annual Report 2025_Knees.pdf,71,pdf_text,not_needed,Unicondylar,device,Oxford Cementless Partial Knee[M.Fem] Oxford Partial Knee[M.Tib],Oxford Cementless Partial Knee,Oxford Partial Knee,,,medial,,1303,,,66.0,59.0,73.0,,52.0,,,20,,,,,blank,False,cumulative_revision_km,"Kaplan-Meier (1-KM), percent",0.95,"Brands used in >=1,000 primary knee operations (multicompartmental >=100)",
NJR,"England, Wales, Northern Ireland, Isle of Man, Guernsey",2025,to 2024-12-31,uka_brand,3.K8,UKA,NJR 22nd Annual Report 2025_Knees.pdf,71,pdf_text,not_needed,Unicondylar,device,Oxford Single Peg Cemented Partial Knee[M.Fem]Oxford Partial Knee[M.Tib],Oxford Single Peg Cemented Partial Knee,Oxford Partial Knee,,,medial,,41997,,,64.0,58.0,71.0,,52.0,,,1,1.16,1.06,1.27,,ok,False,cumulative_revision_km,"Kaplan-Meier (1-KM), percent",0.95,"Brands used in >=1,000 primary knee operations (multicompartmental >=100)",
NJR,"England, Wales, Northern Ireland, Isle of Man, Guernsey",2025,to 2024-12-31,uka_brand,3.K8,UKA,NJR 22nd Annual Report 2025_Knees.pdf,71,pdf_text,not_needed,Unicondylar,device,Oxford Single Peg Cemented Partial Knee[M.Fem]Oxford Partial Knee[M.Tib],Oxford Single Peg Cemented Partial Knee,Oxford Partial Knee,,,medial,,41997,,,64.0,58.0,71.0,,52.0,,,3,4.3,4.11,4.5,,ok,False,cumulative_revision_km,"Kaplan-Meier (1-KM), percent",0.95,"Brands used in >=1,000 primary knee operations (multicompartmental >=100)",
NJR,"England, Wales, Northern Ireland, Isle of Man, Guernsey",2025,to 2024-12-31,uka_brand,3.K8,UKA,NJR 22nd Annual Report 2025_Knees.pdf,71,pdf_text,not_needed,Unicondylar,device,Oxford Single Peg Cemented Partial Knee[M.Fem]Oxford Partial Knee[M.Tib],Oxford Single Peg Cemented Partial Knee,Oxford Partial Knee,,,medial,,41997,,,64.0,58.0,71.0,,52.0,,,5,6.4,6.16,6.64,,ok,False,cumulative_revision_km,"Kaplan-Meier (1-KM), percent",0.95,"Brands used in >=1,000 primary knee operations (multicompartmental >=100)",
NJR,"England, Wales, Northern Ireland, Isle of Man, Guernsey",2025,to 2024-12-31,uka_brand,3.K8,UKA,NJR 22nd Annual Report 2025_Knees.pdf,71,pdf_text,not_needed,Unicondylar,device,Oxford Single Peg Cemented Partial Knee[M.Fem]Oxford Partial Knee[M.Tib],Oxford Single Peg Cemented Partial Knee,Oxford Partial Knee,,,medial,,41997,,,64.0,58.0,71.0,,52.0,,,10,11.36,11.05,11.69,,ok,False,cumulative_revision_km,"Kaplan-Meier (1-KM), percent",0.95,"Brands used in >=1,000 primary knee operations (multicompartmental >=100)",
NJR,"England, Wales, Northern Ireland, Isle of Man, Guernsey",2025,to 2024-12-31,uka_brand,3.K8,UKA,NJR 22nd Annual Report 2025_Knees.pdf,71,pdf_text,not_needed,Unicondylar,device,Oxford Single Peg Cemented Partial Knee[M.Fem]Oxford Partial Knee[M.Tib],Oxford Single Peg Cemented Partial Knee,Oxford Partial Knee,,,medial,,41997,,,64.0,58.0,71.0,,52.0,,,15,16.63,16.21,17.06,,ok,False,cumulative_revision_km,"Kaplan-Meier (1-KM), percent",0.95,"Brands used in >=1,000 primary knee operations (multicompartmental >=100)",
NJR,"England, Wales, Northern Ireland, Isle of Man, Guernsey",2025,to 2024-12-31,uka_brand,3.K8,UKA,NJR 22nd Annual Report 2025_Knees.pdf,71,pdf_text,not_needed,Unicondylar,device,Oxford Single Peg Cemented Partial Knee[M.Fem]Oxford Partial Knee[M.Tib],Oxford Single Peg Cemented Partial Knee,Oxford Partial Knee,,,medial,,41997,,,64.0,58.0,71.0,,52.0,,,20,22.74,21.88,23.62,,ok,False,cumulative_revision_km,"Kaplan-Meier (1-KM), percent",0.95,"Brands used in >=1,000 primary knee operations (multicompartmental >=100)",
NJR,"England, Wales, Northern Ireland, Isle of Man, Guernsey",2025,to 2024-12-31,uka_brand,3.K8,UKA,NJR 22nd Annual Report 2025_Knees.pdf,71,pdf_text,not_needed,Unicondylar,device,Oxford Twin Peg Cemented Partial Knee[M.Fem]Oxford Partial Knee[M.Tib],Oxford Twin Peg Cemented Partial Knee,Oxford Partial Knee,,,medial,,6517,,,65.0,57.0,72.0,,51.0,,,1,0.6,0.44,0.82,,ok,False,cumulative_revision_km,"Kaplan-Meier (1-KM), percent",0.95,"Brands used in >=1,000 primary knee operations (multicompartmental >=100)",
NJR,"England, Wales, Northern Ireland, Isle of Man, Guernsey",2025,to 2024-12-31,uka_brand,3.K8,UKA,NJR 22nd Annual Report 2025_Knees.pdf,71,pdf_text,not_needed,Unicondylar,device,Oxford Twin Peg Cemented Partial Knee[M.Fem]Oxford Partial Knee[M.Tib],Oxford Twin Peg Cemented Partial Knee,Oxford Partial Knee,,,medial,,6517,,,65.0,57.0,72.0,,51.0,,,3,2.25,1.9,2.67,,ok,False,cumulative_revision_km,"Kaplan-Meier (1-KM), percent",0.95,"Brands used in >=1,000 primary knee operations (multicompartmental >=100)",
NJR,"England, Wales, Northern Ireland, Isle of Man, Guernsey",2025,to 2024-12-31,uka_brand,3.K8,UKA,NJR 22nd Annual Report 2025_Knees.pdf,71,pdf_text,not_needed,Unicondylar,device,Oxford Twin Peg Cemented Partial Knee[M.Fem]Oxford Partial Knee[M.Tib],Oxford Twin Peg Cemented Partial Knee,Oxford Partial Knee,,,medial,,6517,,,65.0,57.0,72.0,,51.0,,,5,3.69,3.22,4.24,,ok,False,cumulative_revision_km,"Kaplan-Meier (1-KM), percent",0.95,"Brands used in >=1,000 primary knee operations (multicompartmental >=100)",
NJR,"England, Wales, Northern Ireland, Isle of Man, Guernsey",2025,to 2024-12-31,uka_brand,3.K8,UKA,NJR 22nd Annual Report 2025_Knees.pdf,71,pdf_text,not_needed,Unicondylar,device,Oxford Twin Peg Cemented Partial Knee[M.Fem]Oxford Partial Knee[M.Tib],Oxford Twin Peg Cemented Partial Knee,Oxford Partial Knee,,,medial,,6517,,,65.0,57.0,72.0,,51.0,,,10,6.83,6.04,7.71,,ok,False,cumulative_revision_km,"Kaplan-Meier (1-KM), percent",0.95,"Brands used in >=1,000 primary knee operations (multicompartmental >=100)",
NJR,"England, Wales, Northern Ireland, Isle of Man, Guernsey",2025,to 2024-12-31,uka_brand,3.K8,UKA,NJR 22nd Annual Report 2025_Knees.pdf,71,pdf_text,not_needed,Unicondylar,device,Oxford Twin Peg Cemented Partial Knee[M.Fem]Oxford Partial Knee[M.Tib],Oxford Twin Peg Cemented Partial Knee,Oxford Partial Knee,,,medial,,6517,,,65.0,57.0,72.0,,51.0,,,15,11.47,9.76,13.46,,ok,True,cumulative_revision_km,"Kaplan-Meier (1-KM), percent",0.95,"Brands used in >=1,000 primary knee operations (multicompartmental >=100)",
NJR,"England, Wales, Northern Ireland, Isle of Man, Guernsey",2025,to 2024-12-31,uka_brand,3.K8,UKA,NJR 22nd Annual Report 2025_Knees.pdf,71,pdf_text,not_needed,Unicondylar,device,Oxford Twin Peg Cemented Partial Knee[M.Fem]Oxford Partial Knee[M.Tib],Oxford Twin Peg Cemented Partial Knee,Oxford Partial Knee,,,medial,,6517,,,65.0,57.0,72.0,,51.0,,,20,,,,,blank,False,cumulative_revision_km,"Kaplan-Meier (1-KM), percent",0.95,"Brands used in >=1,000 primary knee operations (multicompartmental >=100)",
NJR,"England, Wales, Northern Ireland, Isle of Man, Guernsey",2025,to 2024-12-31,uka_brand,3.K8,UKA,NJR 22nd Annual Report 2025_Knees.pdf,71,pdf_text,not_needed,Unicondylar,device,Persona Partial Knee[M.Fem:M.Tib],Persona Partial Knee,Persona Partial Knee,,,medial,,10775,,,65.0,58.0,72.0,,58.0,,,1,0.37,0.26,0.52,,ok,False,cumulative_revision_km,"Kaplan-Meier (1-KM), percent",0.95,"Brands used in >=1,000 primary knee operations (multicompartmental >=100)",
NJR,"England, Wales, Northern Ireland, Isle of Man, Guernsey",2025,to 2024-12-31,uka_brand,3.K8,UKA,NJR 22nd Annual Report 2025_Knees.pdf,71,pdf_text,not_needed,Unicondylar,device,Persona Partial Knee[M.Fem:M.Tib],Persona Partial Knee,Persona Partial Knee,,,medial,,10775,,,65.0,58.0,72.0,,58.0,,,3,1.39,1.12,1.73,,ok,False,cumulative_revision_km,"Kaplan-Meier (1-KM), percent",0.95,"Brands used in >=1,000 primary knee operations (multicompartmental >=100)",
NJR,"England, Wales, Northern Ireland, Isle of Man, Guernsey",2025,to 2024-12-31,uka_brand,3.K8,UKA,NJR 22nd Annual Report 2025_Knees.pdf,71,pdf_text,not_needed,Unicondylar,device,Persona Partial Knee[M.Fem:M.Tib],Persona Partial Knee,Persona Partial Knee,,,medial,,10775,,,65.0,58.0,72.0,,58.0,,,5,1.88,1.53,2.32,,ok,False,cumulative_revision_km,"Kaplan-Meier (1-KM), percent",0.95,"Brands used in >=1,000 primary knee operations (multicompartmental >=100)",
NJR,"England, Wales, Northern Ireland, Isle of Man, Guernsey",2025,to 2024-12-31,uka_brand,3.K8,UKA,NJR 22nd Annual Report 2025_Knees.pdf,71,pdf_text,not_needed,Unicondylar,device,Persona Partial Knee[M.Fem:M.Tib],Persona Partial Knee,Persona Partial Knee,,,medial,,10775,,,65.0,58.0,72.0,,58.0,,,10,,,,,blank,False,cumulative_revision_km,"Kaplan-Meier (1-KM), percent",0.95,"Brands used in >=1,000 primary knee operations (multicompartmental >=100)",
NJR,"England, Wales, Northern Ireland, Isle of Man, Guernsey",2025,to 2024-12-31,uka_brand,3.K8,UKA,NJR 22nd Annual Report 2025_Knees.pdf,71,pdf_text,not_needed,Unicondylar,device,Persona Partial Knee[M.Fem:M.Tib],Persona Partial Knee,Persona Partial Knee,,,medial,,10775,,,65.0,58.0,72.0,,58.0,,,15,,,,,blank,False,cumulative_revision_km,"Kaplan-Meier (1-KM), percent",0.95,"Brands used in >=1,000 primary knee operations (multicompartmental >=100)",
NJR,"England, Wales, Northern Ireland, Isle of Man, Guernsey",2025,to 2024-12-31,uka_brand,3.K8,UKA,NJR 22nd Annual Report 2025_Knees.pdf,71,pdf_text,not_needed,Unicondylar,device,Persona Partial Knee[M.Fem:M.Tib],Persona Partial Knee,Persona Partial Knee,,,medial,,10775,,,65.0,58.0,72.0,,58.0,,,20,,,,,blank,False,cumulative_revision_km,"Kaplan-Meier (1-KM), percent",0.95,"Brands used in >=1,000 primary knee operations (multicompartmental >=100)",
NJR,"England, Wales, Northern Ireland, Isle of Man, Guernsey",2025,to 2024-12-31,uka_brand,3.K8,UKA,NJR 22nd Annual Report 2025_Knees.pdf,71,pdf_text,not_needed,Unicondylar,device,Physica ZUK[L.Fem:L.Tib],Physica ZUK,Physica ZUK,,,lateral,,1629,,,63.0,55.0,73.0,,42.0,,,1,0.69,0.37,1.29,,ok,False,cumulative_revision_km,"Kaplan-Meier (1-KM), percent",0.95,"Brands used in >=1,000 primary knee operations (multicompartmental >=100)",label_marked_*
NJR,"England, Wales, Northern Ireland, Isle of Man, Guernsey",2025,to 2024-12-31,uka_brand,3.K8,UKA,NJR 22nd Annual Report 2025_Knees.pdf,71,pdf_text,not_needed,Unicondylar,device,Physica ZUK[L.Fem:L.Tib],Physica ZUK,Physica ZUK,,,lateral,,1629,,,63.0,55.0,73.0,,42.0,,,3,1.39,0.87,2.2,,ok,False,cumulative_revision_km,"Kaplan-Meier (1-KM), percent",0.95,"Brands used in >=1,000 primary knee operations (multicompartmental >=100)",label_marked_*
NJR,"England, Wales, Northern Ireland, Isle of Man, Guernsey",2025,to 2024-12-31,uka_brand,3.K8,UKA,NJR 22nd Annual Report 2025_Knees.pdf,71,pdf_text,not_needed,Unicondylar,device,Physica ZUK[L.Fem:L.Tib],Physica ZUK,Physica ZUK,,,lateral,,1629,,,63.0,55.0,73.0,,42.0,,,5,2.93,2.05,4.18,,ok,False,cumulative_revision_km,"Kaplan-Meier (1-KM), percent",0.95,"Brands used in >=1,000 primary knee operations (multicompartmental >=100)",label_marked_*
NJR,"England, Wales, Northern Ireland, Isle of Man, Guernsey",2025,to 2024-12-31,uka_brand,3.K8,UKA,NJR 22nd Annual Report 2025_Knees.pdf,71,pdf_text,not_needed,Unicondylar,device,Physica ZUK[L.Fem:L.Tib],Physica ZUK,Physica ZUK,,,lateral,,1629,,,63.0,55.0,73.0,,42.0,,,10,5.03,3.59,7.04,,ok,False,cumulative_revision_km,"Kaplan-Meier (1-KM), percent",0.95,"Brands used in >=1,000 primary knee operations (multicompartmental >=100)",label_marked_*
NJR,"England, Wales, Northern Ireland, Isle of Man, Guernsey",2025,to 2024-12-31,uka_brand,3.K8,UKA,NJR 22nd Annual Report 2025_Knees.pdf,71,pdf_text,not_needed,Unicondylar,device,Physica ZUK[L.Fem:L.Tib],Physica ZUK,Physica ZUK,,,lateral,,1629,,,63.0,55.0,73.0,,42.0,,,15,8.94,5.39,14.64,,ok,True,cumulative_revision_km,"Kaplan-Meier (1-KM), percent",0.95,"Brands used in >=1,000 primary knee operations (multicompartmental >=100)",label_marked_*
NJR,"England, Wales, Northern Ireland, Isle of Man, Guernsey",2025,to 2024-12-31,uka_brand,3.K8,UKA,NJR 22nd Annual Report 2025_Knees.pdf,71,pdf_text,not_needed,Unicondylar,device,Physica ZUK[L.Fem:L.Tib],Physica ZUK,Physica ZUK,,,lateral,,1629,,,63.0,55.0,73.0,,42.0,,,20,,,,,blank,False,cumulative_revision_km,"Kaplan-Meier (1-KM), percent",0.95,"Brands used in >=1,000 primary knee operations (multicompartmental >=100)",label_marked_*
NJR,"England, Wales, Northern Ireland, Isle of Man, Guernsey",2025,to 2024-12-31,uka_brand,3.K8,UKA,NJR 22nd Annual Report 2025_Knees.pdf,71,pdf_text,not_needed,Unicondylar,device,Physica ZUK[M.Fem:M.Tib],Physica ZUK,Physica ZUK,,,medial,,35163,,,64.0,57.0,72.0,,56.0,,,1,0.31,0.25,0.38,,ok,False,cumulative_revision_km,"Kaplan-Meier (1-KM), percent",0.95,"Brands used in >=1,000 primary knee operations (multicompartmental >=100)",label_marked_*
NJR,"England, Wales, Northern Ireland, Isle of Man, Guernsey",2025,to 2024-12-31,uka_brand,3.K8,UKA,NJR 22nd Annual Report 2025_Knees.pdf,71,pdf_text,not_needed,Unicondylar,device,Physica ZUK[M.Fem:M.Tib],Physica ZUK,Physica ZUK,,,medial,,35163,,,64.0,57.0,72.0,,56.0,,,3,1.55,1.41,1.72,,ok,False,cumulative_revision_km,"Kaplan-Meier (1-KM), percent",0.95,"Brands used in >=1,000 primary knee operations (multicompartmental >=100)",label_marked_*
NJR,"England, Wales, Northern Ireland, Isle of Man, Guernsey",2025,to 2024-12-31,uka_brand,3.K8,UKA,NJR 22nd Annual Report 2025_Knees.pdf,71,pdf_text,not_needed,Unicondylar,device,Physica ZUK[M.Fem:M.Tib],Physica ZUK,Physica ZUK,,,medial,,35163,,,64.0,57.0,72.0,,56.0,,,5,2.46,2.26,2.67,,ok,False,cumulative_revision_km,"Kaplan-Meier (1-KM), percent",0.95,"Brands used in >=1,000 primary knee operations (multicompartmental >=100)",label_marked_*
NJR,"England, Wales, Northern Ireland, Isle of Man, Guernsey",2025,to 2024-12-31,uka_brand,3.K8,UKA,NJR 22nd Annual Report 2025_Knees.pdf,71,pdf_text,not_needed,Unicondylar,device,Physica ZUK[M.Fem:M.Tib],Physica ZUK,Physica ZUK,,,medial,,35163,,,64.0,57.0,72.0,,56.0,,,10,5.14,4.76,5.54,,ok,False,cumulative_revision_km,"Kaplan-Meier (1-KM), percent",0.95,"Brands used in >=1,000 primary knee operations (multicompartmental >=100)",label_marked_*
NJR,"England, Wales, Northern Ireland, Isle of Man, Guernsey",2025,to 2024-12-31,uka_brand,3.K8,UKA,NJR 22nd Annual Report 2025_Knees.pdf,71,pdf_text,not_needed,Unicondylar,device,Physica ZUK[M.Fem:M.Tib],Physica ZUK,Physica ZUK,,,medial,,35163,,,64.0,57.0,72.0,,56.0,,,15,9.3,8.35,10.35,,ok,False,cumulative_revision_km,"Kaplan-Meier (1-KM), percent",0.95,"Brands used in >=1,000 primary knee operations (multicompartmental >=100)",label_marked_*
NJR,"England, Wales, Northern Ireland, Isle of Man, Guernsey",2025,to 2024-12-31,uka_brand,3.K8,UKA,NJR 22nd Annual Report 2025_Knees.pdf,71,pdf_text,not_needed,Unicondylar,device,Physica ZUK[M.Fem:M.Tib],Physica ZUK,Physica ZUK,,,medial,,35163,,,64.0,57.0,72.0,,56.0,,,20,,,,,blank,False,cumulative_revision_km,"Kaplan-Meier (1-KM), percent",0.95,"Brands used in >=1,000 primary knee operations (multicompartmental >=100)",label_marked_*
NJR,"England, Wales, Northern Ireland, Isle of Man, Guernsey",2025,to 2024-12-31,uka_brand,3.K8,UKA,NJR 22nd Annual Report 2025_Knees.pdf,71,pdf_text,not_needed,Unicondylar,device,Preservation[M.Fem:M.Tib],Preservation,Preservation,,,medial,,1419,,,63.0,56.0,70.0,,56.0,,,1,2.4,1.72,3.35,,ok,False,cumulative_revision_km,"Kaplan-Meier (1-KM), percent",0.95,"Brands used in >=1,000 primary knee operations (multicompartmental >=100)",
NJR,"England, Wales, Northern Ireland, Isle of Man, Guernsey",2025,to 2024-12-31,uka_brand,3.K8,UKA,NJR 22nd Annual Report 2025_Knees.pdf,71,pdf_text,not_needed,Unicondylar,device,Preservation[M.Fem:M.Tib],Preservation,Preservation,,,medial,,1419,,,63.0,56.0,70.0,,56.0,,,3,8.27,6.95,9.84,,ok,False,cumulative_revision_km,"Kaplan-Meier (1-KM), percent",0.95,"Brands used in >=1,000 primary knee operations (multicompartmental >=100)",
NJR,"England, Wales, Northern Ireland, Isle of Man, Guernsey",2025,to 2024-12-31,uka_brand,3.K8,UKA,NJR 22nd Annual Report 2025_Knees.pdf,71,pdf_text,not_needed,Unicondylar,device,Preservation[M.Fem:M.Tib],Preservation,Preservation,,,medial,,1419,,,63.0,56.0,70.0,,56.0,,,5,11.64,10.06,13.44,,ok,False,cumulative_revision_km,"Kaplan-Meier (1-KM), percent",0.95,"Brands used in >=1,000 primary knee operations (multicompartmental >=100)",
NJR,"England, Wales, Northern Ireland, Isle of Man, Guernsey",2025,to 2024-12-31,uka_brand,3.K8,UKA,NJR 22nd Annual Report 2025_Knees.pdf,71,pdf_text,not_needed,Unicondylar,device,Preservation[M.Fem:M.Tib],Preservation,Preservation,,,medial,,1419,,,63.0,56.0,70.0,,56.0,,,10,17.73,15.8,19.88,,ok,False,cumulative_revision_km,"Kaplan-Meier (1-KM), percent",0.95,"Brands used in >=1,000 primary knee operations (multicompartmental >=100)",
NJR,"England, Wales, Northern Ireland, Isle of Man, Guernsey",2025,to 2024-12-31,uka_brand,3.K8,UKA,NJR 22nd Annual Report 2025_Knees.pdf,71,pdf_text,not_needed,Unicondylar,device,Preservation[M.Fem:M.Tib],Preservation,Preservation,,,medial,,1419,,,63.0,56.0,70.0,,56.0,,,15,23.21,21.0,25.61,,ok,False,cumulative_revision_km,"Kaplan-Meier (1-KM), percent",0.95,"Brands used in >=1,000 primary knee operations (multicompartmental >=100)",
NJR,"England, Wales, Northern Ireland, Isle of Man, Guernsey",2025,to 2024-12-31,uka_brand,3.K8,UKA,NJR 22nd Annual Report 2025_Knees.pdf,71,pdf_text,not_needed,Unicondylar,device,Preservation[M.Fem:M.Tib],Preservation,Preservation,,,medial,,1419,,,63.0,56.0,70.0,,56.0,,,20,28.83,25.82,32.11,,ok,True,cumulative_revision_km,"Kaplan-Meier (1-KM), percent",0.95,"Brands used in >=1,000 primary knee operations (multicompartmental >=100)",
NJR,"England, Wales, Northern Ireland, Isle of Man, Guernsey",2025,to 2024-12-31,uka_brand,3.K8,UKA,NJR 22nd Annual Report 2025_Knees.pdf,71,pdf_text,not_needed,Unicondylar,device,Restoris[M.Fem:M.Tib],Restoris,Restoris,,,medial,,4281,,,65.0,59.0,73.0,,60.0,,,1,0.31,0.17,0.57,,ok,False,cumulative_revision_km,"Kaplan-Meier (1-KM), percent",0.95,"Brands used in >=1,000 primary knee operations (multicompartmental >=100)",
NJR,"England, Wales, Northern Ireland, Isle of Man, Guernsey",2025,to 2024-12-31,uka_brand,3.K8,UKA,NJR 22nd Annual Report 2025_Knees.pdf,71,pdf_text,not_needed,Unicondylar,device,Restoris[M.Fem:M.Tib],Restoris,Restoris,,,medial,,4281,,,65.0,59.0,73.0,,60.0,,,3,1.43,1.01,2.01,,ok,False,cumulative_revision_km,"Kaplan-Meier (1-KM), percent",0.95,"Brands used in >=1,000 primary knee operations (multicompartmental >=100)",
NJR,"England, Wales, Northern Ireland, Isle of Man, Guernsey",2025,to 2024-12-31,uka_brand,3.K8,UKA,NJR 22nd Annual Report 2025_Knees.pdf,71,pdf_text,not_needed,Unicondylar,device,Restoris[M.Fem:M.Tib],Restoris,Restoris,,,medial,,4281,,,65.0,59.0,73.0,,60.0,,,5,2.13,1.5,3.04,,ok,False,cumulative_revision_km,"Kaplan-Meier (1-KM), percent",0.95,"Brands used in >=1,000 primary knee operations (multicompartmental >=100)",
NJR,"England, Wales, Northern Ireland, Isle of Man, Guernsey",2025,to 2024-12-31,uka_brand,3.K8,UKA,NJR 22nd Annual Report 2025_Knees.pdf,71,pdf_text,not_needed,Unicondylar,device,Restoris[M.Fem:M.Tib],Restoris,Restoris,,,medial,,4281,,,65.0,59.0,73.0,,60.0,,,10,,,,,blank,False,cumulative_revision_km,"Kaplan-Meier (1-KM), percent",0.95,"Brands used in >=1,000 primary knee operations (multicompartmental >=100)",
NJR,"England, Wales, Northern Ireland, Isle of Man, Guernsey",2025,to 2024-12-31,uka_brand,3.K8,UKA,NJR 22nd Annual Report 2025_Knees.pdf,71,pdf_text,not_needed,Unicondylar,device,Restoris[M.Fem:M.Tib],Restoris,Restoris,,,medial,,4281,,,65.0,59.0,73.0,,60.0,,,15,,,,,blank,False,cumulative_revision_km,"Kaplan-Meier (1-KM), percent",0.95,"Brands used in >=1,000 primary knee operations (multicompartmental >=100)",
NJR,"England, Wales, Northern Ireland, Isle of Man, Guernsey",2025,to 2024-12-31,uka_brand,3.K8,UKA,NJR 22nd Annual Report 2025_Knees.pdf,71,pdf_text,not_needed,Unicondylar,device,Restoris[M.Fem:M.Tib],Restoris,Restoris,,,medial,,4281,,,65.0,59.0,73.0,,60.0,,,20,,,,,blank,False,cumulative_revision_km,"Kaplan-Meier (1-KM), percent",0.95,"Brands used in >=1,000 primary knee operations (multicompartmental >=100)",
NJR,"England, Wales, Northern Ireland, Isle of Man, Guernsey",2025,to 2024-12-31,uka_brand,3.K8,UKA,NJR 22nd Annual Report 2025_Knees.pdf,71,pdf_text,not_needed,Unicondylar,device,Sigma HP (Uni)[M.Fem] Sigma HP[M.Tib],Sigma HP (Uni),Sigma HP,,,medial,,18298,,,64.0,57.0,71.0,,58.0,,,1,0.59,0.48,0.71,,ok,False,cumulative_revision_km,"Kaplan-Meier (1-KM), percent",0.95,"Brands used in >=1,000 primary knee operations (multicompartmental >=100)",
NJR,"England, Wales, Northern Ireland, Isle of Man, Guernsey",2025,to 2024-12-31,uka_brand,3.K8,UKA,NJR 22nd Annual Report 2025_Knees.pdf,71,pdf_text,not_needed,Unicondylar,device,Sigma HP (Uni)[M.Fem] Sigma HP[M.Tib],Sigma HP (Uni),Sigma HP,,,medial,,18298,,,64.0,57.0,71.0,,58.0,,,3,2.38,2.15,2.63,,ok,False,cumulative_revision_km,"Kaplan-Meier (1-KM), percent",0.95,"Brands used in >=1,000 primary knee operations (multicompartmental >=100)",
NJR,"England, Wales, Northern Ireland, Isle of Man, Guernsey",2025,to 2024-12-31,uka_brand,3.K8,UKA,NJR 22nd Annual Report 2025_Knees.pdf,71,pdf_text,not_needed,Unicondylar,device,Sigma HP (Uni)[M.Fem] Sigma HP[M.Tib],Sigma HP (Uni),Sigma HP,,,medial,,18298,,,64.0,57.0,71.0,,58.0,,,5,3.53,3.23,3.85,,ok,False,cumulative_revision_km,"Kaplan-Meier (1-KM), percent",0.95,"Brands used in >=1,000 primary knee operations (multicompartmental >=100)",
NJR,"England, Wales, Northern Ireland, Isle of Man, Guernsey",2025,to 2024-12-31,uka_brand,3.K8,UKA,NJR 22nd Annual Report 2025_Knees.pdf,71,pdf_text,not_needed,Unicondylar,device,Sigma HP (Uni)[M.Fem] Sigma HP[M.Tib],Sigma HP (Uni),Sigma HP,,,medial,,18298,,,64.0,57.0,71.0,,58.0,,,10,6.22,5.75,6.74,,ok,False,cumulative_revision_km,"Kaplan-Meier (1-KM), percent",0.95,"Brands used in >=1,000 primary knee operations (multicompartmental >=100)",
NJR,"England, Wales, Northern Ireland, Isle of Man, Guernsey",2025,to 2024-12-31,uka_brand,3.K8,UKA,NJR 22nd Annual Report 2025_Knees.pdf,71,pdf_text,not_needed,Unicondylar,device,Sigma HP (Uni)[M.Fem] Sigma HP[M.Tib],Sigma HP (Uni),Sigma HP,,,medial,,18298,,,64.0,57.0,71.0,,58.0,,,15,10.24,8.62,12.14,,ok,True,cumulative_revision_km,"Kaplan-Meier (1-KM), percent",0.95,"Brands used in >=1,000 primary knee operations (multicompartmental >=100)",
NJR,"England, Wales, Northern Ireland, Isle of Man, Guernsey",2025,to 2024-12-31,uka_brand,3.K8,UKA,NJR 22nd Annual Report 2025_Knees.pdf,71,pdf_text,not_needed,Unicondylar,device,Sigma HP (Uni)[M.Fem] Sigma HP[M.Tib],Sigma HP (Uni),Sigma HP,,,medial,,18298,,,64.0,57.0,71.0,,58.0,,,20,,,,,blank,False,cumulative_revision_km,"Kaplan-Meier (1-KM), percent",0.95,"Brands used in >=1,000 primary knee operations (multicompartmental >=100)",
NJR,"England, Wales, Northern Ireland, Isle of Man, Guernsey",2025,to 2024-12-31,uka_brand,3.K8,UKA,NJR 22nd Annual Report 2025_Knees.pdf,71,pdf_text,not_needed,Unicondylar,device,Triathlon Uni[M.Fem] Triathlon[M.Tib],Triathlon Uni,Triathlon,,,medial,,2290,,,63.0,57.0,71.0,,57.0,,,1,0.98,0.64,1.5,,ok,False,cumulative_revision_km,"Kaplan-Meier (1-KM), percent",0.95,"Brands used in >=1,000 primary knee operations (multicompartmental >=100)",
NJR,"England, Wales, Northern Ireland, Isle of Man, Guernsey",2025,to 2024-12-31,uka_brand,3.K8,UKA,NJR 22nd Annual Report 2025_Knees.pdf,71,pdf_text,not_needed,Unicondylar,device,Triathlon Uni[M.Fem] Triathlon[M.Tib],Triathlon Uni,Triathlon,,,medial,,2290,,,63.0,57.0,71.0,,57.0,,,3,3.43,2.7,4.36,,ok,False,cumulative_revision_km,"Kaplan-Meier (1-KM), percent",0.95,"Brands used in >=1,000 primary knee operations (multicompartmental >=100)",
NJR,"England, Wales, Northern Ireland, Isle of Man, Guernsey",2025,to 2024-12-31,uka_brand,3.K8,UKA,NJR 22nd Annual Report 2025_Knees.pdf,71,pdf_text,not_needed,Unicondylar,device,Triathlon Uni[M.Fem] Triathlon[M.Tib],Triathlon Uni,Triathlon,,,medial,,2290,,,63.0,57.0,71.0,,57.0,,,5,5.51,4.51,6.71,,ok,False,cumulative_revision_km,"Kaplan-Meier (1-KM), percent",0.95,"Brands used in >=1,000 primary knee operations (multicompartmental >=100)",
NJR,"England, Wales, Northern Ireland, Isle of Man, Guernsey",2025,to 2024-12-31,uka_brand,3.K8,UKA,NJR 22nd Annual Report 2025_Knees.pdf,71,pdf_text,not_needed,Unicondylar,device,Triathlon Uni[M.Fem] Triathlon[M.Tib],Triathlon Uni,Triathlon,,,medial,,2290,,,63.0,57.0,71.0,,57.0,,,10,8.41,6.96,10.13,,ok,False,cumulative_revision_km,"Kaplan-Meier (1-KM), percent",0.95,"Brands used in >=1,000 primary knee operations (multicompartmental >=100)",
NJR,"England, Wales, Northern Ireland, Isle of Man, Guernsey",2025,to 2024-12-31,uka_brand,3.K8,UKA,NJR 22nd Annual Report 2025_Knees.pdf,71,pdf_text,not_needed,Unicondylar,device,Triathlon Uni[M.Fem] Triathlon[M.Tib],Triathlon Uni,Triathlon,,,medial,,2290,,,63.0,57.0,71.0,,57.0,,,15,14.66,10.5,20.26,,ok,True,cumulative_revision_km,"Kaplan-Meier (1-KM), percent",0.95,"Brands used in >=1,000 primary knee operations (multicompartmental >=100)",
NJR,"England, Wales, Northern Ireland, Isle of Man, Guernsey",2025,to 2024-12-31,uka_brand,3.K8,UKA,NJR 22nd Annual Report 2025_Knees.pdf,71,pdf_text,not_needed,Unicondylar,device,Triathlon Uni[M.Fem] Triathlon[M.Tib],Triathlon Uni,Triathlon,,,medial,,2290,,,63.0,57.0,71.0,,57.0,,,20,,,,,blank,False,cumulative_revision_km,"Kaplan-Meier (1-KM), percent",0.95,"Brands used in >=1,000 primary knee operations (multicompartmental >=100)",
SIRIS,Switzerland,2025,2012-09-01 to 2024-12-31,uka_system,5.15,UKA,ANQakut_SIRIS_Hips-Knee_Report_2025.pdf,178,pdf_text,not_needed,,device,Allegretto,,,,,,,1074,,,,,,70.0,,100.0,,1,0.5,0.2,1.1,,ok,False,failure_rate,"Kaplan-Meier cumulative failure (revision) rate, percent",0.95,"Primary partial knee arthroplasty systems, all diagnoses, all fixations, 2012-2024",
SIRIS,Switzerland,2025,2012-09-01 to 2024-12-31,uka_system,5.15,UKA,ANQakut_SIRIS_Hips-Knee_Report_2025.pdf,178,pdf_text,not_needed,,device,Allegretto,,,,,,,1074,,,,,,70.0,,100.0,,3,1.7,1.1,2.7,,ok,False,failure_rate,"Kaplan-Meier cumulative failure (revision) rate, percent",0.95,"Primary partial knee arthroplasty systems, all diagnoses, all fixations, 2012-2024",
SIRIS,Switzerland,2025,2012-09-01 to 2024-12-31,uka_system,5.15,UKA,ANQakut_SIRIS_Hips-Knee_Report_2025.pdf,178,pdf_text,not_needed,,device,Allegretto,,,,,,,1074,,,,,,70.0,,100.0,,5,3.2,2.3,4.5,,ok,False,failure_rate,"Kaplan-Meier cumulative failure (revision) rate, percent",0.95,"Primary partial knee arthroplasty systems, all diagnoses, all fixations, 2012-2024",
SIRIS,Switzerland,2025,2012-09-01 to 2024-12-31,uka_system,5.15,UKA,ANQakut_SIRIS_Hips-Knee_Report_2025.pdf,178,pdf_text,not_needed,,device,Allegretto,,,,,,,1074,,,,,,70.0,,100.0,,10,5.9,4.3,8.0,,ok,False,failure_rate,"Kaplan-Meier cumulative failure (revision) rate, percent",0.95,"Primary partial knee arthroplasty systems, all diagnoses, all fixations, 2012-2024",
SIRIS,Switzerland,2025,2012-09-01 to 2024-12-31,uka_system,5.15,UKA,ANQakut_SIRIS_Hips-Knee_Report_2025.pdf,178,pdf_text,not_needed,,device,Allegretto,,,,,,,1074,,,,,,70.0,,100.0,,12,5.9,4.3,8.0,,ok,False,failure_rate,"Kaplan-Meier cumulative failure (revision) rate, percent",0.95,"Primary partial knee arthroplasty systems, all diagnoses, all fixations, 2012-2024",
SIRIS,Switzerland,2025,2012-09-01 to 2024-12-31,uka_system,5.15,UKA,ANQakut_SIRIS_Hips-Knee_Report_2025.pdf,178,pdf_text,not_needed,,device,Balansys uni,,,,,,,4064,,,,,,65.0,,47.0,,1,2.2,1.8,2.7,,ok,False,failure_rate,"Kaplan-Meier cumulative failure (revision) rate, percent",0.95,"Primary partial knee arthroplasty systems, all diagnoses, all fixations, 2012-2024",
SIRIS,Switzerland,2025,2012-09-01 to 2024-12-31,uka_system,5.15,UKA,ANQakut_SIRIS_Hips-Knee_Report_2025.pdf,178,pdf_text,not_needed,,device,Balansys uni,,,,,,,4064,,,,,,65.0,,47.0,,3,5.6,4.8,6.4,,ok,False,failure_rate,"Kaplan-Meier cumulative failure (revision) rate, percent",0.95,"Primary partial knee arthroplasty systems, all diagnoses, all fixations, 2012-2024",
SIRIS,Switzerland,2025,2012-09-01 to 2024-12-31,uka_system,5.15,UKA,ANQakut_SIRIS_Hips-Knee_Report_2025.pdf,178,pdf_text,not_needed,,device,Balansys uni,,,,,,,4064,,,,,,65.0,,47.0,,5,7.0,6.1,7.9,,ok,False,failure_rate,"Kaplan-Meier cumulative failure (revision) rate, percent",0.95,"Primary partial knee arthroplasty systems, all diagnoses, all fixations, 2012-2024",
SIRIS,Switzerland,2025,2012-09-01 to 2024-12-31,uka_system,5.15,UKA,ANQakut_SIRIS_Hips-Knee_Report_2025.pdf,178,pdf_text,not_needed,,device,Balansys uni,,,,,,,4064,,,,,,65.0,,47.0,,10,11.0,9.7,12.5,,ok,False,failure_rate,"Kaplan-Meier cumulative failure (revision) rate, percent",0.95,"Primary partial knee arthroplasty systems, all diagnoses, all fixations, 2012-2024",
SIRIS,Switzerland,2025,2012-09-01 to 2024-12-31,uka_system,5.15,UKA,ANQakut_SIRIS_Hips-Knee_Report_2025.pdf,178,pdf_text,not_needed,,device,Balansys uni,,,,,,,4064,,,,,,65.0,,47.0,,12,12.2,10.5,14.1,,ok,False,failure_rate,"Kaplan-Meier cumulative failure (revision) rate, percent",0.95,"Primary partial knee arthroplasty systems, all diagnoses, all fixations, 2012-2024",
SIRIS,Switzerland,2025,2012-09-01 to 2024-12-31,uka_system,5.15,UKA,ANQakut_SIRIS_Hips-Knee_Report_2025.pdf,178,pdf_text,not_needed,,device,GMK uni,,,,,,,1852,,,,,,66.0,,21.0,,1,3.3,2.6,4.2,,ok,False,failure_rate,"Kaplan-Meier cumulative failure (revision) rate, percent",0.95,"Primary partial knee arthroplasty systems, all diagnoses, all fixations, 2012-2024",
SIRIS,Switzerland,2025,2012-09-01 to 2024-12-31,uka_system,5.15,UKA,ANQakut_SIRIS_Hips-Knee_Report_2025.pdf,178,pdf_text,not_needed,,device,GMK uni,,,,,,,1852,,,,,,66.0,,21.0,,3,7.5,6.4,8.9,,ok,False,failure_rate,"Kaplan-Meier cumulative failure (revision) rate, percent",0.95,"Primary partial knee arthroplasty systems, all diagnoses, all fixations, 2012-2024",
SIRIS,Switzerland,2025,2012-09-01 to 2024-12-31,uka_system,5.15,UKA,ANQakut_SIRIS_Hips-Knee_Report_2025.pdf,178,pdf_text,not_needed,,device,GMK uni,,,,,,,1852,,,,,,66.0,,21.0,,5,9.4,8.0,10.9,,ok,False,failure_rate,"Kaplan-Meier cumulative failure (revision) rate, percent",0.95,"Primary partial knee arthroplasty systems, all diagnoses, all fixations, 2012-2024",
SIRIS,Switzerland,2025,2012-09-01 to 2024-12-31,uka_system,5.15,UKA,ANQakut_SIRIS_Hips-Knee_Report_2025.pdf,178,pdf_text,not_needed,,device,GMK uni,,,,,,,1852,,,,,,66.0,,21.0,,10,14.0,11.8,16.5,,ok,False,failure_rate,"Kaplan-Meier cumulative failure (revision) rate, percent",0.95,"Primary partial knee arthroplasty systems, all diagnoses, all fixations, 2012-2024",
SIRIS,Switzerland,2025,2012-09-01 to 2024-12-31,uka_system,5.15,UKA,ANQakut_SIRIS_Hips-Knee_Report_2025.pdf,178,pdf_text,not_needed,,device,GMK uni,,,,,,,1852,,,,,,66.0,,21.0,,12,15.7,12.7,19.4,,ok,False,failure_rate,"Kaplan-Meier cumulative failure (revision) rate, percent",0.95,"Primary partial knee arthroplasty systems, all diagnoses, all fixations, 2012-2024",
SIRIS,Switzerland,2025,2012-09-01 to 2024-12-31,uka_system,5.15,UKA,ANQakut_SIRIS_Hips-Knee_Report_2025.pdf,178,pdf_text,not_needed,,device,Journey uni,,,,,,,1128,,,,,,63.0,,13.0,,1,3.5,2.6,4.8,,ok,False,failure_rate,"Kaplan-Meier cumulative failure (revision) rate, percent",0.95,"Primary partial knee arthroplasty systems, all diagnoses, all fixations, 2012-2024",
SIRIS,Switzerland,2025,2012-09-01 to 2024-12-31,uka_system,5.15,UKA,ANQakut_SIRIS_Hips-Knee_Report_2025.pdf,178,pdf_text,not_needed,,device,Journey uni,,,,,,,1128,,,,,,63.0,,13.0,,3,8.9,7.4,10.8,,ok,False,failure_rate,"Kaplan-Meier cumulative failure (revision) rate, percent",0.95,"Primary partial knee arthroplasty systems, all diagnoses, all fixations, 2012-2024",
SIRIS,Switzerland,2025,2012-09-01 to 2024-12-31,uka_system,5.15,UKA,ANQakut_SIRIS_Hips-Knee_Report_2025.pdf,178,pdf_text,not_needed,,device,Journey uni,,,,,,,1128,,,,,,63.0,,13.0,,5,15.8,13.6,18.3,,ok,False,failure_rate,"Kaplan-Meier cumulative failure (revision) rate, percent",0.95,"Primary partial knee arthroplasty systems, all diagnoses, all fixations, 2012-2024",
SIRIS,Switzerland,2025,2012-09-01 to 2024-12-31,uka_system,5.15,UKA,ANQakut_SIRIS_Hips-Knee_Report_2025.pdf,178,pdf_text,not_needed,,device,Journey uni,,,,,,,1128,,,,,,63.0,,13.0,,10,24.5,21.3,28.2,,ok,False,failure_rate,"Kaplan-Meier cumulative failure (revision) rate, percent",0.95,"Primary partial knee arthroplasty systems, all diagnoses, all fixations, 2012-2024",
SIRIS,Switzerland,2025,2012-09-01 to 2024-12-31,uka_system,5.15,UKA,ANQakut_SIRIS_Hips-Knee_Report_2025.pdf,178,pdf_text,not_needed,,device,Journey uni,,,,,,,1128,,,,,,63.0,,13.0,,12,25.6,22.1,29.5,,ok,False,failure_rate,"Kaplan-Meier cumulative failure (revision) rate, percent",0.95,"Primary partial knee arthroplasty systems, all diagnoses, all fixations, 2012-2024",
SIRIS,Switzerland,2025,2012-09-01 to 2024-12-31,uka_system,5.15,UKA,ANQakut_SIRIS_Hips-Knee_Report_2025.pdf,178,pdf_text,not_needed,,device,Moto,,,,,,,818,,,,,,65.0,,15.0,,1,3.4,2.3,5.1,,ok,False,failure_rate,"Kaplan-Meier cumulative failure (revision) rate, percent",0.95,"Primary partial knee arthroplasty systems, all diagnoses, all fixations, 2012-2024",
SIRIS,Switzerland,2025,2012-09-01 to 2024-12-31,uka_system,5.15,UKA,ANQakut_SIRIS_Hips-Knee_Report_2025.pdf,178,pdf_text,not_needed,,device,Moto,,,,,,,818,,,,,,65.0,,15.0,,3,5.8,4.2,8.0,,ok,False,failure_rate,"Kaplan-Meier cumulative failure (revision) rate, percent",0.95,"Primary partial knee arthroplasty systems, all diagnoses, all fixations, 2012-2024",
SIRIS,Switzerland,2025,2012-09-01 to 2024-12-31,uka_system,5.15,UKA,ANQakut_SIRIS_Hips-Knee_Report_2025.pdf,178,pdf_text,not_needed,,device,Moto,,,,,,,818,,,,,,65.0,,15.0,,5,6.9,4.9,9.7,,ok,False,failure_rate,"Kaplan-Meier cumulative failure (revision) rate, percent",0.95,"Primary partial knee arthroplasty systems, all diagnoses, all fixations, 2012-2024",
SIRIS,Switzerland,2025,2012-09-01 to 2024-12-31,uka_system,5.15,UKA,ANQakut_SIRIS_Hips-Knee_Report_2025.pdf,178,pdf_text,not_needed,,device,Moto,,,,,,,818,,,,,,65.0,,15.0,,10,,,,,blank,False,failure_rate,"Kaplan-Meier cumulative failure (revision) rate, percent",0.95,"Primary partial knee arthroplasty systems, all diagnoses, all fixations, 2012-2024",
SIRIS,Switzerland,2025,2012-09-01 to 2024-12-31,uka_system,5.15,UKA,ANQakut_SIRIS_Hips-Knee_Report_2025.pdf,178,pdf_text,not_needed,,device,Moto,,,,,,,818,,,,,,65.0,,15.0,,12,,,,,blank,False,failure_rate,"Kaplan-Meier cumulative failure (revision) rate, percent",0.95,"Primary partial knee arthroplasty systems, all diagnoses, all fixations, 2012-2024",
SIRIS,Switzerland,2025,2012-09-01 to 2024-12-31,uka_system,5.15,UKA,ANQakut_SIRIS_Hips-Knee_Report_2025.pdf,178,pdf_text,not_needed,,device,Oxford cemented/hybrid,,,,,,,4590,,,,,,66.0,,19.0,,1,2.5,2.1,3.1,,ok,False,failure_rate,"Kaplan-Meier cumulative failure (revision) rate, percent",0.95,"Primary partial knee arthroplasty systems, all diagnoses, all fixations, 2012-2024",
SIRIS,Switzerland,2025,2012-09-01 to 2024-12-31,uka_system,5.15,UKA,ANQakut_SIRIS_Hips-Knee_Report_2025.pdf,178,pdf_text,not_needed,,device,Oxford cemented/hybrid,,,,,,,4590,,,,,,66.0,,19.0,,3,5.6,5.0,6.4,,ok,False,failure_rate,"Kaplan-Meier cumulative failure (revision) rate, percent",0.95,"Primary partial knee arthroplasty systems, all diagnoses, all fixations, 2012-2024",
SIRIS,Switzerland,2025,2012-09-01 to 2024-12-31,uka_system,5.15,UKA,ANQakut_SIRIS_Hips-Knee_Report_2025.pdf,178,pdf_text,not_needed,,device,Oxford cemented/hybrid,,,,,,,4590,,,,,,66.0,,19.0,,5,7.5,6.7,8.4,,ok,False,failure_rate,"Kaplan-Meier cumulative failure (revision) rate, percent",0.95,"Primary partial knee arthroplasty systems, all diagnoses, all fixations, 2012-2024",
SIRIS,Switzerland,2025,2012-09-01 to 2024-12-31,uka_system,5.15,UKA,ANQakut_SIRIS_Hips-Knee_Report_2025.pdf,178,pdf_text,not_needed,,device,Oxford cemented/hybrid,,,,,,,4590,,,,,,66.0,,19.0,,10,12.8,11.6,14.1,,ok,False,failure_rate,"Kaplan-Meier cumulative failure (revision) rate, percent",0.95,"Primary partial knee arthroplasty systems, all diagnoses, all fixations, 2012-2024",
SIRIS,Switzerland,2025,2012-09-01 to 2024-12-31,uka_system,5.15,UKA,ANQakut_SIRIS_Hips-Knee_Report_2025.pdf,178,pdf_text,not_needed,,device,Oxford cemented/hybrid,,,,,,,4590,,,,,,66.0,,19.0,,12,16.0,14.2,18.1,,ok,False,failure_rate,"Kaplan-Meier cumulative failure (revision) rate, percent",0.95,"Primary partial knee arthroplasty systems, all diagnoses, all fixations, 2012-2024",
SIRIS,Switzerland,2025,2012-09-01 to 2024-12-31,uka_system,5.15,UKA,ANQakut_SIRIS_Hips-Knee_Report_2025.pdf,178,pdf_text,not_needed,,device,Oxford cementless,,,,,,,3434,,,,,,64.0,,10.0,,1,3.8,3.2,4.5,,ok,False,failure_rate,"Kaplan-Meier cumulative failure (revision) rate, percent",0.95,"Primary partial knee arthroplasty systems, all diagnoses, all fixations, 2012-2024",
SIRIS,Switzerland,2025,2012-09-01 to 2024-12-31,uka_system,5.15,UKA,ANQakut_SIRIS_Hips-Knee_Report_2025.pdf,178,pdf_text,not_needed,,device,Oxford cementless,,,,,,,3434,,,,,,64.0,,10.0,,3,6.7,5.9,7.7,,ok,False,failure_rate,"Kaplan-Meier cumulative failure (revision) rate, percent",0.95,"Primary partial knee arthroplasty systems, all diagnoses, all fixations, 2012-2024",
SIRIS,Switzerland,2025,2012-09-01 to 2024-12-31,uka_system,5.15,UKA,ANQakut_SIRIS_Hips-Knee_Report_2025.pdf,178,pdf_text,not_needed,,device,Oxford cementless,,,,,,,3434,,,,,,64.0,,10.0,,5,9.2,8.2,10.4,,ok,False,failure_rate,"Kaplan-Meier cumulative failure (revision) rate, percent",0.95,"Primary partial knee arthroplasty systems, all diagnoses, all fixations, 2012-2024",
SIRIS,Switzerland,2025,2012-09-01 to 2024-12-31,uka_system,5.15,UKA,ANQakut_SIRIS_Hips-Knee_Report_2025.pdf,178,pdf_text,not_needed,,device,Oxford cementless,,,,,,,3434,,,,,,64.0,,10.0,,10,14.6,12.3,17.3,,ok,False,failure_rate,"Kaplan-Meier cumulative failure (revision) rate, percent",0.95,"Primary partial knee arthroplasty systems, all diagnoses, all fixations, 2012-2024",
SIRIS,Switzerland,2025,2012-09-01 to 2024-12-31,uka_system,5.15,UKA,ANQakut_SIRIS_Hips-Knee_Report_2025.pdf,178,pdf_text,not_needed,,device,Oxford cementless,,,,,,,3434,,,,,,64.0,,10.0,,12,16.9,13.3,21.3,,ok,False,failure_rate,"Kaplan-Meier cumulative failure (revision) rate, percent",0.95,"Primary partial knee arthroplasty systems, all diagnoses, all fixations, 2012-2024",
SIRIS,Switzerland,2025,2012-09-01 to 2024-12-31,uka_system,5.15,UKA,ANQakut_SIRIS_Hips-Knee_Report_2025.pdf,178,pdf_text,not_needed,,device,Persona partial knee,,,,,,,3441,,,,,,65.0,,14.0,,1,2.0,1.6,2.6,,ok,False,failure_rate,"Kaplan-Meier cumulative failure (revision) rate, percent",0.95,"Primary partial knee arthroplasty systems, all diagnoses, all fixations, 2012-2024",
SIRIS,Switzerland,2025,2012-09-01 to 2024-12-31,uka_system,5.15,UKA,ANQakut_SIRIS_Hips-Knee_Report_2025.pdf,178,pdf_text,not_needed,,device,Persona partial knee,,,,,,,3441,,,,,,65.0,,14.0,,3,4.8,4.1,5.7,,ok,False,failure_rate,"Kaplan-Meier cumulative failure (revision) rate, percent",0.95,"Primary partial knee arthroplasty systems, all diagnoses, all fixations, 2012-2024",
SIRIS,Switzerland,2025,2012-09-01 to 2024-12-31,uka_system,5.15,UKA,ANQakut_SIRIS_Hips-Knee_Report_2025.pdf,178,pdf_text,not_needed,,device,Persona partial knee,,,,,,,3441,,,,,,65.0,,14.0,,5,6.6,5.5,7.8,,ok,False,failure_rate,"Kaplan-Meier cumulative failure (revision) rate, percent",0.95,"Primary partial knee arthroplasty systems, all diagnoses, all fixations, 2012-2024",
SIRIS,Switzerland,2025,2012-09-01 to 2024-12-31,uka_system,5.15,UKA,ANQakut_SIRIS_Hips-Knee_Report_2025.pdf,178,pdf_text,not_needed,,device,Persona partial knee,,,,,,,3441,,,,,,65.0,,14.0,,10,,,,,blank,False,failure_rate,"Kaplan-Meier cumulative failure (revision) rate, percent",0.95,"Primary partial knee arthroplasty systems, all diagnoses, all fixations, 2012-2024",
SIRIS,Switzerland,2025,2012-09-01 to 2024-12-31,uka_system,5.15,UKA,ANQakut_SIRIS_Hips-Knee_Report_2025.pdf,178,pdf_text,not_needed,,device,Persona partial knee,,,,,,,3441,,,,,,65.0,,14.0,,12,,,,,blank,False,failure_rate,"Kaplan-Meier cumulative failure (revision) rate, percent",0.95,"Primary partial knee arthroplasty systems, all diagnoses, all fixations, 2012-2024",
SIRIS,Switzerland,2025,2012-09-01 to 2024-12-31,uka_system,5.15,UKA,ANQakut_SIRIS_Hips-Knee_Report_2025.pdf,178,pdf_text,not_needed,,device,Physica ZUK,,,,,,,4477,,,,,,65.0,,20.0,,1,1.9,1.5,2.4,,ok,False,failure_rate,"Kaplan-Meier cumulative failure (revision) rate, percent",0.95,"Primary partial knee arthroplasty systems, all diagnoses, all fixations, 2012-2024",
SIRIS,Switzerland,2025,2012-09-01 to 2024-12-31,uka_system,5.15,UKA,ANQakut_SIRIS_Hips-Knee_Report_2025.pdf,178,pdf_text,not_needed,,device,Physica ZUK,,,,,,,4477,,,,,,65.0,,20.0,,3,5.5,4.8,6.3,,ok,False,failure_rate,"Kaplan-Meier cumulative failure (revision) rate, percent",0.95,"Primary partial knee arthroplasty systems, all diagnoses, all fixations, 2012-2024",
SIRIS,Switzerland,2025,2012-09-01 to 2024-12-31,uka_system,5.15,UKA,ANQakut_SIRIS_Hips-Knee_Report_2025.pdf,178,pdf_text,not_needed,,device,Physica ZUK,,,,,,,4477,,,,,,65.0,,20.0,,5,7.0,6.2,7.9,,ok,False,failure_rate,"Kaplan-Meier cumulative failure (revision) rate, percent",0.95,"Primary partial knee arthroplasty systems, all diagnoses, all fixations, 2012-2024",
SIRIS,Switzerland,2025,2012-09-01 to 2024-12-31,uka_system,5.15,UKA,ANQakut_SIRIS_Hips-Knee_Report_2025.pdf,178,pdf_text,not_needed,,device,Physica ZUK,,,,,,,4477,,,,,,65.0,,20.0,,10,11.8,10.6,13.2,,ok,False,failure_rate,"Kaplan-Meier cumulative failure (revision) rate, percent",0.95,"Primary partial knee arthroplasty systems, all diagnoses, all fixations, 2012-2024",
SIRIS,Switzerland,2025,2012-09-01 to 2024-12-31,uka_system,5.15,UKA,ANQakut_SIRIS_Hips-Knee_Report_2025.pdf,178,pdf_text,not_needed,,device,Physica ZUK,,,,,,,4477,,,,,,65.0,,20.0,,12,14.7,12.8,16.8,,ok,False,failure_rate,"Kaplan-Meier cumulative failure (revision) rate, percent",0.95,"Primary partial knee arthroplasty systems, all diagnoses, all fixations, 2012-2024",
SIRIS,Switzerland,2025,2012-09-01 to 2024-12-31,uka_system,5.15,UKA,ANQakut_SIRIS_Hips-Knee_Report_2025.pdf,178,pdf_text,not_needed,,device,Restoris MCK,,,,,,,1080,,,,,,65.0,,48.0,,1,1.2,0.7,2.2,,ok,False,failure_rate,"Kaplan-Meier cumulative failure (revision) rate, percent",0.95,"Primary partial knee arthroplasty systems, all diagnoses, all fixations, 2012-2024",
SIRIS,Switzerland,2025,2012-09-01 to 2024-12-31,uka_system,5.15,UKA,ANQakut_SIRIS_Hips-Knee_Report_2025.pdf,178,pdf_text,not_needed,,device,Restoris MCK,,,,,,,1080,,,,,,65.0,,48.0,,3,3.0,2.0,4.5,,ok,False,failure_rate,"Kaplan-Meier cumulative failure (revision) rate, percent",0.95,"Primary partial knee arthroplasty systems, all diagnoses, all fixations, 2012-2024",
SIRIS,Switzerland,2025,2012-09-01 to 2024-12-31,uka_system,5.15,UKA,ANQakut_SIRIS_Hips-Knee_Report_2025.pdf,178,pdf_text,not_needed,,device,Restoris MCK,,,,,,,1080,,,,,,65.0,,48.0,,5,4.2,2.7,6.4,,ok,False,failure_rate,"Kaplan-Meier cumulative failure (revision) rate, percent",0.95,"Primary partial knee arthroplasty systems, all diagnoses, all fixations, 2012-2024",
SIRIS,Switzerland,2025,2012-09-01 to 2024-12-31,uka_system,5.15,UKA,ANQakut_SIRIS_Hips-Knee_Report_2025.pdf,178,pdf_text,not_needed,,device,Restoris MCK,,,,,,,1080,,,,,,65.0,,48.0,,10,,,,,blank,False,failure_rate,"Kaplan-Meier cumulative failure (revision) rate, percent",0.95,"Primary partial knee arthroplasty systems, all diagnoses, all fixations, 2012-2024",
SIRIS,Switzerland,2025,2012-09-01 to 2024-12-31,uka_system,5.15,UKA,ANQakut_SIRIS_Hips-Knee_Report_2025.pdf,178,pdf_text,not_needed,,device,Restoris MCK,,,,,,,1080,,,,,,65.0,,48.0,,12,,,,,blank,False,failure_rate,"Kaplan-Meier cumulative failure (revision) rate, percent",0.95,"Primary partial knee arthroplasty systems, all diagnoses, all fixations, 2012-2024",
SIRIS,Switzerland,2025,2012-09-01 to 2024-12-31,uka_system,5.15,UKA,ANQakut_SIRIS_Hips-Knee_Report_2025.pdf,178,pdf_text,not_needed,,device,Sigma partial knee,,,,,,,6013,,,,,,65.0,,18.0,,1,2.2,1.8,2.6,,ok,False,failure_rate,"Kaplan-Meier cumulative failure (revision) rate, percent",0.95,"Primary partial knee arthroplasty systems, all diagnoses, all fixations, 2012-2024",
SIRIS,Switzerland,2025,2012-09-01 to 2024-12-31,uka_system,5.15,UKA,ANQakut_SIRIS_Hips-Knee_Report_2025.pdf,178,pdf_text,not_needed,,device,Sigma partial knee,,,,,,,6013,,,,,,65.0,,18.0,,3,5.4,4.8,6.0,,ok,False,failure_rate,"Kaplan-Meier cumulative failure (revision) rate, percent",0.95,"Primary partial knee arthroplasty systems, all diagnoses, all fixations, 2012-2024",
SIRIS,Switzerland,2025,2012-09-01 to 2024-12-31,uka_system,5.15,UKA,ANQakut_SIRIS_Hips-Knee_Report_2025.pdf,178,pdf_text,not_needed,,device,Sigma partial knee,,,,,,,6013,,,,,,65.0,,18.0,,5,6.9,6.2,7.6,,ok,False,failure_rate,"Kaplan-Meier cumulative failure (revision) rate, percent",0.95,"Primary partial knee arthroplasty systems, all diagnoses, all fixations, 2012-2024",
SIRIS,Switzerland,2025,2012-09-01 to 2024-12-31,uka_system,5.15,UKA,ANQakut_SIRIS_Hips-Knee_Report_2025.pdf,178,pdf_text,not_needed,,device,Sigma partial knee,,,,,,,6013,,,,,,65.0,,18.0,,10,9.7,8.6,10.9,,ok,False,failure_rate,"Kaplan-Meier cumulative failure (revision) rate, percent",0.95,"Primary partial knee arthroplasty systems, all diagnoses, all fixations, 2012-2024",
SIRIS,Switzerland,2025,2012-09-01 to 2024-12-31,uka_system,5.15,UKA,ANQakut_SIRIS_Hips-Knee_Report_2025.pdf,178,pdf_text,not_needed,,device,Sigma partial knee,,,,,,,6013,,,,,,65.0,,18.0,,12,11.2,9.7,12.9,,ok,False,failure_rate,"Kaplan-Meier cumulative failure (revision) rate, percent",0.95,"Primary partial knee arthroplasty systems, all diagnoses, all fixations, 2012-2024",
SIRIS,Switzerland,2025,2012-09-01 to 2024-12-31,uka_system,5.15,UKA,ANQakut_SIRIS_Hips-Knee_Report_2025.pdf,178,pdf_text,not_needed,,other,Other systems,,,,,,,1436,,,,,,64.0,,,,1,3.5,2.7,4.6,,ok,False,failure_rate,"Kaplan-Meier cumulative failure (revision) rate, percent",0.95,"Primary partial knee arthroplasty systems, all diagnoses, all fixations, 2012-2024",
SIRIS,Switzerland,2025,2012-09-01 to 2024-12-31,uka_system,5.15,UKA,ANQakut_SIRIS_Hips-Knee_Report_2025.pdf,178,pdf_text,not_needed,,other,Other systems,,,,,,,1436,,,,,,64.0,,,,3,8.0,6.6,9.6,,ok,False,failure_rate,"Kaplan-Meier cumulative failure (revision) rate, percent",0.95,"Primary partial knee arthroplasty systems, all diagnoses, all fixations, 2012-2024",
SIRIS,Switzerland,2025,2012-09-01 to 2024-12-31,uka_system,5.15,UKA,ANQakut_SIRIS_Hips-Knee_Report_2025.pdf,178,pdf_text,not_needed,,other,Other systems,,,,,,,1436,,,,,,64.0,,,,5,10.7,9.0,12.7,,ok,False,failure_rate,"Kaplan-Meier cumulative failure (revision) rate, percent",0.95,"Primary partial knee arthroplasty systems, all diagnoses, all fixations, 2012-2024",
SIRIS,Switzerland,2025,2012-09-01 to 2024-12-31,uka_system,5.15,UKA,ANQakut_SIRIS_Hips-Knee_Report_2025.pdf,178,pdf_text,not_needed,,other,Other systems,,,,,,,1436,,,,,,64.0,,,,10,19.0,15.8,22.8,,ok,False,failure_rate,"Kaplan-Meier cumulative failure (revision) rate, percent",0.95,"Primary partial knee arthroplasty systems, all diagnoses, all fixations, 2012-2024",
SIRIS,Switzerland,2025,2012-09-01 to 2024-12-31,uka_system,5.15,UKA,ANQakut_SIRIS_Hips-Knee_Report_2025.pdf,178,pdf_text,not_needed,,other,Other systems,,,,,,,1436,,,,,,64.0,,,,12,19.7,16.3,23.7,,ok,False,failure_rate,"Kaplan-Meier cumulative failure (revision) rate, percent",0.95,"Primary partial knee arthroplasty systems, all diagnoses, all fixations, 2012-2024",
SIRIS,Switzerland,2025,2012-09-01 to 2024-12-31,uka_system,5.15,UKA,ANQakut_SIRIS_Hips-Knee_Report_2025.pdf,178,pdf_text,not_needed,,average,CH average for group,,,,,,,,,,,,,,,,,1,2.5,2.3,2.6,,ok,False,failure_rate,"Kaplan-Meier cumulative failure (revision) rate, percent",0.95,"Primary partial knee arthroplasty systems, all diagnoses, all fixations, 2012-2024",
SIRIS,Switzerland,2025,2012-09-01 to 2024-12-31,uka_system,5.15,UKA,ANQakut_SIRIS_Hips-Knee_Report_2025.pdf,178,pdf_text,not_needed,,average,CH average for group,,,,,,,,,,,,,,,,,3,5.7,5.5,6.0,,ok,False,failure_rate,"Kaplan-Meier cumulative failure (revision) rate, percent",0.95,"Primary partial knee arthroplasty systems, all diagnoses, all fixations, 2012-2024",
SIRIS,Switzerland,2025,2012-09-01 to 2024-12-31,uka_system,5.15,UKA,ANQakut_SIRIS_Hips-Knee_Report_2025.pdf,178,pdf_text,not_needed,,average,CH average for group,,,,,,,,,,,,,,,,,5,7.7,7.4,8.1,,ok,False,failure_rate,"Kaplan-Meier cumulative failure (revision) rate, percent",0.95,"Primary partial knee arthroplasty systems, all diagnoses, all fixations, 2012-2024",
SIRIS,Switzerland,2025,2012-09-01 to 2024-12-31,uka_system,5.15,UKA,ANQakut_SIRIS_Hips-Knee_Report_2025.pdf,178,pdf_text,not_needed,,average,CH average for group,,,,,,,,,,,,,,,,,10,12.4,11.9,13.0,,ok,False,failure_rate,"Kaplan-Meier cumulative failure (revision) rate, percent",0.95,"Primary partial knee arthroplasty systems, all diagnoses, all fixations, 2012-2024",
SIRIS,Switzerland,2025,2012-09-01 to 2024-12-31,uka_system,5.15,UKA,ANQakut_SIRIS_Hips-Knee_Report_2025.pdf,178,pdf_text,not_needed,,average,CH average for group,,,,,,,,,,,,,,,,,12,14.5,13.7,15.3,,ok,False,failure_rate,"Kaplan-Meier cumulative failure (revision) rate, percent",0.95,"Primary partial knee arthroplasty systems, all diagnoses, all fixations, 2012-2024",
